:020000041000EA
:10000000002008205B0100101B0100101D010010E2
:100010001101001011010010110100101101001058
:100020001901001019010010190100101F01001022
:10003000110100101901001021010010230100100E
:100040001101001011010010110100101101001028
:100050001101001011010010110100101101001018
:100060001101001011010010110100101101001008
:1000700011010010110100101101001011010010F8
:1000800011010010110100101101001011010010E8
:1000900011010010110100101101001011010010D8
:1000A00011010010110100101101001011010010C8
:1000B00011010010110100101101001011010010B8
:1000C00011010010110100101101001011010010A8
:1000D0001101001011010010110100101101001098
:1000E0001101001011010010110100101101001088
:1000F0001101001011010010110100101101001078
:100100001101001011010010110100101101001067
:10011000EFF30580103800BE00BE00BE00BE00BE7A
:1001200000BE00BEF2EB8871CC300110EC30011043
:100130009C01001090A31AE7D3DEFFFF42012110BB
:10014000FF01000044460100793512AB00201E4932
:10015000086006C881F3088810474FF050400068D7
:1001600008B10020F3E70DA40ECC002902D000F066
:1001700012F8F9E71549164A002000E001C1914242
:10018000FCD114498847144988471449884700BE60
:10019000FDE701C901C29A42FBD37047EC30011060
:1001A00010010020A01700207C470110000008204B
:1001B000000008207C4701100010082000100820D3
:1001C000000000007047000008ED00E0A0170020CC
:1001D000D884022081310010E10100107931001033
:1001E00008B505F051FCFCE74FF4807C0C4B00B5E2
:1001F00053F8202003EB8003C00082F0400200F19E
:10020000804003F5805E02F0C00200F5203003F567
:100210004053CEF800204160C3F800C000BD00BFCD
:1002200004800340DFF81CC0C90041EA82015CF889
:1002300020200CEB8003514003F5805301F00C01AA
:1002400019607047048003404FF0000300B543EC91
:10025000440043EC40004FF0050E4FF4807C0C4B03
:10026000C20053F8201003EB800081F0400102F13E
:10027000804303F5203301F0C00200F5805100F502
:1002800040500A60C3F804E0C0F800C000BD00BFE1
:10029000048003400FB400B5084883B003F0DEF8D3
:1002A000049B3BB105A91846019102F049FF04489F
:1002B00003F0D4F8012002F05BFF00BFE8EF00106C
:1002C00088F1001070B51646EFF3108472B6DFF8AF
:1002D00048E0DEE8CF2F0123002AFAD1CEE8423FE2
:1002E000002AF6D1BFF35F8F012301F0070CCA0883
:1002F00003FA0CF310F802C01CEA030508D14CEA1B
:10030000030C00F802C0CEE88F5F84F3108870BD44
:100310003046FFF7BFFF00BF3B1D0020F8B50F467A
:100320001946EFF3108672B61C4DD5E8CF4F012366
:10033000002CFAD1C5E8443F002CF6D1BFF35F8F03
:100340008A421BD8012402E00132914222D3D30811
:1003500010F803E002F0070C04FA0CFC1EEA0C0F84
:10036000F2D14EEA0C0E00F803E010460023C5E877
:100370008F3F86F31088984207DBF8BD0023C5E85D
:100380008F3F86F310884FF0FF30002FF5D006988E
:10039000FFF780FF4FF0FF30E8E700BF3B1D002074
:1003A000044A1078431CDBB2182B28BF10231370AB
:1003B000704700BFB816002000B5DFF81CC083B03E
:1003C00001461F231822CDF800C00248FFF7A6FF00
:1003D00003B000BD20240020F8EF00104FF0E02211
:1003E000936843F000539360704700BF0021044BB3
:1003F00003F12002C3E88F1F01339342FAD1704703
:10040000301D00204FF0E0234FF08032C3F800246D
:10041000C3F80424C3F80824C3F80C24C3F8102438
:10042000C3F81424C3F81824C3F81C24C3F82024E8
:10043000C3F82424C3F82824C3F82C24C3F8302498
:1004400062B67047012300F01F029340400941B19A
:10045000800000F1604000F56140C0F88031036029
:100460007047024A203042F82030704700E100E037
:100470000123064A410952F8212000F01F00834061
:10048000134214BF01200020704700BF00E100E0CC
:1004900001224309034900F01F008240403341F824
:1004A0002320704700E100E0054A10309268054BB8
:1004B00052F82000C01A47288CBF00200120704746
:1004C00000ED00E0BC16002008B5EFF3108E72B608
:1004D000134BD3E8CFCF0122BCF1000FF9D1C3E811
:1004E0004C2FBCF1000FF4D1BFF35F8F0D4A1030D9
:1004F0009268DFF834C052F82020624501D0914262
:100500000BD1084A926842F82010BFF35F8F002297
:10051000C3E88F2F8EF3108808BD00F0DBFF00BF0B
:10052000391D002000ED00E0110100102DE9F84F09
:100530008B461146EFF3108872B6664FD7E8CF2F7F
:100540000123002AFAD1C7E8423F002AF6D1BFF3BF
:100550005F8F614B93F90040002CC0F2B88000F12E
:1005600010055E4804EB440900EB890296794FEAD6
:1005700089091E705A4B9B6853F82560331A472B24
:1005800035D826F0010E9EF807308B4209D86FE06F
:100590000CEB4C0300EB830393F807A08A4551D979
:1005A0009E469EF906C0BCF1000FF1DA4BF60159E8
:1005B0000EF1040A131FA3EB0A03C3F34A036FEA05
:1005C000C3436FEAD3438EF80640DFF820A104EB63
:1005D000440400EB8402AEF8043040F824A0A2F8F2
:1005E000049082F806C0D171C2F808B01DE03D4BFE
:1005F0009E426CD13C4BD17109F102010144043B94
:100600005B1AC3F34A036FEAC3434FF421416FEA15
:10061000D34320F809105380FF214BF60153C2F851
:1006200008B09171938042F001062D4B9B6843F80E
:100630002560BFF35F8F0023C7E88F3F88F31088E2
:10064000BDE8F88FF2466FF00703A3EB09033AF811
:10065000049F1B1A49F30A0909F102090AEB490927
:100660009944C9F34A096FEAC9496FEAD949A1E730
:100670006FF00703D1711C4909F1020404440439E5
:10068000091BA3EB0903C1F34A011B1A6FEAC1411D
:100690007344C3F34A036FEAC3436FEAD1414FF493
:1006A00021466FEAD3435180104920F809609380B6
:1006B0004AF6AA2473461B1A5B415C43240DC2F818
:1006C00008B0947142F00106CEF80010ADE700F0DA
:1006D00001FF00BF391D0020D2840220BC1600207B
:1006E00000ED00E0110100100417002001488047D0
:1006F0002DE9F041EFF30583DBB29E46EFF3108561
:1007000072B62F49D1E8CF2F0123002AFAD1C1E8D0
:10071000423F002AF6D1BFF35F8FDFF8B48040F08C
:100720000106D8F808704AF6AA2357F82E70044636
:10073000244AA41A644163431B0DB7425BB226D01E
:1007400092F906409C4228D092F912409C422FD048
:1007500092F91E409C422DD092F92A409C422BD007
:1007600092F936409C4229D092F942409C4208BFFF
:10077000052413D0144A002492F800C0137080F8A6
:1007800006C0C1E88F4F85F31088BDE8F081D8F826
:1007900008200E4C42F82E40ECE7002404EB440401
:1007A00002EB8402FF2494714BF601549480E1E73C
:1007B0000124F3E70224F1E70324EFE70424EDE743
:1007C000391D0020BC160020D28402201101001027
:1007D00000ED00E000B5DFF824C083B0014605233A
:1007E0000022CDF800C00448FFF798FD0028A8BFFC
:1007F000C0F1330003B000BDD784022014F0001014
:10080000014B0B4403607047301D002070B5104C45
:10081000104DAC420ED2FF26236863B1FFF7C0FD36
:1008200001462046FFF7ECFFA680BFF35F8F083438
:10083000AC42F1D370BDFFF7B3FD01462046FFF790
:10084000DFFF2671BFF35F8F0834AC42E4D370BD85
:1008500098170020A017002010B50446FFF7A0FD50
:1008600001462046FFF7CCFFFF232371BFF35F8FC4
:1008700010BD00BF10B504460120FFF79DFD034BDE
:1008800003442360BFF35F8F10BD00BF301D002005
:10089000024B0B440360BFF35F8F7047301D002095
:1008A00010490B68EFF3108072B6D3E8CFCF012266
:1008B000BCF1000FF9D1C3E84C2FBCF1000FF4D10B
:1008C000BFF35F8F084A4FF0000C137809680133BB
:1008D0001370C1E88FCF80F3108840BF0020002143
:1008E000704700BF98840220D484022000000000DA
:1008F0002DE9F04F2DED028B85B0EFF30583DBB2D0
:10090000103B9A0818BF01224FF0010103F0030BBE
:1009100018BFA94CA94B08BFA94C0BEB820253F896
:10092000225001FA0BF204F541539FEDA18B029284
:100930005A602FE0AB88190440F19480AB79002B0A
:1009400040F0DE80B5F90860002EC0F21C816B69B2
:1009500006EB460603EBC603D3E90267B7F1FF3F98
:1009600008BFB6F1FF3F0ED004EB8B01A36A0A6902
:10097000D21AF31A934205D30123226A03FA0BF326
:10098000134200D10E61204600F0EEFBB042B941A7
:10099000C0F2F980B5F90860029B002EE363C9DB61
:1009A000D5F8149006EB460A09EBCA07BB68204647
:1009B000D7F80C80019300F0D7FB019B984271EBB4
:1009C0000801B7DBB8F1000FC0F2C080D7E90431ED
:1009D0007C4A934200F0F8807A88B5F9080092B218
:1009E00042EA0040984702460B4652EA030100F0F3
:1009F000AD80002B80F2CD800199B1EB020E68EB47
:100A0000030839F93A30C7E902E8002B92DB68693C
:100A100003EB430200EBC202D2E90271BE4578EB60
:100A2000010C4FEA430285DBAC462CF8083F06E098
:100A300003EB430100EBC1015A00D1E90271BE454D
:100A400078EB01011A4405DB30F9323000EBC20CBF
:100A5000002BEDDA29F83A30ACF80060AB881904C5
:100A60003FF56CAF2B69EFF3108272B6D3E8CF0F6E
:100A700001210028FAD1C3E8401F0028F6D1BFF3B6
:100A80005F8F4FF6FF76A8880023296900B2AE80F9
:100A9000C1E88F3F82F310889842FFF64FAF0746B8
:100AA000A1466E6905F10808B5F9083007EB470E55
:100AB000002BC44606EBCE0215DBD2E90240AA4663
:100AC000019704E036F935309446002B09DB03EB3F
:100AD000430506EBC502D2E90271BC4270EB01018D
:100AE000F0DA5546019FACF8007036F93E7026F8F2
:100AF0003E30002FD8DAAB794C46002B3FF422AFC2
:100B00000023AB71B5F90860721C33463BD06869AD
:100B100005F1080E03E08E465A1C3FF415AF03EBB7
:100B2000430200EBC2014F889C463F0430F932304B
:100B3000F1D5664581ED028BEED0AEF80030298903
:100B4000664620F83210A5F808C0E5E739F83A30D3
:100B50002B812B69EFF3108272B6D3E8CF0F0121FE
:100B60000028FAD1C3E8401F0028F6D1BFF35F8FF9
:100B70006B88296929F83A3000236E80C1E88F3FDD
:100B800082F31088D6E640BF05B0BDEC028BBDE80D
:100B9000F08F20460393019200F0E6FA019A039B3E
:100BA00010EB020E43EB01082BE700BFAFF3008010
:100BB000FFFFFFFFFFFFFFFF00800B40408402208C
:100BC00000000B40F108001008460B69039198479C
:100BD0000028BBD00399D1E9002306E738B5384B8C
:100BE0001C692CB1BDE838400A213648FFF708BE21
:100BF0000321354800F0A6FA334D314BDD60FFF795
:100C0000CFFB324A4FF0504E024403202C4B4FF0A2
:100C10000F0C18701A61DEF800204FF6FF715A7041
:100C20005A69A3F802C014834FF00204A2F84840A6
:100C30004FF00404A2F878404FF00504A2F8904069
:100C40004FF00604A2F8A8404FF00704A2F8C040F5
:100C50004FF00904A2F8F0404FF00A04A2F808414E
:100C60004FF00B04A2F820414FF00C04A2F83841D9
:100C70004FF0010414864FF00804A2F8D840144C39
:100C80004FF00D0E4FF00E0C9C6008249980A2F8D6
:100C900050E1A2F868C1A2F8600011800D4A2C62F0
:100CA0000D49D360FFF710FC01210320FFF7CAFBB9
:100CB0000A4B0A211C640348BDE83840FFF7A0BD79
:100CC000281700209884022000000B40301D0020CF
:100CD000FFFF100040840220F108001000200B40AC
:100CE0000048704728170020F0B583B09DF82840D1
:100CF0001D46034654B9CDE9000200F03DFA019AC1
:100D0000009B824265EB0101A1425BDB1969EFF3B5
:100D1000108072B6D1E8CF6F0124002EFAD1C1E85D
:100D2000464F002EF6D1BFF35F8FB3F902401F6923
:100D3000002C3EDBD3F814C004EB440E3CF83E100C
:100D4000002659800CEBCE01C7E88F6F80F3108826
:100D50004888C1E902250130C0F30E00012838BFE0
:100D60000120089A48800A61099A40EA04404A61D1
:100D70001A69EFF3108172B6D2E8CF7F0125002FF8
:100D8000FAD1C2E8475F002FF6D1BFF35F8F9A8890
:100D90002CF83E201A699C80C2E88F6F81F310887E
:100DA00001211C78DA68A14002F50153596003B0B3
:100DB000F0BD0023C7E88F3F80F310884FF0FF306D
:100DC00003B0F0BD204603B0F0BD00BFF0B516463D
:100DD0001F4602690346EFF3108072B6D2E8CF4F88
:100DE0000121002CFAD1C2E8441F002CF6D1BFF338
:100DF0005F8FB3F902101D69002945DBD3F814E0B9
:100E000001EB41023EF832400EEBC20C5C80002444
:100E1000C5E88F4F80F3108805983546CCF8100050
:100E200006983E46CCF81400BCF80200CCE9025605
:100E30000130C0F30E00012838BF0120ACF80200D9
:100E400040EA0140D3F810C0EFF3108572B6DCE839
:100E5000CF7F0126002FFAD1CCE8476F002FF6D1C3
:100E6000BFF35F8FB3F804C02EF832C099801A69BF
:100E7000C2E88F4F85F3108801211C78DA68A14001
:100E800002F501535960F0BD0023C5E88F3F80F3A0
:100E900010884FF0FF30F0BD03464089B0EB214F82
:100EA0003ADD58690A1402EB420210B5D3F810C0BB
:100EB00000EBC200EFF3108E72B6DCE8CF4F0122D8
:100EC000002CFAD1CCE8442F002CF6D1BFF35F8F71
:100ED000428889B292B28A4207D000221B69C3E8D5
:100EE0008F2F8EF31088002010BD6FEA42426FEA08
:100EF000524242800121002218699971C0E88F2F67
:100F00008EF3108893F800C0DA68084602F50153A2
:100F100001FA0CF1596010BD00207047407870470D
:100F20002DE9F04383B0064600F026F94FF47A73BA
:100F300004464FF0FF306FF00042E6FB0341A04251
:100F400072EB01033ABF044615460D46A61F45F154
:100F5000FF37B44275EB07033CBF0026374600F06D
:100F60000BF9301A67EB0101012871F1000106DA73
:100F70002046294603B0BDE8F04300F007B900F071
:100F8000FBF8864267EB010100290ADB00211D4BBB
:100F9000324600931C483B460191FFF717FF013092
:100FA000E6D04FF0000E194ADFF868C01849536ABE
:100FB0009F4204D8906AB042DAD29F42D8D1DCF87E
:100FC0000030EFF3108072B6D3E8CF9F5FF00108D6
:100FD000B9F1000FF8D1C3E8498FB9F1000FF3D18F
:100FE000BFF35F8F0B785FFA83F8DCF80030C3E85B
:100FF0008FEF80F310880878804500D120BF20BF94
:10100000D5E700BFA10800102817002000000B4002
:10101000D484022098840220F0B5024685B0EFF314
:101020000585EDB2002D61D10B46424CD4E900019B
:10103000994208BF90424AD0CDE902233E4BDF6877
:101040001E78384600F090F806F1040C57F82CC0D2
:10105000029A039BACEB000C101A63EB0101604594
:1010600071F1000133DACDE9022300F085F8029A2C
:10107000039B824263EB0101002949DB2F492E4883
:1010800000910195CDE90232FFF7A0FEDDE90232C1
:10109000011E3DDD2A48C4E90023446A9C4246D330
:1010A000806A904241D32448CDE90232FFF7F4FE32
:1010B0002349029B486A98421CD314BF0120002098
:1010C0008B6A039A934228BF40F001000CE020BFD6
:1010D0001B49486A98420DD314BF012000208B6A37
:1010E000934228BF40F0010005B0F0BD1448436AA8
:1010F0008B4202D2002005B0F0BD14BF01230023B3
:10110000816A914234BF184643F0010005B0F0BD3A
:101110000B49486A9842EDD3C01A18BF01208B6A68
:10112000934228BF40F00100DEE79C42BBD120BFC4
:10113000B9E700BF2017002028170020A1080010E1
:1011400000000B4010B4054B054C064AA04214BFEA
:101150001846581C10BCFFF7B5B800BF2424002067
:1011600000800B4030F000100346416A0A46986A3E
:10117000596A8A42FAD17047034B596A0A46986AFB
:10118000596A9142FAD1704700000B40074A536AEE
:101190009942FCD8994207D1044B02E05A6A914225
:1011A00002D19A6A9042F9D8704700BF00000B4004
:1011B00000EB400C4FEA8C0C0CF1804C0CF5803CA1
:1011C00070B51E46DCF80430041FB3F5803F38BF0D
:1011D0004FF48033E4B238BFCCF80430012C2ED960
:1011E0004FF40065284B0CF5405ECEF8005053F8E4
:1011F00020E0BEF1000F17D1DCF800E0012C8EEAF0
:10120000421202F0E0020CF5805ECEF800202BD9ED
:101210004FF4006143F820604FF480330CF5005226
:101220001160CCF8043070BD5D69B5FBFEFE0EF1B7
:10123000010E0EEB4E0EBEF1030EFCD2DCE70129CF
:10124000CED103240CF540531C60DCF80830DB07DA
:10125000FBD5DCF800300CF5805E83EA421303F026
:10126000E003CEF80030084B0122DCF800404C408F
:1012700004F00304CEF8004002FA01F1DCF8082083
:101280000A42FBD0C4E700BF28240020014B53F8DA
:10129000200070472824002010B5029C8E464FEA9B
:1012A000043C4CEA034C1C4BB3FBF1F30168B2FB6A
:1012B000F3F4002920DB194A194B904214BF4FF474
:1012C00080424FF4004217491A6003F580531A60B8
:1012D0008B6832EA0303FBD1212200F5405304332B
:1012E000C0F800E084601A600268002AFCDA082274
:1012F000C0F80CC01A6010BD036803F03F037345CB
:10130000D9D18368C3F30B03A342D4D1C36803F4D8
:10131000EE236345CFD110BD001BB7000080054010
:1013200000200240000002404FF0804C214B00B5ED
:10133000C3F800C0002839D0DFF888C0A3F54053B7
:10134000C3F81CC0DFF880C040F0010080EA0C0C3C
:10135000C3F820C0596298624FF0804E4FF0E061B0
:10136000144B1548DFF864C0C3F800E0C0F808C0AB
:1013700019602AB94FF00042A3F580531A6000BDEE
:101380004FF47A7303FB02F2B2F1807F2ABF6FF051
:101390007F4313461A464FF08041DFF834C00748B8
:1013A000CCF80030064B4260196000BD034BD86199
:1013B000D2E700BF00B00D4000A0014000800D400A
:1013C00000A00D40D3C007B02D3FF84FF3FFFF0141
:1013D0009C290020012300EB4000800000F18040A8
:1013E00000F5841041600360704700BF4FF0000CAF
:1013F00030B5134683B004460D46BCF816200021D4
:1014000041E800F101934B0254BF1021042144F242
:101410005220904786462A460A212046F446019BE0
:1014200003B0BDE8304060470023DB8A002242E879
:1014300000F2520201D4102118470421184700BFBE
:10144000002808B50EDB52B941F020010023DB7CF7
:10145000022B0AD002464FF48170FFF7C7FF41F01C
:101460003001F3E78B06F5D5F0E702464FF49170B3
:10147000FFF7BCFF034AD2F82838002BFBD0BFF39C
:101480005F8F704700000E400021044B044ABFF3F9
:101490005F8F43F8041B9342F9D170470C080E404C
:1014A0002C080E404FF42A6C4FF48D70054A064B01
:1014B0000649C2F800C0D06019605368002BFCDAFE
:1014C000704700BF0080044000A0044000B0FA0054
:1014D000704700BF08B50148FEF7DCFE54F000106D
:1014E00038B5054C054DAC4204D254F8043B98473E
:1014F000AC42FAD338BD00BFA0EF0010E0EF0010FF
:101500000648DFF828C0064B064A0749C0F800C065
:101510001A608B6832EA0303FBD170470020024057
:1015200000300240F6FFF303000002407F3BEFEF84
:10153000044BDB6CB3F5004F03D14FF48022024B18
:10154000DA64704700001150002011504FF0E02283
:10155000044BD2F8881D0B43C2F8883D10EE3004CE
:10156000704700BF030330006FF06041044B054A31
:1015700019609368DB4333F06043FAD1704700BFD2
:10158000003002400000024010B545F25320FFF742
:101590004BFFBDE8104003460420184710B545F244
:1015A0005320FFF741FFBDE81040034601201847D4
:1015B000FEF71CBF1349144B70B55C1AA508442DE7
:1015C0002A4628BF4422114E920030460DF0D8FC26
:1015D000432D13D80E4A0FD0C5F1440033194108EA
:1015E00003EBC101C3E9002208338B42FAD1C307E0
:1015F00004D520F00100054446F82520054B9E60E7
:1016000070BD00BF0000001010010010000000209D
:101610001101001000ED00E0002370B52B4C82B0EA
:10162000C4F88430FFF73EFF0122294BDA63636C74
:10163000012BFCD10321264A244B11639C6B012C06
:10164000FCD10226052521460523224A2248009680
:10165000FFF722FE21462B46204A21480095FFF73E
:101660001BFE0022042031461E4BFFF7A1FD214640
:10167000284600221C4BFFF79BFD00220820114644
:101680001A4BFFF795FD002209201146174BFFF773
:101690008FFD002206201146134BFFF789FD002223
:1016A000114B07201146FFF783FD0420FFF7EEFDE5
:1016B00000240F4BA3FB0035AD0CE0B229460134EA
:1016C000FFF788FE062CF8D102B070BD0000014083
:1016D00000300140002F685900000540008C86470B
:1016E00000800540001BB70080D1F008006CDC02D0
:1016F00083DE1B4386B003B451FC0804CDE902012C
:1017000051FC0904CDE9040151EC0A04CDE90601BC
:1017100003BCF047BDE800504EEC00C4BDE80050EB
:101720004EEC01C4BDE800504EEC02C400BD000008
:1017300000B5FFF7DFFF02E010FE30F4F8D441EC13
:10174000100443EC112400EE010410EE010480EEBD
:10175000200451EC1004704700B5FFF7CBFF02E006
:1017600010FE30F4F8D441EC100443EC112400EEE8
:10177000010410EE210480EE200451EC3004704787
:1017800000B5FFF7B7FF02E010FE30F4F8D410B553
:1017900041EC100443EC112451EC040453EC0524F7
:1017A000A0FB024C5FF0000EE0FB03CEE1FB02CE9B
:1017B0004CEC20440024E1FB03E444EC30E480EEF4
:1017C000200451EC500410BD00B5FFF793FF02E078
:1017D00010FE30F4F8D441EC100443EC112451EC29
:1017E0002104A0FB01126FEA820252FB100052FB9F
:1017F00012F252FB1000A0EBD07C53EC04245CFBF3
:1018000013F153EC1524A1FB022001FB030053EC60
:101810004424A2EB000050FB1CF24FEA111312EB20
:10182000017043EBE27140EA515020EA915020F000
:10183000070053EC7524A0FB023C53EC752400FB1D
:1018400003CC01FB02CC53EC0424ACEB824C40EA09
:101850005C70A0F1010041EC400480EE200451ECEA
:101860007004704700B5FFF745FF02E010FE30F44A
:10187000F8D441EC100420EE010453EC4124A2FB07
:101880000201A1FB03014FEAC101A1F1004162FB8A
:101890001122A2FB0201A1FB0301000F40EB011189
:1018A00051FB12F0A2EB6002A2FB03014FEA5101CF
:1018B000A1FB01305CEC6404A0EB030353FB12F3C7
:1018C00001EB23714FEA031323F0FF0343F080037E
:1018D000A3FB03C201FB01FCE1FB032CE1FB032C96
:1018E000ACEB000C43EA1C63A3F10B0341EC503456
:1018F00080EE200451EC9004704700BF00B5FFF764
:10190000F9FE02E010FE30F4F8D440EC700400EE72
:10191000010410EE210480EE200451EC30047047E5
:1019200000B5FFF7E7FE02E010FE30F4F8D440EC1B
:10193000600400EE010410EE210480EE200451EC5E
:101940003004704700B5FFF7D5FE02E010FE30F41A
:10195000F8D441EC800400EE010410EE010480EEA6
:10196000400410EE1304704700B5FFF7C3FE02E019
:1019700010FE30F4F8D441EC800400EE010410EEC7
:10198000010480EE400410EE3304704700B5FFF709
:10199000B1FE02E010FE30F4F8D441EC100443EC48
:1019A000112400EE010410EE3004C0F30070704703
:1019B00000B5FFF79FFE02E010FE30F4F8D443ECD0
:1019C000102441EC110400EE010410EE30F48CBF41
:1019D00001200020704700BF00B5FFF78BFE02E03A
:1019E00010FE30F4F8D443EC102441EC110400EE66
:1019F000010410EE30F42CBF01200020704700BF1E
:101A000000B5FFF777FE02E010FE30F4F8D441ECA9
:101A1000100443EC112400EE010410EE30F42CBF4E
:101A200001200020704700BF00B5FFF763FE02E011
:101A300010FE30F4F8D441EC100443EC112400EE15
:101A4000010410EE30F48CBF01200020704700BF6D
:101A50009A4238BF88547047704700BF2DE9F04F55
:101A600083B00F461146DDE90EB292079846DDE9D4
:101A70000C93064629D00D469BB109EB030405EBF8
:101A8000040A01950D460D93AAEB040214F8010D0A
:101A900043463946B047A145F6D129460D9B019DE5
:101AA0001D440F9B9B070CD56C1AA34509D92A46E8
:101AB0004346394620200134B0475C4505F1010515
:101AC000F5D3284603B0BDE8F08F5B4515D28A46B2
:101AD0001C468946ABEB03050D4452464346394646
:101AE00020200AF1010AB047AA45F6D1494623460B
:101AF000DDF83090002CC0D1E3E70D46002BBCD1BF
:101B0000DFE700BF2DE9F04F0F460F9906469DF81D
:101B10002C008D079046DDE90CA299468346099C6E
:101B2000DDF828C00E9B49D4002B42D1944545D204
:101B300001F0010504F1FF3E3020E64405E00CF120
:101B4000010C62450EF8010F02D9BCF1200FF6D14D
:101B5000002D00F08780634530D9601E4FF0300EB5
:101B6000604405E00CF1010C9C4500F801EF25D024
:101B7000BCF1200FF6D1CD060ED5480551D46245F3
:101B800064D0634562D0BAF1100F4DD0BAF1020FA4
:101B900055D0BCF1200F2DD12022CDE90B310A9276
:101BA0004B464246394630460994BDE8F04FFFF7B0
:101BB00055BF11F001052ED19445BBD3CD061ED5DE
:101BC0004805E0D4BCF1000FD9D1BAF1100F5FD0B5
:101BD000BAF1020F74D030224FF0010C2270BBF129
:101BE000000F12D1480742D52B2204F80C200CF12B
:101BF0000102D2E762460CF1010C3020A054BCF186
:101C0000200FC9D0BBF1000FECD02D2204F80C201E
:101C10000CF10102C1E798B3944503F1FF3389D376
:101C200099E7BAF1100FB7D18D063DD5BCF1200F61
:101C3000B2D0582204F80C200CF1010CA9E7BCF139
:101C4000200FA9D062460CF1010C08E0BCF10102A2
:101C5000BBD0BAF1100F35D0BAF1020FCDD162204E
:101C6000A05496E7CD06CAD5480588D58BE70A0764
:101C700049BF2022624604F80C200CF101028CE7D7
:101C800011F00C0F00D0013B9445FFF453AF62E715
:101C90008A0613D47822227030224FF0020C627030
:101CA000BBF1000F9ED0B0E7BCF1200F3FF474AF42
:101CB000782204F80C200CF1010C6AE75822EAE7BC
:101CC0006222E8E78D06ACF1020004D54FF0580E11
:101CD00004F800E091E74FF0780E04F800E08CE79C
:101CE00000B9704701F078BB10B1D1E90031184755
:101CF000704700BF000000002DE9F04F97B09DED48
:101D0000207BDDE9225B8046894651EC170B9A4621
:101D1000249B0C92079302460B468DED047BFFF744
:101D200039FE002840F0E381DDE904014FF0FF3285
:101D30006FF48013FFF740FE002840F0CB80DDE910
:101D400004014FF0FF32B24BFFF772FE002840F063
:101D50009F80DDE90467AAA3D3E900233046394612
:101D6000FFF766FE002840F08280A7A3D3E9002396
:101D700030463946FFF720FE002878D130463946F4
:101D800000220023FFF718FE002840F098800D90F5
:101D9000079B302113F4806F08BF06250EAA2B463F
:101DA000A5F1200605E0013BB34202F8011B00F05B
:101DB0006581092BF7D81E46ED1ADDE90401FFF70E
:101DC000C5FD944B044603EBC60393ED007B8DEDFC
:101DD000087BFFF797FD02460B46DDE90401FFF79C
:101DE000BFFCDDE90823FFF7CFFCCDE90A01FFF7CF
:101DF000BFFD0746FFF798FD02460B46DDE90A01E5
:101E0000FFF7AEFC0022844BCDE90A01FFF710FE7C
:101E1000002800F0888001373846FFF785FD02462C
:101E20000B46DDE90801FFF7DBFD08B100270134AF
:101E3000002E00F088800DF13703DFF8F0C158194B
:101E40000DE0ACFB0721C90801EB8102A7EB4202C0
:101E50003032092F00F8012F40F2FB800F46202D71
:101E600006F1FF3605F10105EBD1202586E0079B41
:101E70009DED047BCDE923B34946534640460C9A79
:101E80008DED207B229517B0BDE8F04F00F080B9B2
:101E9000079B494658074CBF042303234046219320
:101EA0005346079A48BF5D4CCDE922B258BF5C4CFF
:101EB0000C9A209417B0BDE8F04FFFF7CFBD3B461A
:101EC000324600200021FFF74BFC0123CDE904013D
:101ED0000D935DE7079B03F002029C07049200F05C
:101EE000F4800C9F3D464F4E341D14F8010D2A46D8
:101EF00053464946C047A64205F10105F5D1049B6A
:101F00003C1D63B10C9D631B9B4508D9224653467B
:101F1000494620200134C047631B9B45F6D8204624
:101F200017B0BDE8F08F0022DDE90A013A4BFFF758
:101F300043FD00287FF47CAF002F40F0C2800137C2
:101F4000002E7FF478AF2046FFF7DCFC02460B46FC
:101F5000DDE90401FFF704FC00222F4B06460F4683
:101F6000FFF72AFD40B93046394600222A4BFFF7D9
:101F70005FFD002800F0A1800DF137032A485919B0
:101F80000EE080FB0476C2EBA60202EB8206A4EB15
:101F9000460630361446013501F8016F002A47D055
:101FA000202D4FEAE472ECD1079A02F00302012AD5
:101FB00014D1BBF1000F11D00D9A002A60D00BF1A3
:101FC000FF3BBBF1200F09D930222B4404E001353F
:101FD0005D4503F8012F31D2202DF8D1079B0EACBF
:101FE000CDE902B300945346494640460C9A019508
:101FF000FFF734FD0446204617B0BDE8F08F00BF60
:102000000000000065CDCD410000000065CDCDC1D0
:10201000FFFFEF7F70F400100000E03F9CF0001025
:10202000A4F00010ACF0001067666666CDCCCCCC96
:10203000079A02F00302012A00F09680202DCDD0ED
:102040000D9B3BB32D220DEB050383F838200135A2
:10205000C4E7202D3FF409AF30212E445A1905E082
:102060000135202D02F8011F3FF4FFAEAE42F7D13B
:102070002E226E44013586F838207FE720259CE625
:10208000079A12F00C0F5AD00BF1FF3BAB459BD8CF
:10209000202DA3D0079B5A0706D52B220DEB050355
:1020A00083F83820013599E71B0797D520220DEBDF
:1020B000050383F83820013590E7013424F001044A
:1020C0005AE7F9077FF5B4AE39E7BBF1040F7FF6A5
:1020D00008AF0C9B1D46043B03EB0B072A465346F7
:1020E000494620200135C047AF42F7D1FAE6079BA9
:1020F00003F002029D07049225D00C9F3D46224E1C
:10210000F41C14F8010D2A4653464946C047A6421E
:1021100005F10105F5D1049BFC1C002B3FF4FFAE3B
:102120000C9D631B9B457FF6FAAE224653464946FB
:1021300020200134C047631B9B45F6D8EFE6AB4532
:102140003FF642AF4AE7BBF1030FD6D90C9B1D46C1
:10215000033B03EB0B072A46534649462020013533
:10216000C047BD42F7D1C9E7BBF1000F3FF466AFEE
:102170000D9A002A84D00BF1FF3B5D45FFF424AF9C
:10218000202D7FF45FAF29E7A8F0001000000000C9
:102190002DE9F04F9FB01E46DDE928ABDDE92B9815
:1021A0002A9B04460D460B920A9352465B465046C4
:1021B0005946FFF7EFFB002840F0C68050465946CD
:1021C0004FF0FF327B4BFFF733FC002840F0BC8020
:1021D000504659464FF0FF326FF48013FFF7ECFB87
:1021E000002840F0B1805046594600220023FFF7F6
:1021F000E3FB002840F0DD81CDE908ABDDE9081202
:1022000018F480600B460F4608F400610C9214919C
:10221000159040F0A880134340F0D080002940F092
:10222000EC8106230A9318F00202109240F0DD813F
:102230004B46042B38BF04230E920422043B129217
:1022400014935046594600220023FFF7B5FB00289F
:1022500040F02A829DED087B149B0B9A03930A9B06
:102260008DED007B029328F40063049329463346E6
:102270002046FFF741FD024618F0200F334629465D
:102280000CBF6520452002F10108A047129B0DF10B
:10229000580A03F1FF3B0E9B002283EAE37C504681
:1022A000DFF814E10B9FACEBE37CD90FCDF8208075
:1022B00002E0202AC44610D0AEFB0C384FEAD80802
:1022C00008EB8803ACEB430301303033BCF1090F5A
:1022D00002F1010200F8013CEBD805234FF0000C9D
:1022E00006930A23DDF82080CDE90121CDE9033CE6
:1022F000CDF800A03346424629462046CDF814B01A
:10230000FFF700FC109B8246D3B1A0EB0708C14544
:1023100016D907EB080233462946202008F10108A8
:10232000A047C145F5D87B1E4B44C7F10102A3EB82
:102330000A035244914538BF00230AF1010A9A4426
:1023400050461FB0BDE8F08F334629462046CDE900
:1023500028AB0A9CCDE92B980B9A2A941FB0BDE8B4
:10236000F04FFFF7C9BC57EA020329D100293FF417
:102370005AAF00230E930A9B0E9A934200F3BA8140
:1023800000275046594600220023FFF715FB00287E
:1023900040F015819DED087B28F4006343F48063D1
:1023A0002C938DED287B334629462046CDE92A79AA
:1023B0000B9AD3E7FFFFEF7FCDCCCCCC06230A935B
:1023C0000C9BC3F30A50A0F2FF30FFF79BFAB2A3B5
:1023D000D3E90023FFF7D8F9B1A3D3E90023FFF72E
:1023E000ABF90C9BCDE90E01C3F3130343F07F510E
:1023F00038460022A24B41F44011FFF7B1F994A3F3
:10240000D3E90023FFF7C0F902460B46DDE90E01D0
:10241000FFF792F9FFF79AFA0E90FFF773FA8EA37F
:10242000D3E90023CDE90C01FFF7AEF90022954B6B
:10243000FFF782F9FFF78AFA89A3D3E90023074659
:10244000DDE90C01FFF7A0F9CDE90C013846FFF7F3
:1024500059FA85A3D3E90023FFF796F902460B4604
:10246000DDE90C01FFF77CF902460B46CDE90C23B0
:10247000FFF78AF9CDE91001DDE90C0102460B46B0
:10248000FFF75AF90022CDE91201DDE910017E4B78
:10249000FFF79EF900227D4BFFF74EF902460B46EF
:1024A000DDE91001FFF794F90022794BFFF744F9B9
:1024B00002460B46DDE91001FFF78AF9CDE910016C
:1024C000DDE90C2300204FF08041FFF749F9024677
:1024D0000B46DDE91001FFF72FF902460B46DDE957
:1024E0001201FFF775F900226A4BFFF725F907F291
:1024F000FF3C00224FEA0C53FFF746F902460B4619
:10250000DDE90801CDE90C23FFF756FA50B1DDE90A
:102510000C010E9B0022013B0E935C4BFFF758F918
:10252000CDE90C01DDE90C010E9B02466333C62B9D
:1025300008F002031093149B2DD8002B5FD00423C6
:1025400012930A433FF417AFDDE9080148A3D3E92A
:102550000023FFF759FA48B1DDE9080146A3D3E9A2
:102560000023FFF729FA00287FF405AF0A9B002B10
:1025700051D0159A002A00F0AC80013B0A93129BBF
:10258000994505D9109B002B00F0AF8002231093D2
:102590000023149344E02BBBB9F1050F4FD908F089
:1025A0000203002B49D105231293A9F105031493CB
:1025B0003AE00BF10043CDF820A009931EE628F481
:1025C000006343F480632046CDE92A792C93334697
:1025D000DDE908673446294607F10045CDE928457D
:1025E0000B9ABBE605231293ABE70222002310925D
:1025F0000422149312920E9323E60527C1E6B9F143
:10260000040F1FD9109B002B77D104231293A9F13B
:102610000403149304E0129B99455FD80A9B14931A
:102620000E9B002B3FF40DAEDDE90801DDE90C2324
:10263000FFF7CEF8CDE9080103E602231093052346
:102640001293F1E704231293EAE700BFAFF300808F
:1026500061436F63A787D23F71A379094F930A4003
:102660001655B5BBB16B0240EF39FAFE422EE63F7C
:102670002D431CEBE2361A3F0000000080842E41FF
:102680000000F83F0000E03F00002C400000244024
:10269000000018400000F03FFB799F501344D33FE7
:1026A000B3C8608B288AC63F149BDDE908A7039353
:1026B0000A9B07F1004B029328F400630B9A0493E2
:1026C000294633462046CDE900ABFFF715FB02460D
:1026D000D2E5129B994515D81492A1E7109B23B11E
:1026E0000A9B1493022310939AE7129BA9EB03030E
:1026F000149395E79B1A5F1E43E60423129302236B
:1027000010938DE7109B002BEFD0022314921093AF
:1027100086E700BF2DE9F04F91469A4C9A4AB1F1F5
:10272000000A9BB018BF834614601878974ADDF8FA
:10273000908008BF9346002800F08A821D4600263C
:10274000CDF8209008E032465146089BD847013624
:102750002878002800F0C780252805F10105F2D16E
:1027600000222B4613F8011BA1F1200010280AD8E3
:10277000DFE800F03F09093B0909090909090937A0
:10278000093309092F00A1F13000092840F289809E
:102790002A2900F0E98000242E2900F094800027E7
:1027A000A1F1680012282CD8DFE810F04E012B00B0
:1027B00049012B0040012B002B002B002B002B008C
:1027C0002B002B0027002B002B002B002B002B00B5
:1027D00027001D4642F00102C3E71D4642F00202F7
:1027E000BFE71D4642F00402BBE71D4642F010025F
:1027F000B7E71D4642F00802B3E7697842F48072F9
:10280000013367291D467ED8242940F2B880A1F102
:102810002503422B00F2B380DFE813F05101B10031
:10282000B100B100B100B100B100B100B100B10020
:10283000B100B100B100B100B100B100B100B10010
:10284000B100B100B100B100B100B100B100B10000
:10285000B100B100B100B100B100B1001E013A01F8
:102860001E01B100B100B100B100B100B100B10072
:10287000B100B100B100B100B100B100B100B100D0
:10288000B100B401B100B100B100B100B100B100BC
:10289000B100B100B100B4015801B4011E013A0108
:1028A0001E01002404EB840401EB440419781D4646
:1028B000A1F130000928A4F1300403F10103F1D99A
:1028C0002E297FF46CAF69781846A1F13007092FE3
:1028D00042F4806240F225812A2900F032811D46AF
:1028E000002701335CE73446DDF82090B14501D87C
:1028F00009F1FF364B46324651460020D847204664
:102900001BB0BDE8F08FA1F16903DBB20F2B36D805
:10291000012049F2410C984010EA0C0040F0F4808C
:102920000A2B35D0072B2AD158F8041B002940F078
:10293000108122F0100412F4806144F0210400F0B0
:102940000A8112AA082305931023CDE900203246FC
:102950000694049703930023029351465846089B1C
:10296000FFF7D0F80646F3E658F8044B6978002CD8
:102970001D46BCBF42F00202644201330CE7084628
:10298000E1E600BF1527001098290020591A001011
:1029900058F8049B002F99F8000014BF3B464FF0F5
:1029A000FF33002800F08283494603EB090C04E062
:1029B00011F8013F002B00F043818C45F8D1ACEBBE
:1029C0000901530540F12081B94228BF394612F070
:1029D000020300F083820223CDE90948324688468B
:1029E000089C37440B9307E023465146D84719F813
:1029F000010F013610B13246B742F5D10B9B41466B
:102A0000099CDDF82880002B3FF4A2AE37468C42AB
:102A10007FF69EAE2644089C761A3A4623465146D7
:102A200020200137D847B742F7D191E669786C2961
:102A30007FF4E4AEA97842F44072EB1CE1E66978D9
:102A400042F400720133DCE66978682900F0FB800B
:102A500042F080020133D4E6672900F0C98047299B
:102A600000F0CD80452900F0CC80CDE9034208F18B
:102A70000708029728F007083246F8E8026751462F
:102A8000CDE900675846089BFFF782FB06465FE6E4
:102A9000462908BF42F02002CDE9034208F10708A9
:102AA000029728F007083246F8E802675146CDE958
:102AB00000675846089BFFF71FF9064648E632466E
:102AC00051462520089BD847013641E608F104030A
:102AD0009207099306F1010740F1C380324651463F
:102AE00098F80000089BD847012C40F2B481264496
:102AF000089C3A462346514620200137D847B74222
:102B0000F7D1DDF8248023E66F2974D040F24182AA
:102B1000782900F086814FF00A0922F010024B4616
:102B200038E0002707EB870701EB4701A1F13007E9
:102B300010F8011FA1F13003092BF3D90546431CFE
:102B40002EE658F8047BA97802356B1C27EAE77754
:102B500026E642F0210412AA944602E020283FF41F
:102B6000F1AE01F00F03092B94BF303337330F2937
:102B70008CF8003000F101000CF1010C4FEA11114A
:102B8000ECD8DFE6582966D0622940F089804FF002
:102B900002094B4612F4806C00F0D48022F00D0242
:102BA000099212F4007140F07B8112F4807008F1F8
:102BB000040940F03882510640F13A8198F800103B
:102BC000002940F04A81099A22F010020992BCF1D2
:102BD000000F00F04281084612AA0999CDE9033797
:102BE000CDE9054101900023009202933246A1E015
:102BF00042F4006239E74FF008094B46CAE742F455
:102C0000006242F0200230E712F0020300F08C81F3
:102C10000223CDE909481F468846089C32462346D0
:102C20005146D84719F8010F01360028F6D13B4626
:102C30004146099CDDF82880002B3FF489ADE5E68C
:102C4000A1EB0901BDE6A97842F0C002EB1CD8E572
:102C5000044606464AE64FF0100942F020024B4671
:102C600098E7012C40F2F180374606F1FF39CDF8A4
:102C70002880DDF82080A1443A4643465146202072
:102C80000137D8474F45F7D1DDF828803A4698F804
:102C900000005146089BD8472644DDF8248057E5BC
:102CA00012F4806300F0C1804FF4806322F01100C1
:102CB00010F4007E4AD110F4807C08F1040940F041
:102CC0003781410600F1A980020640F1E381B8F99D
:102CD000002082EAE271A1EBE2711FFA81FED10FBE
:102CE0000991002A00F05F81734612AA9646DFF828
:102CF000A0830A9403E0BCF1200F23460FD0A8FB69
:102D00000314E40804EB8401A3EB41010EF1010E6E
:102D10003031092B0CF1010C0EF8011CEBD80A9C88
:102D2000099B0092CDE901C30A233246CDE9054053
:102D30000497039351465846089BFEF7E3FEC846A6
:102D4000064605E522F00C0209922AE708F1070879
:102D500028F00708D8F8042058F808CBD10F5CEA0F
:102D6000020E6CD0002A634602DA5B4262EB42023A
:102D70009146099312AA94464FF0000ECDE90A1825
:102D8000CDE90C470E960F9203E0BEF1200F3B46B3
:102D900030D04FF0CC3213EB0901BD4F41F10001AF
:102DA000A7FB014626F0030404EB9604091B5C1AFA
:102DB00002FB04F63A4669F1000802FB08660522A8
:102DC000A4FB077407F001082644A8FB0248641816
:102DD0000A2B0CF1010C4FEA570704F1300479F18A
:102DE00000090EF1010E0CF8014C47EAC6774FEAD4
:102DF0005609CAD27346DDE90A18DDE90C470E9E72
:102E00000F9ACDF824E0CDE901310A230092CDE9F3
:102E100005403246049703939FE598F800209646B4
:102E20005DE74FF010094B46B4E622F010003FE793
:102E300011064CBFB8F80010D8F80010C0E6002BFF
:102E400040F042819946099394E73246514698F8FA
:102E50000000089BD8473E4653E6099A0A9412F0B0
:102E6000200F14BF4FF041084FF0610812AA94469A
:102E7000A8F10A0802E0202871460FD0B1FBF3FE4A
:102E800003FB1E14092C94BF3034444499428CF83F
:102E9000004000F101000CF1010CECD20A9C9CE610
:102EA00008F1070828F00708D8F8042058F8081B8C
:102EB0000A920A438E467BD1099A22F010020992A7
:102EC000BCF1000F74D0002012AA0999CDE90020AE
:102ED000CDE905413246CDE903373CE58C4298BF48
:102EE00001317FF679AD4FF48063CDE909949946BD
:102EF000A2190B97089F541A32463B465146202090
:102F00000136D847A642F7D1DDE90A474B46DDF83E
:102F1000249099F8000000283FF41AAC611C002BA3
:102F20003FF477AE002357E58C42DED8013170E6DE
:102F3000D8F80020D10F002A00F0B38082EAE273B3
:102F4000A3EBE27312AA9446CDE90914DFF840819D
:102F500003E0BEF1200F23460FD0A8FB0314E408C2
:102F600004EB8401A3EB41010CF1010C3031092B7E
:102F70000EF1010E0CF8011CEBD8DDE909140A234F
:102F80000092CDE905403246CDE901E10497039373
:102F9000D0E6692922F0100040F0918012F480639D
:102FA0003FF486AE80E6002B3FF49FAE12AAB7E650
:102FB000099ACDE90B8412F0200F14BF4121612141
:102FC000CDE90D76CDE90F3BCDF844A00027F046C2
:102FD0000A9C12AE0DF1480BA1F10A0A03E0202F62
:102FE00080460C4613D021464A46002340460BF04B
:102FF000CFFFD2B2092A94BF30325244C84574F18F
:103000000004327007F1010706F10106E7D23846E5
:10301000DDE90B845A460E9E0D9F0F9BDDF844A000
:10302000DDF840B051E7D8F800E0BEF1000F0DD157
:1030300022F010020992BCF1000F07D012AA0998E1
:10304000CDE90337CDE905400191CCE5099A12F0AD
:10305000200F14BF4120612012AA94460A92A0F1C9
:103060000A0202E02029C6460FD0BEFBF3F803FB9C
:1030700018E0092894BF303080189E458CF8000075
:1030800001F101010CF1010CECD20A9AD7E700BF63
:10309000CDCCCCCCD8F8002082EAE27EAEEBE27E4A
:1030A0001DE6002B3FF44EAF12AA68E712F48061D0
:1030B0000ED012F0020114D001463746A7E44FF0BB
:1030C0000A0902464B4665E5002312AA09939AE6CF
:1030D00012F002037FF49AAC002C7FF406AFFFF7E6
:1030E00037BB002C7FF4FFAEFFF732BB0EB400B548
:1030F00084B00DF1140C5CF8043B01464FF0FF3234
:10310000CDF800C00448CDF80CC0FFF703FB04B0B5
:103110005DF804EB03B07047511A00108C4610B5EF
:1031200084B000930290134602A94FF0FF32034887
:10313000CDF80CC0FFF7EEFA04B010BDE91C00108A
:1031400010B5094A84B014684CB1034600914FF0A1
:10315000FF3203A90548A047012004B010BD00F0CC
:103160007DF9204604B010BD98290020E11C001014
:1031700000BEFDE7704700BF08B5FFF7F9FF00BFCD
:1031800038B5064C064DFEF7ABF9AC4204D254F804
:10319000043B9847AC42FAD338BD00BFE0EF0010C3
:1031A000E4EF0010036808461146184770B505465D
:1031B0000846697D82B000294FD0002A25DD0378BA
:1031C00014460A2B064622D0012C4FF0000E0DD0DB
:1031D0003246012312F801CF1946BCF10A0F03F160
:1031E000010320D09C42F5D1744505DD2B68A4EB8A
:1031F0000E0106EB0E009847311911F8013CA3F1BE
:103200000D03B3FA83F35B092B7502B070BD2B7D00
:10321000002BD9D102212B6813489847012CEBD001
:103220004FF0010ED4E712F8010C0D28DAD08E45CC
:1032300006EB0E00A1EB0E0105DACDE900322B689A
:103240009847DDE90032CDE9003202212B680648BB
:103250009847009B019A9E46C4E711462B6802B02E
:10326000BDE87040184700BFC0F400100B685A1C3E
:10327000802A0B440A60187100D0704730B50E4B9D
:103280000C46186883B0A0B10D1D01E0006980B143
:103290000368002BFAD0094B1B680BB18342F5D1B0
:1032A000294622680190FFF781FF019800690028F4
:1032B000EED1206003B030BD78240020942500209A
:1032C0002DE9F04782B090461C460D460746FDF7B3
:1032D00053FF4FF0FF3C6FF000462E4A821841F139
:1032E0000003944576EB03013CBF624633462A480F
:1032F0000BF022FE6B1C824640D00CB3274E284BAD
:103300001C68B4B1B8F1000F1CD1DFF89C8001E05B
:10331000246974B12368002BFAD0D8F800300BB1BF
:103320009C42F5D120462A463946B0472469002CF4
:10333000F0D1BAF1000F26D1284602B0BDE8F087DF
:10334000184EDCE74FF00A09DFF85C8002E02469E0
:10335000002CEED02368002BF9D0D8F800300BB148
:10336000A342F4D12A4639462046B04701222046DE
:103370000DF107018DF80790B047E8E738460BF0EC
:10338000A7FD0546B9E704480BF0DEFD284602B06C
:10339000BDE8F08740420F0098170020AD310010C3
:1033A00078240020A531001094250020084A1368D5
:1033B00023B90AE003F110021B6933B18342F9D14A
:1033C00029B9186910601961704701B11060704720
:1033D0007824002000F070BAF0B583B006468DF86E
:1033E0000700FDF7C9FE4FF0FF356FF00044174AA4
:1033F000821841F10003954274EB03013CBF234660
:103400002A4613480BF098FD124B07461C689CB1E6
:10341000114D01E024697CB12368002BFAD02B68A0
:103420000BB19C42F6D1204601220DF10701FFF7B6
:10343000BDFE2469002CEFD117B9304603B0F0BDB2
:1034400003480BF081FD304603B0F0BD40420F0051
:1034500098170020782400209425002038B50446D1
:103460000BF036FD012305461A4620462946FFF794
:1034700027FF084B1C682CB163682BB1984724695F
:10348000002CF9D1284638BD2469002CF4D12846F7
:1034900038BD00BF782400202DE9F041A2B00E46CF
:1034A0000546FDF769FE4FF0FF3C6FF00044254AEA
:1034B000821841F10003944574EB03013CBF23469D
:1034C000624621480BF038FD0024334607462A4661
:1034D0001E4801A90194FFF721FE1D4E019B804665
:1034E0003468BBB1002C2AD01A4D01E0246974B1B4
:1034F0002368002BFAD02B680BB1A342F6D12046EB
:10350000019A02A9FFF752FE2469002CF0D123464C
:10351000346801932CB1636843B198472469002C47
:10352000F9D12FB9404622B0BDE8F0812469F1E716
:1035300005480BF009FD404622B0BDE8F08101943A
:10354000EFE700BF40420F00981700206D320010D7
:1035500078240020942500200FB400B583B004A97E
:1035600051F8040B0191FFF797FF03B05DF804EBEE
:1035700004B07047024A034B10601960704700BFE7
:10358000182400201C240020184B70B51A68002A4B
:1035900028D0EFF3108172B6D2E8CF4F0120002C73
:1035A000FAD1C2E8440F002CF6D1BFF35F8F00229E
:1035B0000F4C186859602270C0E88F2F81F3108873
:1035C000002400250B4E3078FCF752FF20B9002470
:1035D00000252046294670BD3078FCF759FF20466B
:1035E000294670BD4FF47A740025EBE7D42B0020F8
:1035F000D6840220D5840220014B1878FCF748BFFE
:10360000D584022038B5044600200D4601F0A6FB03
:10361000A8B3002001F0B8FB88B3FDF7ADFD4FF073
:10362000FF3E6FF0004C174A821841F100039645A7
:103630007CEB03013CBF7246634613480BF07CFCF5
:10364000E8B1002001F08AFB58B901464FF0FF3085
:1036500000F08EFD6FF002040B480BF075FC204665
:1036600038BD002001F090FB0028EED021462A460C
:10367000002001F093FB04460028EDD1EAE76FF04B
:103680000204ECE740420F009C84022008B5FDF7DD
:1036900073FD4FF0FF3E6FF0004C0F4A821841F16E
:1036A000000396457CEB03013CBF724663460B4822
:1036B0000BF042FC70B14FF0FF30002100F058FDDC
:1036C000002001F0B1FB0028F5D1BDE80840034817
:1036D0000BF03ABC08BD00BF40420F009C840220A2
:1036E0002DE9F04107460E46FDF746FD4FF0FF3548
:1036F0006FF00044324A821841F10003954274EBA6
:1037000003013CBF2A4623462E480BF015FC08B99E
:10371000BDE8F081002001F021FB002845D0002EFB
:103720003EDD0025DFF8A48012E02246002001F0F3
:10373000C5FB002105444FF0FF3000F019FD0020CB
:1037400001F072FBFDF718FDC8E90001AE4227DD6C
:10375000002001F0D1FB741B8442A8BF04467919F4
:10376000002CE2D121464FF0FF3000F001FD204651
:1037700001F05AFB204601F0F1FA88B1204601F031
:10378000BBFB0028E2D1FDF7F7FC0F4AD8F8003068
:103790009B18D8F8042042F1000283428A41D5D216
:1037A0000848BDE8F0410BF0CFBB0020BDE8F04178
:1037B0000021064BC3E9000102480BF0C5BB00BF66
:1037C00040420F009C84022020A10700E81900203D
:1037D00010B5002184B032480BF0DEFB28BB314B22
:1037E0001A6802B3EFF3108172B6D2E8CFEF5FF040
:1037F000010CBEF1000FF8D1C2E84ECFBEF1000FB0
:10380000F3D1BFF35F8FDFF8A8C0D3F800E09CF8D6
:1038100000205960D3B201228CF80020CEE88F0F2F
:1038200081F31088CBB104B010BD00214FF0FF3000
:1038300000F09EFC002001F0A7FA044618480BF0A7
:1038400083FB002CEFD0184B1B68002BEBD0174AE2
:10385000106804B0BDE810401847FDF741FA04466F
:10386000FDF78AFC4FF0FF3E6FF0004C10F57A72C6
:1038700041F1000396457CEB030138BF63464FF0EE
:1038800000014FF0010C38BF7246DFF828E02046F7
:10389000CDE9011CCDF800E0FDF726FA04B010BD1B
:1038A0009C840220D42B0020182400201C240020FB
:1038B000D6840220893500104FF0504330B585B0D2
:1038C0001C68FDF70DFAFDF729FBA04202D000208D
:1038D00005B030BD00212C4B08461B7801F0DCFC04
:1038E0002A480368002B4BD00120FCF773FF0346E6
:1038F000274C2849C0B22370FCF7E6FD207801214F
:10390000FCF7A0FD0E20FCF7CFFD60BB224B6FF053
:103910000044C3E90000FDF7E3F90546FDF72CFC80
:103920004FF0FF3C10F57A7241F10003944574EBBF
:10393000030138BF23464FF000014FF0010438BFA8
:103940006246DFF860C02846CDE90114CDF800C01A
:10395000FDF7CAF90028BADB01211048FFF726FD60
:10396000012005B030BD0120FCF726FD01460A48C4
:10397000FCF78EFF00220E200949FCF7D7FDEBE78C
:10398000FCF76AFFB0E700BFE83001109C8402201A
:10399000D5840220D1370010D42B002040170020FE
:1039A000F935001089350010004870473CF50010CB
:1039B00000487047E8F4001000B51C4A034611782F
:1039C00083B031B363B940F209424FF44173DFF879
:1039D00060C0ACF802201648ACF8003003B000BD5F
:1039E000052B20D8134ADFF848C052F82310604650
:1039F0000023013903E0132B20F8022F10D011F817
:103A0000012F0133DBB2002AF5D15B0043F4407390
:103A1000E1E701901121104600F024F8019BD1E765
:103A20004FF44A73D7E70020D8E700BFB8840220DC
:103A300050240020D0F4001000B545F247308BB080
:103A4000FDF7F2FC01220346092101A89847DDE9B0
:103A50000332034912BA1BBAC1E900230BB000BDFF
:103A600060840220012900F0BB80614A013913788B
:103A70004FEA231CBCF1090FCCBF0CF1370C0CF141
:103A8000300C012980F800C000F0AD8003F00F0376
:103A9000092B8CBF373330330229437000F0A380E9
:103AA00053784FEA231CBCF1090FCCBF0CF1370C43
:103AB0000CF1300C032980F802C000F0948003F070
:103AC0000F03092B8CBF373330330429C37000F048
:103AD0008A8093784FEA231CBCF1090FCCBF0CF10C
:103AE000370C0CF1300C052980F804C07BD003F0B2
:103AF0000F03092B8CBF373330330629437172D043
:103B0000D3784FEA231CBCF1090FCCBF0CF1370C62
:103B10000CF1300C072980F806C064D003F00F03C5
:103B2000092B8CBF373330330829C3715BD013792D
:103B30004FEA231CBCF1090FCCBF0CF1370C0CF180
:103B4000300C092980F808C04DD003F00F03092B71
:103B50008CBF373330330A29437244D053794FEA4C
:103B6000231CBCF1090FCCBF0CF1370C0CF1300C4D
:103B70000B2980F80AC036D003F00F03092B8CBF45
:103B8000373330330C29C3722DD093794FEA231C7D
:103B9000BCF1090FCCBF0CF1370C0CF1300C0D2926
:103BA00080F80CC01FD003F00F03092B8CBF3733F4
:103BB00030330E29437316D0D3791A11092ACCBF9A
:103BC000373230320F2982730DD003F00F03092BE7
:103BD00094BF303337331029C37318BF103002D06D
:103BE000002303707047002308440370704700BF30
:103BF00060840220704700BF0022014B1A7070479A
:103C0000D38402204B79FF2B0BD1887948B9CB792B
:103C1000012B07D1082A05D9034B8A7809201A708D
:103C200070470020704700BFD384022001207047F6
:103C3000012901D00120704708B5104B91881B78ED
:103C4000994201D0002008BD5378012B08D0022BE7
:103C5000F8D1002164220846FDF766FB012008BD6B
:103C6000518811F480721ABFC1F3C012480A4FF094
:103C7000FF3001F00301FDF7E3FB00BFD384022016
:103C800000487047F8F50010012907D15378012B3F
:103C900002D19388072B03D0002070470120704782
:103CA0001146A623014A00F01FBF00BF50F50010C7
:103CB0000346012201481A70704700BF1CF600102D
:103CC00008B50B68B3F5966F00D008BD00224FF021
:103CD000FF301146FDF7B4FB10B500F02DF90C23B1
:103CE0001C4CFF22A3670E201B49FCF71FFC40223F
:103CF00000211A480BF03CF94FF0800C0120174AC4
:103D00000023A2F822C050701046402214490283BA
:103D10000287144A81604360C2F88430C2F8803060
:103D200080F8213080F83B3043620F4BC360C362A0
:103D3000803B83620BF018F94FF0005C4FF4803247
:103D400001200A490A4B2064C4F84CC0C4F8901002
:103D5000DA6410BD0000115099030020982500205E
:103D600084001050000010500001105010D00100CD
:103D70000020115001210E20FCF764BB00220248F4
:103D8000114600F0F9B800BFB8250020044B1970A7
:103D900021B14FF40032034BC3F89020704700BFAD
:103DA000CE840220002011500B785B0600D07047B3
:103DB0004B78052BFBD14B88014ADBB21360F6E749
:103DC00000001150CB782DE9F04103F0030EBEF155
:103DD000010FC3F3010057D000268C78DFF8D4C060
:103DE00004F07F0253008988984603EBD4130CEB50
:103DF0004313E509D876C1F30A0185F001009C70F0
:103E000019835870DE70D3006DBB254804330CEB6A
:103E100082141F18A7601E506AB3224B03EBC20323
:103E200063603F318909BEF1020F14BF8B01CB01E2
:103E30001D4908EB05020CEB421C0A681B481344A1
:103E400083420B60CCF80C2028D882F0A04383F486
:103E50008013DCF8042043EA8E6343F000431360D0
:103E60000120BDE8F0810E480CEB82140344A362EC
:103E700040F832605AB913460D4A0CEB451CCCF899
:103E80000C20CCF80430EBE70020BDE8F081D20034
:103E900002F1A04202F580126262C2E7FDF71AFB4E
:103EA0008000105004001050D02B0020FF0F105045
:103EB00000011050982500200BF056B808B5964622
:103EC000DFF81CC001F07F02C80900EB42000CEBD8
:103ED00040101A46714600F04FF8012008BD00BF9F
:103EE0009825002011F07F0205D100290CBF022087
:103EF0000120064B9866C909054B01EB420003EB14
:103F000040104FF4006200210BF026B80020115041
:103F10009825002011F07F0300D17047002205484A
:103F20005B0003EBD11300EB43106FF40061C27030
:103F30000BF012B8982500204FF0805209480A492A
:103F400008B50A4B02600A609968C94311F08051B4
:103F5000FAD14FF4805206480BF00AF80922054BBB
:103F60005A6708BD002002400030024000000240B5
:103F7000000010500000115000234FF0010C10B54C
:103F8000016180F81AC08282C38204460AF0D8FF19
:103F900020B14FF40032074BC3F8902020460AF0BE
:103FA000DFFF10B10123237710BD2046BDE810408C
:103FB0000AF0E2BF002011502DE9F0414FF0000857
:103FC0001B4C0546424623781A4F1B4E0DE03368C2
:103FD00013EB421323D0DB682846984708F1010809
:103FE00023785FFA88F2934206D39342A2EB03034D
:103FF000EDD807EB4313EEE7542200210F480AF0F7
:10400000B7FF4FF0FF330D4C2022C4E90133C4E960
:104010000333FF21BDE8F04109480AF0A9BF4FF082
:10402000E023D3F8F03DDB0700D500BEBDE8F0810A
:10403000CD8402203CF60010541C00205C1D0020A2
:10404000701D0020704700BF704700BF0020704700
:1040500000207047704700BF704700BF704700BF27
:10406000704700BF024B5878003818BF01207047D6
:104070005C1D0020024B1878C0F38000704700BF21
:104080005C1D00202DE9F0472D4F3B78FF2B54D1CC
:1040900000293DD054228A468146002129480AF051
:1040A00067FF0022284C294B20461A70FCF7D4FBEE
:1040B000274B28481C60284CFCF7DCFB204601F00D
:1040C000DDFB264A264B146023B12648FFF7F0FD9E
:1040D000254B18604FF00008224C43462278234EAF
:1040E000214D0DE02A6812EB431311D05B687BB1C0
:1040F000984708F1010822785FFA88F3934211D8B3
:104100009342EFD39B1A06EB43135B68002BEFD16E
:104110004FF0E023D3F8F03DDB0700D500BE0020D0
:10412000BDE8F0875146484687F80090FFF7D4FD78
:104130000028EDD04846FFF71DFE0120BDE8F087BE
:10414000741700205C1D0020541D0020CF84022025
:10415000B01D00206C17002058170020B41D00204F
:10416000B13C0010CD840220541C00203CF600100D
:10417000A44B1B78FF2B00F012812DE9F04FA24CCD
:10418000A24DDFF89C82A24E8BB027687B69EFF3CB
:10419000108272B6D3E8CF0F01210028FAD1C3E80C
:1041A000401F0028F6D1BFF35F8FBA61384607A9D8
:1041B00001F0AAF900237A69C2E88F3FBB6983F353
:1041C0001088002800F0C6809DF81D30013B072BA9
:1041D00000F28383DFE803F0A3AD91998A350A04E6
:1041E000089B002BD1D009989847CEE79DF8201066
:1041F00001F07F0705EB470000EBD11090F8343059
:1042000023F0010380F8343090F8343023F00403B5
:1042100080F83430002F00F0A080027D98F8003044
:104220009A4280F08F807B4B1B6813EB421300F0A7
:104230008A809F699DF82120099B9DF81C00B84742
:10424000A3E73378002B7ED03378013B337033788B
:1042500003F0FF00002B98D1DFF8B0A19DF81CB04F
:104260009AF8003043F001038AF800309AF83430AD
:1042700060F300038AF834309AF8343060F3820334
:104280008AF834309AF8353060F300038AF8353014
:104290009AF8353060F382038AF8353000F088FCF4
:1042A0009DF8203003F06002602A66D0402A77D063
:1042B00003F01F03012B00F0B580022B7CD0002BF4
:1042C0005BD1202A00F0E781002A56D19DF82130E9
:1042D000092B52D8DFE813F0AB019B015100BD015F
:1042E00051008C01620151005601E7002B78D9077B
:1042F0007FF54BAFFFF7B4FE47E7EB78DA077FF5C2
:1043000044AF0898FFF7A0FE3FE72B78D8077FF56A
:104310003CAF2878C0F3C000FFF7A0FE35E79DF85A
:104320001C00FFF749FE00F039FC9DF82030AB700F
:104330002BE79DF81C00FFF73FFE00F02FFCFFF776
:104340008BFE22E711D04FF0E023D3F8F03DDC07DD
:1043500000D500BE0BB0BDE8F08F099B9DF8212071
:104360009DF81C0000F038FC0FE72B4B61E7FFF7CE
:104370001FFB0246002840F085814FF0E023D3F870
:10438000F03DDF0700D500BE9DF81C000021FFF7BF
:10439000A9FD80219DF81C00FFF7A4FDF5E67047FC
:1043A0001E4800F005FC0121584608AAFFF76CFCE6
:1043B00000287FF4EAAEE7E79DF8241011F0700FB3
:1043C000DBD1174801F07F0390F800C00AEB4300EF
:1043D00000EBD110007D604551D340F06E810E4856
:1043E0000090002A00F06D81009F786900F0E0FBEA
:1043F000012158467B6908AA984700287FF4C5AE7A
:10440000C2E700BF74170020B41D00205C1D00200F
:10441000CF840220541C00203CF60010893C001080
:10442000CD8402209DF824300F2BADD8B14A5344DF
:104430001B791278934230D3A6D1AF4F786900F040
:10444000B7FB012158467B6908AA984700287FF4EA
:104450009CAE9DF8203013F0600795D19DF8213077
:104460000A3B012B90D800F0A3FB9DF821300A2BCA
:1044700000F00D82584608A900F01AFB85E6DFF827
:104480007CC2DCF800C00CEB40100090002A00F069
:10449000188100283FF478AFA6E7984A176817EB11
:1044A0004317CBD170E79AF801209DF82230934250
:1044B00000F05D819AF80120002A40F0D2818AF84C
:1044C0000130002B00F05181013BD8B2FFF770FAA8
:1044D000002800F06E814378022B40F06A81C27997
:1044E0009AF80010C2F340131B01C2F3801221F0AE
:1044F000300143EA42130B438AF80030438800F14D
:104500000901C3180293029B8B4240F2BD814B7894
:104510000B2B00F0C6810120042B40F04A810022C1
:10452000029B01925B1A1FFA83F9724B00921B786F
:1045300003901EE0714B1B6813EB421300F03981AE
:104540001F694A46584605910493B847019B0828BD
:1045500003F101030599019303D98145049B80F080
:104560000B81644B9DF804201B7800929342C0F0AD
:104570002081009A9342A2EB0303DBD85E4A02EB50
:104580004313DDE79AF8013058468DF81A300DF1E3
:104590001A02012308A900F0A7FAF6E5BDF82200E7
:1045A000030A5A1EC0B20E2A3FF6EEAE01A151F820
:1045B00022F000BFE54700107346001021480010AC
:1045C000894300108943001003480010734600100F
:1045D000894300108943001089430010894300106B
:1045E000894300108943001089430010D747001009
:1045F00008A800F0E3FA58469DF82210FFF7BEFB2A
:104600009AF8003043F002038AF80030BDE5BDF8A7
:104610002230012B7FF4B8AE9AF80030584623F0D0
:10462000080308A98AF8003000F042FAADE55846C0
:104630009AF800309A0802F00202C3F340131343C1
:10464000ADF81A300DF11A02022308A900F04CFA55
:104650009BE5BDF82230012B7FF496AE9AF800302E
:10466000584643F0080308A98AF8003000F020FA01
:104670008BE5022B3FF47BAEFFF7EAFC02460028F5
:104680003FF482AE5846538808A900F02DFA00285E
:104690007FF47BAD78E69DF824300F2B3FF674AEA7
:1046A000144A53441B79127893421ED2134A176856
:1046B00017EB43177FF499AE66E6002A7FF464AEE9
:1046C00000929DF821C00CF0FD02012A18D0BCF127
:1046D000000F7FF452AE0AEB430303EBD11393F8C0
:1046E00034305846C3F34003AAE77FF44DAE024F7F
:1046F0007BE600BFCD8402203CF60010541C002055
:10470000BDF82220DAB97948BCF1010F007800F039
:104710008F80CDE90113FFF7E5FB029B01990AEBBE
:10472000430303EBD11393F8342042F0020283F8E1
:10473000342093F8342042F0010283F83420009BA7
:10474000002B3FF422AD1F46586900F031FA7B6917
:10475000012108AA58469847002000F029FA9AF843
:104760003530DB073FF511AD84E6FFF775FC5846A1
:1047700008A900F09DF908E502460398012800F019
:10478000A580002800F09280002391F802E007E065
:10479000009F8CF804705FFA83FC604540F28680CD
:1047A0000EEB030C5AFA8CFC9CF804700133FF2FBB
:1047B000EED04FF0E023D3F8F03DD90700D500BE8E
:1047C0004FF0E023D3F8F03DDA0700D500BE002318
:1047D0008AF80130D8E5FFF753FA024600287FF443
:1047E00051AFD1E5FFF7E0F8024600283FF4C5AD30
:1047F0005846122308A900F077F900287FF4C5ACC9
:10480000C2E5FFF723FC024600283FF4BDAD584641
:10481000137808A900F068F900287FF4B6ACB3E576
:10482000BDF82410FFF7C8F802460028EFD1ABE529
:10483000CDE902320191FFF76DFB029B01990AEB72
:10484000430303EBD11393F83410039A62F341014D
:1048500083F8341093F8341062F3000183F83410B5
:104860006DE7002158460193FFF790FA5846FFF78D
:1048700023FB9AF8022058460092FFF79DFB009A0E
:10488000019B8AF802201AE6FFF7E4FB6FE758461F
:10489000012308A90DF11A028DF81A7000F024F90D
:1048A00073E40B78C87819444B7835E6009F1048BC
:1048B0003B46CDE9001200F0A1FDDDE900121144F4
:1048C0000C4A1378BB42BFF41EAE72E7D3F810C097
:1048D000094B9C4508BF022056E74FF0E023D3F870
:1048E000F03DDB077FF551AC00BE4EE474170020AD
:1048F000701D0020CD840220015000102DE9F84FDA
:104900000A9F002A40D00C461E4615464FF0000B69
:10491000DFF88090DFF8808016E0204698F80210DB
:1049200099F800A000F03AFDD0B121465046FFF7BB
:1049300049FAE0B1A3780BF1010BDA0920D1AB45BC
:104940003B7021D023781C446378052B0FD1E1788C
:1049500001F00301B1420AD1A37813F0700FDCD04B
:104960004FF0E023D3F8F03DDA0700D500BE4FF05A
:10497000E023D3F8F03DDB0709D40020BDE8F88F31
:104980000B9AAB451370DDD10120BDE8F88F00BE56
:10499000F3E700BF741700205C1D00208B7813F034
:1049A000700F08D04FF0E023D3F8F03DDA0700D5C0
:1049B00000BE0020704710B582B0084601910C4936
:1049C0000C4A8978147800F0E9FC48B94FF0E023EC
:1049D000D3F8F03DDB0700D500BE002002B010BDCB
:1049E0002046019902B0BDE81040FFF7EBB900BFC7
:1049F0005C1D0020741700200A46064B0648196803
:104A0000D309343302F07F0203EB4203184400F071
:104A100079BC00BFB01D00205C1D00200A46064B7B
:104A200006481968D309343302F07F0203EB4203CE
:104A3000184400F097BC00BFB01D00205C1D002092
:104A400010B5194801F07F0400EB440000EBD110D1
:104A500090F834C01CF0010F08D04FF0E023D3F8D9
:104A6000F03DDA0700D500BE002010BD00F1300493
:104A700094F804C00D484CF0010C007884F804C090
:104A8000FFF71CFA0028F0D14FF0E021227960F303
:104A900000022271227960F382022271D1F8F03D86
:104AA000DB07E1D500BEDFE75C1D002074170020A6
:104AB000DFF830C00023624610B58E460446086811
:104AC0004968CCF80C3003C29EF800102046BDE8BF
:104AD000104081F0FF011A4601F08001CCF8083047
:104AE000FFF7AEBF1C1D0020DFF8ACC070B5154647
:104AF000624600248E4606460868496882B003C2B2
:104B0000CCF80850ACF80E40BEF80620934228BFFF
:104B10001346ACF80C308AB133B3DDB19CF90020F8
:104B2000402B28BF4023002A29DB21463046194A62
:104B3000FFF786FF70B1012002B070BD9EF8001033
:104B4000134681F0FF01304601F08001FFF778FF46
:104B50000028F0D14FF0E023D3F8F03DDB0700D57B
:104B600000BE002002B070BD1A469CF8001001F093
:104B700080013046FFF764FF0028DCD1EAE71A46DF
:104B80002946044801930AF0FBF98021014A019B60
:104B9000EFE700BFDC1C00201C1D00200022034B9F
:104BA000C3E90022C3E902221A6170471C1D0020DC
:104BB000014B1861704700BF1C1D00200146054ACB
:104BC0004FF0000C134600684968C2E902CC03C3E9
:104BD000704700BF1C1D002030B53E4CC90922782B
:104BE0000546B1EBD21F83B017D053B14FF0E0238D
:104BF000D3F8F03DDB0702D4002003B030BD00BE87
:104C0000FAE72146FFF7D0F823691BB122460321BA
:104C100028469847012003B030BD94F90020002AAF
:104C200008DBA0680028E7D01A462B4901930AF058
:104C3000A7F9019BE089A168E288184480B2194471
:104C40008242E081A16016D03F2B14D9A28994F949
:104C50000040131A9BB2402B28BF4023002C28DBB6
:104C600090424FF0000132D01B4A2846FFF7E8FE81
:104C70000028CFD1BAE7236923B102212846154A7B
:104C8000984768B100232178284681F0FF011A4631
:104C900001F08001FFF7D4FE0028A7D00120BAE779
:104CA00001462846FFF71EF980212846FFF71AF92A
:104CB000B0E7904208D01A46074801930AF060F91D
:104CC0008021054A019BD0E780210022CDE70A46DA
:104CD000CBE700BF1C1D0020DC1C002070B582B09B
:104CE0000446FFF7BFF908B902B070BDFFF7C2F97B
:104CF00002460028F8D1C82304FB03F315492546D2
:104D0000CC18E0780028EFD010335E1830460192BE
:104D100000F0E8FB3F28E7D9E1780198FFF76CFE47
:104D20000028E1D0304600F0DDFB3F28E1780AD9C9
:104D30004023DFF824C001980CEBC51202B0BDE897
:104D40007040FFF77DBE019802B0BDE87040FFF7EC
:104D500065BE00BFA0170020581C002010B50446F7
:104D6000FFF780F908B9002010BDFFF783F900288C
:104D7000F9D1C822034B02FB0433187900F001007B
:104D800010BD00BFA0170020C82208B5024B02FBCF
:104D9000003000F08DFB08BDB01700204FF6FF7308
:104DA0002DE9F041C8249A4228BF1A4600FB04F4BA
:104DB0001B4D04F1100382B0804692B258195F195E
:104DC00000F0F0FB0646FFF74DF918B9304602B087
:104DD000BDE8F081FFF74EF90028F7D12544EA78C5
:104DE000002AF3D00190384600F07CFB3F28EDD933
:104DF0000198E978FFF700FE0028E7D0384600F078
:104E000071FB3F28E97807D9064A4023019802EB55
:104E1000C812FFF715FED9E70198FFF7FFFDD5E7A8
:104E2000A0170020581C0020F0B583B00546FFF7FE
:104E300019F910B9002003B0F0BDFFF71BF90446C3
:104E40000028F7D1C82305FB03F31A4A03F1240114
:104E50008F183846009300F02BFB0028EAD0154A43
:104E6000009B2046D618B178FFF7C6FD0028E1D098
:104E70001149384601EBC5114022009100F092FB28
:104E800096F802C0034670B1019061462046009A30
:104E9000FFF7D6FD58B94FF0E023D3F8F03DDB071C
:104EA000C8D500BEC6E76146FFF7B8FDC2E7019866
:104EB000C1E700BFA0170020981C002070B5054670
:104EC0004FF6FF70C823824228BF0246094C92B2B7
:104ED00003FB0544204600F029FC0646204600F06E
:104EE000E7FA3F2801D8304670BD2846FFF79CFFFF
:104EF000304670BDC4170020C82208B5024B02FB23
:104F0000003000F0EFFA08BDC417002070B500248F
:104F100082B0C822002118480AF02AF8FF234FF473
:104F2000E131082215480470134800940646437185
:104F30008160827300F1380101234022103000F0BB
:104F400087FA0123402206F17801009306F1B805A3
:104F500006F1240000F07CFA2846FBF77DFC06F100
:104F6000C000FBF779FC06F1C000C6E90745C6E9B9
:104F70000C0402B070BD00BFA0170020D81C002098
:104F80000A4B196B1A6A61B13AB10022C3E90C22CB
:104F9000DA6100221A62012070470120C3E90C2265
:104FA0007047002AF7D0D961F3E700BFA0170020AF
:104FB0000022104908B510480B7802600271DA0728
:104FC00007D59B070CD5BDE8084001210B4800F030
:104FD00071BC103000F052FC06490B789B07F2D4EC
:104FE000064800F04BFCBDE808400121034800F0F2
:104FF00061BC00BFD81C0020A0170020C4170020EF
:1050000070B54B7984B0022B02D18B79022B03D07F
:105010000024204604B070BD2B4B9B783BB14FF071
:10502000E023D3F8F03DDB07F2D500BEF0E78B7844
:105030000546254803700B78194491F801C0BCF16E
:10504000240F08BF092409D03BE00B78194491F8DC
:1050500001C02344BCF1240F9CB207D19442F4D97F
:105060000020FFF73BFE204604B070BD6346BCF154
:10507000050F16D0042BF3D14B790A2BF0D1134B2B
:105080000A780193013300930223164611442846FF
:105090001A46FFF733FC0028C1D00E3433199CB2F6
:1050A000DEE728460391FFF779FC03990028B6D084
:1050B0008B78054A53700B781A1919444B7894B2BF
:1050C000D8E763460924D2E7A0170020A2170020E2
:1050D000137803F06003202B0BD100B5DFF8BCC0C0
:1050E00093889CF800E083B09E4504D0002003B074
:1050F00000BD002070475378203B032BF6D8DFE833
:1051000003F02C270D02012933D0032922D11E4B95
:1051100003B300205188AFF300801BE0012928D0A1
:10512000032917D15288194802F0010383F00101C5
:1051300001938CF80420009200F0BCFB144949B1A3
:10514000009A00200199C2F34002AFF3008001E011
:10515000012912D0012003B000BD01290DD003297F
:10516000F8D10C4B002BF5D000200B49FEF7A8FD21
:10517000F0E71146FFF79CFCECE711460723064ACF
:10518000FFF7B2FCE6E700BF00000000C4170020F4
:1051900000000000C13C0010A8170020A01700204C
:1051A0002DE9F041354C0D46E27807468A421E460D
:1051B00082B02FD0A3788B4209D04FF0E023D3F8F0
:1051C000F03DDB0724D4002002B0BDE8F0812C4B79
:1051D00013B10020AFF300800020FFF725FE002868
:1051E00047D1284800F064F9002842D1002E40D071
:1051F00016F03F053DD13846A178FFF7FDFB0028AA
:1052000037D02B462A463846A178FFF719FC30E004
:1052100000BED8E79AB21C4904F1100000F086FAEB
:105220001A4BD3B16279FF2A17D0B6B1164B03EBF4
:10523000060802E0434510D0627913F8011B914241
:10524000F8D11348019300F043F9019B0028F1D1F4
:105250006179AFF30080019BECE70E4B1BB10C486A
:1052600000F036F938B10020FFF738FDA378AB42E3
:10527000ADD00120A8E7AFF30080F4E7A01700202D
:1052800000000000C4170020581C0020000000008F
:10529000B01700200000000000B583B0D9B101288C
:1052A0000ED80B7863B1DFF858C0012B0CF8003032
:1052B00002D0012003B000BDFEF7E4FE0028F8D1C3
:1052C0004FF0E023D3F8F03DDB0702D4002003B019
:1052D00000BD00BEFAE70122084601A9ADF804208E
:1052E000FEF7D0FE012238B94FF0E023D3F8F03DAD
:1052F000DA07ECD500BEEAE7014B1A70E7E700BF1A
:10530000501D0020037813F001031ED130B5024672
:10531000007883B00446400702D5184603B030BD7C
:1053200008460D464FF0FF31019209F001FE019A47
:10533000137813F001030BD1117849070AD41178BF
:10534000012341F00401117004E000231846704766
:10535000C4F380032846019309F0F6FD019B18462B
:1053600003B030BD70B50D4604464FF0FF312846FE
:1053700009F0DEFD2378C3F380065B0708D52378A8
:1053800013F0010311BF0026227863F3820222701A
:10539000284609F0D9FD304670BD00BFC378828829
:1053A00003F003000228C2F30A0215D003280AD032
:1053B00001281CD1022940F2FF3308BF4FF480635B
:1053C00093420DD37047022914BF40234FF48063EA
:1053D000934205D30120704702290AD0402AF9D907
:1053E0004FF0E023D3F8F03DDB0700D500BE0020EE
:1053F0007047B2F5007FEDD0F2E700BF0A4491425A
:1054000025D291F801C0BCF1050F05D091F800C07C
:1054100061448A42F5D8704700B591F802C00CF09B
:105420007F0E00EB4E0E4FEADC1C0EF80C3091F8AC
:1054300000C061448A4209D991F801C0BCF1050F4E
:10544000EBD091F800C061448A42F5D800BD7047A6
:105450002DE9F041B2F5004F9DF8185024D80446CC
:10546000C06898460F46164618B14FF0FF3109F054
:105470005FFD206918B14FF0FF3109F059FD00229E
:10548000C8F30E03E06843EAC53362812760A68053
:10549000E380228108B109F057FD206908B109F0C5
:1054A00053FD0120BDE8F0810020BDE8F08100BF80
:1054B000038942899BB292B28088934236BFC2EB85
:1054C00040029B1A9B189BB2984228BF184670470F
:1054D0000289438990B29BB2C01AB0FA80F04009A9
:1054E000704700BF038942899BB2808892B2934281
:1054F00036BFC2EB40029B1A9B189BB2984286BFF4
:10550000C01A80B20020704730B5044600690D46CD
:1055100083B018B14FF0FF3109F00AFD228961898B
:1055200092B289B2A3888A4236BFC1EB4300501AB7
:10553000801880B268B3834209D29A422CBFD21A33
:10554000D21891B28B42618103D8C91A89B28B42B9
:10555000FBD9E2882368C2F30E0202FB0131284620
:1055600009F00EFD6289A38892B2511C89B28A4269
:105570004FF0010210D9002103FA02F0091A206944
:10558000618118B1019209F0DFFC019A104603B065
:1055900030BD0246618989B2B1EB430F4FEA430047
:1055A000EDDBEBE72DE9F04105460069884682B066
:1055B00028B14FF0FF31009209F0BAFC009A298916
:1055C0006B8989B29BB2AC88994236BFC3EB440663
:1055D000CE1A7618B6B2002E4BD0B44241D3B242A6
:1055E00028BF32469C4296B203D81B1B9BB29C42FA
:1055F000FBD9B5F806C0E01A296880B2CCF30E02D8
:105600008642174602FB031125D910FB02F24046E1
:1056100092B20193009209F0B3FC019B009A341BF3
:10562000234408EB020013FB07F2296892B209F049
:10563000A7FC6A89AC8892B293199BB29A421AD994
:1056400062009B1A28696B8108B109F07DFC304625
:1056500002B0BDE8F081404606FB02F209F090FC82
:10566000E7E7A1422CBF091B09198BB226466B81C3
:10567000B5E76B899BB2B3EB440F4FEA4402E1DB21
:10568000DFE700BF70B50446C0680E4682B018B1AF
:105690004FF0FF3109F04CFC2589238961899BB2C9
:1056A00089B2A2888B4236BFC1EB42015B1A5B18FC
:1056B0009BB29A42ADB20BD8E179C90908D1E06832
:1056C00018B1019109F040FC0199084602B070BD83
:1056D000954228BF2B4617D39B1A9BB29342FBD20D
:1056E000E2882068C2F30E0202FB0300314609F093
:1056F00047FC6B1C9BB29D42A28811D9002351002C
:105700005B1A01212381DAE7E2882068C2F30E02E6
:1057100005FB0200314609F033FC0135A288ABB22B
:10572000B3EB420F4FEA4201EBDBE9E72DE9F0472B
:10573000154682B0002A4AD00446C068884618B18F
:105740004FF0FF3109F0F4FBE17926896389C9093B
:10575000A288B6B29BB23ED19E4236BFC3EB420393
:10576000F31A9B199BB2934253D2D31A9BB2AB420A
:1057700028BF2B469DB27319B4F806C01FFA83F9EF
:10578000A5EB020A9642334603D39B1A9BB293427F
:10579000FBD2D21A91B22068CCF30E02A94217466E
:1057A00002FB030052D3414605FB02F209F0E8FB7D
:1057B000A3884E454FEA430202D8B9EB430F01DB01
:1057C000A9EB0209E0682A46A4F8089028BB104615
:1057D00002B0BDE8F087954227D29E4236BFC3EBA8
:1057E0004201F11A891989B250002944AF1A814245
:1057F000BA4608DB991889B24E1BB6B2B342894645
:1058000038D9301A86B2AB191FFA83F9B4F806C03A
:10581000B8E70022E0680028D9D0009209F094FB94
:10582000009A104602B0BDE8F087002AF2D0B4F822
:1058300006C0AD1A99181E46CCF30E0303FB05886B
:105840004FF0000A15461FFA81F99BE711FB02F29F
:10585000414692B20193009209F092FB019B009A9B
:10586000534413FB07F308EB020120689AB209F0D6
:1058700087FB9DE7B042C4DDC8E700BF10B5044612
:10588000C06818B14FF0FF3109F052FB206918B120
:105890004FF0FF3109F04CFB0023E0686381238166
:1058A00008B109F051FB206908B109F04DFB012056
:1058B00010BD00BF38B50446C0680D4618B14FF0A2
:1058C000FF3109F035FB206918B14FF0FF3109F0C5
:1058D0002FFBE379E06865F3C713E37108B109F0C2
:1058E00033FB206908B109F02FFB012038BD00BF50
:1058F0003A4B2DE9F043984214BF4FF480234FF404
:1059000000230546364E374C374A83B03360236058
:10591000946833EA0404FBD14FF002090620019198
:10592000FBF7B4FCAE464A465EF8046F01990EF5EB
:1059300040574FEA412843464FEAD15C1640C7F82A
:10594000009008E013EB080302F102024CEBD15C7B
:10595000B2F5807F03D0984274EB0C09F2D24FF479
:105960008073C2EB022C01E0012B34D0B0FBFCF8B9
:1059700041459946ACEB020C03F1FF33F4D209FB2D
:1059800002F91C0202212B46B0FBF9F04FF0030C88
:105990002A612A680EF5005E624005F5805802F41F
:1059A0007F42C8F80020CEF800606C68396053F878
:1059B000242B0C4082F0070202F0CF0203F50053C3
:1059C000C8F80020CEF80040C3F800C0CEF80010A0
:1059D00003B0BDE8F0839146D4E700BF00800840E3
:1059E0000020024000300240000002402DE9F04358
:1059F00004464FF00208254683B006200191FBF7CC
:105A000045FC424655F8046F019905F540594FEAA7
:105A1000412E002773464FEAD15C1640C9F800803A
:105A200008E013EB0E0302F102024CEBD15CB2F57D
:105A3000807F03D0984277EB0C08F2D24FF480734A
:105A4000C2EB022C01E0012B1BD0B0FBFCFE8E450B
:105A50001F46ACEB020C03F1FF33F4D902FB07F74E
:105A60001B02B0FBF7F02261226805F50055534098
:105A700003F47F4304F5805423602E6003B0BDE837
:105A8000F08317460023ECE708B506F0A9FE00F006
:105A90001FF84FF44871002000F0DCFA002006F0F7
:105AA00031FE04F009FD4FF47A7006F0D9FE0020B3
:105AB00000F044F84FF4FA6006F0D2FE06F0FEF96A
:105AC000002006F05DFA002006F0BEFBFBE700BFF9
:105AD00008B50121162006F029FE0121092006F053
:105AE00025FE0121102006F021FE01220C490D485F
:105AF00008F0D4FB0C4B187028B1BDE808400146F3
:105B00000A48FDF729BD0A48FDF7A8FC094B0A4AD7
:105B100003F2131142F8043F0B338B42FAD108BD54
:105B200050F10010A0290020D084022054F1001070
:105B30008CF1001080240020D82B002000232DE9B8
:105B4000F04302288BB0029398BF3C4B804698BF2D
:105B500013F800904FF6FF7088BF4FF0010902F074
:105B6000E3F8374903A808F009FD68B10D284FF0A4
:105B70001F054FF6FF74334B57D030210020CDE97D
:105B80000045314A04F0D4FB30492D4807F010F8A5
:105B90000746002834D001262C4C18E0012D404641
:105BA00035D000F089F84FF6FF754FF01F0C5021EB
:105BB0000020CDE9005C264A224B04F0B9FB731C9F
:105BC0009F4204F104041BD3B74219D01E46214959
:105BD00022682148FDF78AFA1F4802A906F0D6FF7D
:105BE00005460028DAD1484600F054F929462846EF
:105BF000194A06F039FE731C9F4204F10404E3D2F3
:105C00000121162006F092FD0BB0BDE8F08300F0F4
:105C100053F81F254FF6FF734021CDE900350020D2
:105C20000E4A084B04F084FBC9E720210020CDE98F
:105C300000450B4A04F07CFBA6E700BF5CF60010B1
:105C400050F1001090170020CCF10010DC2B002048
:105C500000F20010E0F10010A4840220ECF100102A
:105C6000B4F1001010B5134A82B01278C4B2522AAF
:105C700016D001210190082006F058FD09200021CE
:105C800006F054FD019B180A06F0C6FD204606F0FA
:105C9000C3FD0121092002B0BDE8104006F046BD59
:105CA0000121082006F042FD0021092006F03EFDFA
:105CB000ECE700BFD184022070B5724C2378522BE0
:105CC00006D0032800F2DA80DFE800F0127B7F8143
:105CD000022800F0C48003287CD0012800F0C48092
:105CE000002840F0C6800546F0214FF4A07275E010
:105CF00022250826644A654B0021187108201A6085
:105D000006F014FD0021092006F010FDB62006F073
:105D100083FD0121092006F009FD23780121522B82
:105D20004FF0080000F0858006F000FD09200021FA
:105D300006F0FCFC002006F06FFD002006F06CFD74
:105D40000121092006F0F2FC23780121522B4FF0AB
:105D5000080075D006F0EAFC0920002106F0E6FCF8
:105D6000002006F059FD284606F056FD01210920C5
:105D700006F0DCFC0021082006F0D8FC00210920F8
:105D800006F0D4FC362006F047FD0121092006F07C
:105D9000CDFC23780121522B4FF0080042D006F0B1
:105DA000C5FC0920002106F0C1FC002006F034FDEE
:105DB000304606F031FDBDE870400121092006F0B3
:105DC000B5BC28266225324A95E7422591E7282668
:105DD0000225F8E760254FF4A071F0222B4B1871D3
:105DE0001980082000215A8006F0A0FC002109201B
:105DF00006F09CFC362006F00FFD0121092006F07C
:105E000095FC23780121522B4FF008001FD006F09B
:105E10008DFC0021092006F089FC002006F0FCFC26
:105E20002846C6E706F082FC0021092006F07EFC29
:105E3000BEE706F07BFC0021092006F077FC7CE73A
:105E400006F074FC0021092006F070FC8BE706F0D8
:105E50006DFC0920002106F069FC2846A9E7C02551
:105E6000F0214FF4A072B9E7A0254FF4A071F02201
:105E7000B4E700254FF4A071F022AFE7002600251B
:105E8000A1E700BFD18402204001E0016884022024
:105E9000E001400170B5694C2378522B06D00328ED
:105EA00000F2C680DFE800F072767909032800F27C
:105EB000C280DFE800F09E9C9974A8260225604A03
:105EC000604B0021187108201A6006F02FFC002199
:105ED000092006F02BFCB62006F09EFC01210920CB
:105EE00006F024FC23780121522B4FF0080000F02B
:105EF000908006F01BFC0920002106F017FC002012
:105F000006F08AFC002006F087FC0121092006F03B
:105F10000DFC23780121522B4FF0080072D006F0BF
:105F200005FC0920002106F001FC002006F074FCAD
:105F3000284606F071FC0121092006F0F7FB00213C
:105F4000082006F0F3FB0021092006F0EFFB3620C5
:105F500006F062FC0121092006F0E8FB237801210C
:105F6000522B4FF0080046D006F0E0FB092000213C
:105F700006F0DCFB002006F04FFC304606F04CFC3F
:105F8000BDE870400121092006F0D0BB222548263B
:105F90002D4A95E7A826622591E74225F7E7E025F7
:105FA0002A4A284B0021187108201A6006F0BEFB0F
:105FB0000021092006F0BAFB362006F02DFC012155
:105FC000092006F0B3FB23780121522B4FF0080083
:105FD00026D006F0ABFB0021092006F0A7FB00202D
:105FE00006F01AFC2846C9E78025194AD9E720257A
:105FF000D6E74025F9E706F099FB0021092006F0D5
:1060000095FBBAE706F092FB0021092006F08EFB13
:106010008EE706F08BFB0021092006F087FB71E775
:1060200006F084FB0920002106F080FB2846A5E746
:106030000026002543E70025B2E700BFD1840220F7
:10604000E0014001688402204001E0014001F000CD
:10605000F000400170B5002582B0012106460F20F6
:1060600006F064FB4FF4FA7006F0FAFB00210F20F3
:1060700006F05CFB4FF4FA7006F0F2FB01210F20F2
:1060800006F054FB4FF4FA7006F0EAFB09202946AB
:106090008DF8065006F04AFB2946082006F046FB1C
:1060A000DC2006F0B9FB01230DF107020DF106011A
:1060B000E94808F069FF0121092006F037FB9DF847
:1060C0000730E64C522B29464FF00800237000F0B1
:1060D000008406F02BFB2946092006F027FB21202F
:1060E00006F09AFB0121092006F020FB2946082032
:1060F00006F01CFB2946092006F018FBC22006F01A
:106100008BFB0121092006F011FB23780121522B82
:106110004FF0080000F0D68306F008FB092029465E
:1061200006F004FB284606F077FB332006F074FBEC
:106130000121092006F0FAFA0021082006F0F6FAFB
:106140000021092006F0F2FAC52006F065FB0121C6
:10615000092006F0EBFA23780121522B4FF00800BA
:1061600001F0BE8106F0E2FA0920002106F0DEFA15
:10617000002006F051FB002006F04EFB0121092013
:1061800006F0D4FA23780121522B4FF0080001F0D9
:106190009F8106F0CBFA0920002106F0C7FA002003
:1061A00006F03AFB1E2006F037FB0121092006F01D
:1061B000BDFA23780121522B4FF0080001F08081B5
:1061C00006F0B4FA0920002106F0B0FA002006F02B
:1061D00023FB802006F020FB0121092006F0A6FA0F
:1061E0000021082006F0A2FA0021092006F09EFAFC
:1061F000B12006F011FB0121092006F097FA23785F
:106200000121522B4FF0080001F0528106F08EFA66
:106210000920002106F08AFA002006F0FDFAB020DD
:1062200006F0FAFA0121092006F080FA0021082080
:1062300006F07CFA0021092006F078FA362006F0F4
:10624000EBFA0121092006F071FA23780121522B83
:106250004FF0080001F0248106F068FA09200021BF
:1062600006F064FA002006F0D7FA282006F0D4FAE7
:106270000121092006F05AFA0021082006F056FAFA
:106280000021092006F052FAE02006F0C5FA0121AB
:10629000092006F04BFA23780121522B4FF0080019
:1062A00001F0F68006F042FA0920002106F03EFADD
:1062B000002006F0B1FA002006F0AEFA0121092014
:1062C00006F034FA23780121522B4FF0080001F038
:1062D000D78006F02BFA0920002106F027FA0020CB
:1062E00006F09AFA132006F097FA0121092006F029
:1062F0001DFA23780121522B4FF0080001F0B880DD
:1063000006F014FA0920002106F010FA002006F029
:1063100083FA182006F080FA0121092006F006FA17
:1063200023780121522B4FF0080001F0998006F0EC
:10633000FDF90920002106F0F9F9002006F06CFAB9
:10634000042006F069FA0121092006F0EFF923780C
:106350000121522B4FF0080001F07A8006F0E6F997
:106360000920002106F0E2F9002006F055FA0F207E
:1063700006F052FA0121092006F0D8F9237801210C
:10638000522B4FF0080001F05B8006F0CFF9092096
:10639000002106F0CBF9002006F03EFA062006F0B8
:1063A0003BFA0121092006F0C1F923780121522B83
:1063B0004FF0080001F03C8006F0B8F909200021F8
:1063C00006F0B4F9002006F027FA3A2006F024FA85
:1063D0000121092006F0AAF923780121522B4FF060
:1063E000080001F01D8006F0A1F90920002106F047
:1063F0009DF9002006F010FA562006F00DFA012152
:10640000092006F093F923780121522B4FF0080060
:1064100000F0FE8706F08AF90920002106F086F9CF
:10642000002006F0F9F94D2006F0F6F901210920C7
:1064300006F07CF923780121522B4FF0080000F080
:10644000DF8706F073F90920002106F06FF90020BC
:1064500006F0E2F904E000BF00800840D184022089
:10646000032006F0D9F90121092006F05FF923780D
:106470000121522B4FF0080000F0BA8706F056F9C0
:106480000920002106F052F9002006F0C5F90A2083
:1064900006F0C2F90121092006F048F9237801210C
:1064A000522B4FF0080000F09B8706F03FF90920BF
:1064B000002106F03BF9002006F0AEF9062006F0B8
:1064C000ABF90121092006F031F923780121522B83
:1064D0004FF0080000F07C8706F028F90920002121
:1064E00006F024F9002006F097F9302006F094F920
:1064F0000121092006F01AF923780121522B4FF0CF
:10650000080000F05D8706F011F90920002106F06F
:106510000DF9002006F080F93E2006F07DF90121FA
:10652000092006F003F923780121522B4FF00800CF
:1065300000F03E8706F0FAF80920002106F0F6F890
:10654000002006F069F90F2006F066F90121092004
:1065500006F0ECF80021082006F0E8F800210920F8
:1065600006F0E4F8E12006F057F90121092006F0D1
:10657000DDF823780121522B4FF0080000F010873E
:1065800006F0D4F80920002106F0D0F8002006F02B
:1065900043F9002006F040F90121092006F0C6F871
:1065A00023780121522B4FF0080000F0F18606F00D
:1065B000BDF80920002106F0B9F8002006F02CF9FA
:1065C000132006F029F90121092006F0AFF82378FD
:1065D0000121522B4FF0080000F0D28606F0A6F8F9
:1065E0000920002106F0A2F8002006F015F9182075
:1065F00006F012F90121092006F098F8237801210C
:10660000522B4FF0080000F0B38606F08FF80920F7
:10661000002106F08BF8002006F0FEF8012006F0BD
:10662000FBF80121092006F081F823780121522B83
:106630004FF0080000F0948606F078F80920002159
:1066400006F074F8002006F0E7F8112006F0E4F8F0
:106650000121092006F06AF823780121522B4FF01E
:10666000080000F0758606F061F80920002106F0A8
:106670005DF8002006F0D0F8062006F0CDF80121E4
:10668000092006F053F823780121522B4FF008001F
:1066900000F0568606F04AF80920002106F046F878
:1066A000002006F0B9F8382006F0B6F801210920DC
:1066B00006F03CF823780121522B4FF0080000F03F
:1066C000378606F033F80920002106F02FF8002065
:1066D00006F0A2F8342006F09FF80121092006F008
:1066E00025F823780121522B4FF0080000F018867E
:1066F00006F01CF80920002106F018F8002006F02A
:106700008BF84D2006F088F80121092006F00EF8DC
:1067100023780121522B4FF0080000F0F98506F094
:1067200005F80920002106F001F8002006F074F8B1
:10673000062006F071F80121092005F0F7FF237803
:106740000121522B4FF0080000F0DA8505F0EEFF32
:106750000920002105F0EAFF002006F05DF80D2079
:1067600006F05AF80121092005F0E0FF2378012105
:10677000522B4FF0080000F0BB8505F0D7FF092031
:10678000002105F0D3FF002006F046F80B2006F0AC
:1067900043F80121092005F0C9FF23780121522B7C
:1067A0004FF0080000F09C8505F0C0FF0920002193
:1067B00005F0BCFF002006F02FF8312006F02CF881
:1067C0000121092005F0B2FF23780121522B4FF05F
:1067D000080000F07D8505F0A9FF0920002105F0E3
:1067E000A5FF002006F018F8372006F015F8012163
:1067F000092005F09BFF23780121522B4FF0080060
:1068000000F05E8505F092FF0920002105F08EFF63
:10681000002006F001F80F2005F0FEFF01210920FD
:1068200005F084FF0021082005F080FF00210920E9
:1068300005F07CFF3A2005F0EFFF0121092005F06B
:1068400075FF23780121522B4FF0080000F03085AE
:1068500005F06CFF0920002105F068FF002005F01D
:10686000DBFF552005F0D8FF0121092005F05EFF70
:106870000021082005F05AFF0021092005F056FFED
:10688000112005F0C9FF0920012105F04FFF7820F4
:1068900005F0E6FF0021082005F048FF002109204F
:1068A00005F044FF292005F0B7FF0121092005F07C
:1068B0003DFF3046FFF700FAC82002B0BDE8704047
:1068C00005F0CEBF05F032FF2946092005F02EFF66
:1068D0002BE405F02BFF2946092005F027FF1120A6
:1068E00005F09AFF0121092005F020FF642005F042
:1068F000B7FF2946082005F019FF2946092005F0B1
:1069000015FF362005F088FF0121092005F00EFF54
:1069100023780121522B4FF0080000F0E98505F0A3
:1069200005FF0920294605F001FF284605F074FF00
:10693000284605F071FF0121092005F0F7FE00212E
:10694000082005F0F3FE0021092005F0EFFE3A20B3
:1069500005F062FF0121092005F0E8FE23780121FE
:10696000522B4FF0080000F00C8705F0DFFE0920E5
:10697000002105F0DBFE002005F04EFF552005F05C
:106980004BFF0121092005F0D1FE0021082005F070
:10699000CDFE0021092005F0C9FEB22005F03CFF24
:1069A0000121092005F0C2FE23780121522B4FF06E
:1069B000080000F0DE8605F0B9FE0920002105F090
:1069C000B5FE002005F028FF0C2005F025FF012171
:1069D000092005F0ABFE23780121522B4FF008006F
:1069E00000F0BF8605F0A2FE0920002105F09EFE02
:1069F000002005F011FF0C2005F00EFF01210920F9
:106A000005F094FE23780121522B4FF0080000F08E
:106A1000A08605F08BFE0920002105F087FE0020EE
:106A200005F0FAFE002005F0F7FE0121092005F02F
:106A30007DFE23780121522B4FF0080000F0818663
:106A400005F074FE0920002105F070FE002005F01D
:106A5000E3FE332005F0E0FE0121092005F066FE8B
:106A600023780121522B4FF0080000F0628605F0D8
:106A70005DFE0920002105F059FE002005F0CCFE46
:106A8000332005F0C9FE0121092005F04FFE002149
:106A9000082005F04BFE0021092005F047FEB72035
:106AA00005F0BAFE0121092005F040FE23780121FE
:106AB000522B4FF0080000F0348605F037FE092015
:106AC000002105F033FE002005F0A6FE352005F07C
:106AD000A3FE0121092005F029FE0021082005F070
:106AE00025FE0021092005F021FEBB2005F094FEC3
:106AF0000121092005F01AFE23780121522B4FF0C5
:106B0000080000F0068605F011FE0920002105F0BE
:106B10000DFE002005F080FE282005F07DFE0121FD
:106B2000092005F003FE0021082005F0FFFD0021EB
:106B3000092005F0FBFDC02005F06EFE01210920B3
:106B400005F0F4FD23780121522B4FF0080000F0EE
:106B5000D88505F0EBFD0920002105F0E7FD0020B8
:106B600005F05AFE3C2005F057FE0121092005F0F2
:106B7000DDFD0021082005F0D9FD0021092005F0E8
:106B8000D5FDC22005F048FE0121092005F0CEFD0B
:106B900023780121522B4FF0080000F0AA8505F060
:106BA000C5FD0920002105F0C1FD002005F034FEDF
:106BB000012005F031FE0121092005F0B7FD00217B
:106BC000082005F0B3FD0021092005F0AFFDC3202A
:106BD00005F022FE0121092005F0A8FD23780121FE
:106BE000522B4FF0080000F07C8505F09FFD092036
:106BF000002105F09BFD002005F00EFE0B2005F0A6
:106C00000BFE0121092005F091FD0021082005F06F
:106C10008DFD0021092005F089FDC42005F0FCFD53
:106C20000121092005F082FD23780121522B4FF02C
:106C3000080000F04E8505F079FD0920002105F0DF
:106C400075FD002005F0E8FD202005F0E5FD01219F
:106C5000092005F06BFD0021082005F067FD0021EB
:106C6000092005F063FDC62005F0D6FD01210920AD
:106C700005F05CFD23780121522B4FF0080000F055
:106C8000208505F053FD0920002105F04FFD00206F
:106C900005F0C2FD0F2005F0BFFD0121092005F020
:106CA00045FD0021082005F041FD0021092005F0E7
:106CB0003DFDD02005F0B0FD0121092005F036FD95
:106CC00023780121522B4FF0080000F0F28405F0E8
:106CD0002DFD0920002105F029FD002005F09CFD77
:106CE000A42005F099FD0121092005F01FFD23785E
:106CF0000121522B4FF0080000F0D38405F016FD5F
:106D00000920002105F012FD002005F085FDA120DD
:106D100005F082FD0121092005F008FD0021082071
:106D200005F004FD0021092005F000FDE02005F03C
:106D300073FD0121092005F0F9FC23780121522B74
:106D40004FF0080000F0A58405F0F0FC09200021B8
:106D500005F0ECFC002005F05FFDD02005F05CFDA7
:106D60000121092005F0E2FC23780121522B4FF08C
:106D7000080000F0868405F0D9FC0920002105F008
:106D8000D5FC002005F048FD012005F045FD01215E
:106D9000092005F0CBFC23780121522B4FF008008D
:106DA00000F0678405F0C2FC0920002105F0BEFC5C
:106DB000002005F031FD082005F02EFD01210920FD
:106DC00005F0B4FC23780121522B4FF0080000F0AD
:106DD000488405F0ABFC0920002105F0A7FC002049
:106DE00005F01AFD0F2005F017FD0121092005F01F
:106DF0009DFC23780121522B4FF0080000F02984DC
:106E000005F094FC0920002105F090FC002005F01D
:106E100003FD112005F000FD0121092005F086FC8D
:106E200023780121522B4FF0080000F00A8405F06E
:106E30007DFC0920002105F079FC002005F0ECFC28
:106E40002A2005F0E9FC0121092005F06FFC2378D8
:106E50000121522B4FF0080000F0EC8305F066FC96
:106E60000920002105F062FC002005F0D5FC362049
:106E700005F0D2FC0121092005F058FC23780121FE
:106E8000522B4FF0080000F0CE8305F04FFC092094
:106E9000002105F04BFC002005F0BEFC552005F05C
:106EA000BBFC0121092005F041FC23780121522B74
:106EB0004FF0080000F0B08305F038FC09200021F5
:106EC00005F034FC002005F0A7FC442005F0A4FCEC
:106ED0000121092005F02AFC23780121522B4FF0D3
:106EE000080000F0928305F021FC0920002105F044
:106EF0001DFC002005F090FC3A2005F08DFC0121DE
:106F0000092005F013FC23780121522B4FF00800D3
:106F100000F0748305F00AFC0920002105F006FC4E
:106F2000002005F079FC0B2005F076FC01210920FA
:106F300005F0FCFB23780121522B4FF0080000F0F4
:106F4000568305F0F3FB0920002105F0EFFB00203C
:106F500005F062FC062005F05FFC0121092005F028
:106F6000E5FB23780121522B4FF0080000F0388315
:106F700005F0DCFB0920002105F0D8FB002005F01E
:106F80004BFC112005F048FC0121092005F0CEFB47
:106F900023780121522B4FF0080000F01A8305F0EE
:106FA000C5FB0920002105F0C1FB002005F034FCE1
:106FB000202005F031FC0121092005F0B7FB00215C
:106FC000082005F0B3FB0021092005F0AFFBE1200C
:106FD00005F022FC0121092005F0A8FB23780121FE
:106FE000522B4FF0080000F0ED8205F09FFB0920C6
:106FF000002105F09BFB002005F00EFCD02005F0E1
:107000000BFC0121092005F091FB23780121522B73
:107010004FF0080000F0CF8205F088FB0920002126
:1070200005F084FB002005F0F7FB022005F0F4FBDF
:107030000121092005F07AFB23780121522B4FF022
:10704000080000F0B18205F071FB0920002105F075
:107050006DFB002005F0E0FB072005F0DDFB0121C2
:10706000092005F063FB23780121522B4FF0080023
:1070700000F0938205F05AFB0920002105F056FB31
:10708000002005F0C9FB0A2005F0C6FB01210920FC
:1070900005F04CFB23780121522B4FF0080000F043
:1070A000758205F043FB0920002105F03FFB00201D
:1070B00005F0B2FB0B2005F0AFFB0121092005F024
:1070C00035FB23780121522B4FF0080000F0578246
:1070D00005F02CFB0920002105F028FB002005F01D
:1070E0009BFB182005F098FB0121092005F01EFBF1
:1070F00023780121522B4FF0080000F0398205F06F
:1071000015FB0920002105F011FB002005F084FB90
:10711000342005F081FB0121092005F007FB2378CD
:107120000121522B4FF0080000F01B8205F0FEFAFF
:107130000920002105F0FAFA002005F06DFB43203C
:1071400005F06AFB0121092005F0F0FA23780121FE
:10715000522B4FF0080000F0FD8105F0E7FA0920FE
:10716000002105F0E3FA002005F056FB4A2005F067
:1071700053FB0121092005F0D9FA23780121522B74
:107180004FF0080000F0DF8105F0D0FA092000215F
:1071900005F0CCFA002005F03FFB2B2005F03CFB6E
:1071A0000121092005F0C2FA23780121522B4FF06A
:1071B000080000F0C18105F0B9FA0920002105F0AE
:1071C000B5FA002005F028FB1B2005F025FB012166
:1071D000092005F0ABFA23780121522B4FF008006B
:1071E00000F0A38105F0A2FA0920002105F09EFA23
:1071F000002005F011FB1C2005F00EFB01210920E9
:1072000005F094FA23780121522B4FF0080000F08A
:10721000858105F08BFA0920002105F087FA00200E
:1072200005F0FAFA222005F0F7FA0121092005F00D
:107230007DFA23780121522B4FF0080000F067817E
:1072400005F074FA0920002105F070FA002005F01D
:10725000E3FA1F2005F0E0FA0121092005F066FAA3
:107260000021082005F062FA0021092005F05EFAED
:10727000552005F0D1FA0121092005F057FA2378AD
:107280000121522B4FF0080000F03A8105F04EFA30
:107290000920002105F04AFA002005F0BDFAB020CF
:1072A00005F0BAFA0121092005F040FAFFF7F2BA19
:1072B00005F03CFA0021092005F038FAFFF7D1BAB1
:1072C00005F034FA0021092005F030FAFFF7A3BADF
:1072D00005F02CFA0021092005F028FAFFF784BAFE
:1072E00005F024FA0021092005F020FAFFF765BA1D
:1072F00005F01CFA0021092005F018FAFFF746BA3C
:1073000005F014FA0021092005F010FAFFF727BA5A
:1073100005F00CFA0021092005F008FAFFF708BA79
:1073200005F004FA0021092005F000FAFFF7E9B999
:1073300005F0FCF90021092005F0F8F9FFF7CAB9BA
:1073400005F0F4F90021092005F0F0F9FFF7ABB9D9
:1073500005F0ECF90021092005F0E8F9FFF78CB9F8
:1073600005F0E4F90021092005F0E0F9FFF76DB917
:1073700005F0DCF90021092005F0D8F9FFF74EB936
:1073800005F0D4F90021092005F0D0F9FFF72FB955
:1073900005F0CCF90021092005F0C8F9FFF710B974
:1073A00005F0C4F90021092005F0C0F9FFF7F1B894
:1073B00005F0BCF90021092005F0B8F9FFF7C3B8C2
:1073C00005F0B4F90021092005F0B0F9FFF7A4B8E1
:1073D00005F0ACF90021092005F0A8F9FFF785B800
:1073E00005F0A4F90021092005F0A0F9FFF766B81F
:1073F00005F09CF90021092005F098F9FFF747B83E
:1074000005F094F90021092005F090F9FFF728B85C
:1074100005F08CF90021092005F088F9FFF703B881
:1074200005F084F90021092005F080F9FEF7E4BF9A
:1074300005F07CF90021092005F078F9FEF7C5BFB9
:1074400005F074F90021092005F070F9FEF7A6BFD8
:1074500005F06CF90021092005F068F9FEF787BFF7
:1074600005F064F90021092005F060F9FEF768BF16
:1074700005F05CF90021092005F058F9FEF749BF35
:1074800005F054F90021092005F050F9FEF72ABF54
:1074900005F04CF90021092005F048F9FEF70BBF73
:1074A00005F044F90021092005F040F9FEF7DDBEA2
:1074B00005F03CF90021092005F038F9FEF7AFBED0
:1074C00005F034F90021092005F030F9FEF781BEFE
:1074D00005F02CF90021092005F028F9FEF762BE1D
:1074E00005F024F90021092005F020F9FEF743BE3C
:1074F00005F01CF92946092005F018F9FFF718BA1C
:1075000005F014F90021092005F010F9C7E605F08F
:107510000DF90021092005F009F99AE605F006F9B0
:107520000021092005F002F97CE605F0FFF80021B2
:10753000092005F0FBF85EE605F0F8F800210920C7
:1075400005F0F4F840E605F0F1F80021092005F017
:10755000EDF822E605F0EAF80021092005F0E6F84A
:1075600004E605F0E3F80021092005F0DFF8E6E580
:1075700005F0DCF80021092005F0D8F8C8E505F091
:10758000D5F80021092005F0D1F8AAE505F0CEF8DC
:107590000021092005F0CAF88CE505F0C7F80021A4
:1075A000092005F0C3F86EE505F0C0F800210920B8
:1075B00005F0BCF850E505F0B9F80021092005F008
:1075C000B5F832E505F0B2F80021092005F0AEF873
:1075D00014E505F0ABF80021092005F0A7F8E7E471
:1075E00005F0A4F80021092005F0A0F8C9E405F091
:1075F0009DF80021092005F099F8ABE405F096F814
:107600000021092005F092F88DE405F08FF80021A3
:10761000092005F08BF86FE405F088F800210920B7
:1076200005F084F851E405F081F80021092005F007
:107630007DF833E405F07AF80021092005F076F8AA
:1076400015E405F073F80021092005F06FF8FFF745
:10765000F7BB05F06BF80021092005F067F8FFF78C
:10766000D8BB05F063F80021092005F05FF8FFF7AB
:10767000B9BB05F05BF80021092005F057F8FFF7CA
:107680009ABB05F053F80021092005F04FF8FFF7E9
:107690007BBB05F04BF80021092005F047F8FFF708
:1076A0005CBB05F043F80021092005F03FF8FFF727
:1076B0002EBB05F03BF80021092005F037F8FFF755
:1076C0000FBB05F033F80021092005F02FF8FFF774
:1076D000E1BA05F02BF80021092005F027F8FFF7A3
:1076E000B3BA05F023F80021092005F01FF8FFF7D1
:1076F00085BA05F01BF80021092005F017F8FFF7FF
:1077000057BA05F013F80021092005F00FF8FFF72C
:1077100029BA05F00BF80021092005F007F8FFF75A
:10772000FBB905F003F80021092004F0FFFFFFF783
:10773000CDB904F0FBFF0021092004F0F7FFFFF7AB
:107740009FB904F0F3FF0021092004F0EFFFFFF7D9
:1077500080B904F0EBFF0021092004F0E7FFFFF7F8
:1077600061B904F0E3FF0021092004F0DFFFFFF717
:1077700042B904F0DBFF0021092004F0D7FFFFF736
:1077800023B904F0D3FF0021092004F0CFFFFFF755
:10779000F5B800BF2DE9F043804683B008200F46BE
:1077A00000211D46164604F0C1FF0021092004F007
:1077B000BDFF944C2A2005F02FF80121092004F088
:1077C000B5FF23780121522B4FF0080000F0DF8035
:1077D00004F0ACFF0920002104F0A8FF002005F010
:1077E0001BF84FEA182005F017F80121092004F0D2
:1077F0009DFF23780121522B4FF008005FFA88F893
:1078000000F0F88004F092FF0920002104F08EFFC0
:10781000002005F001F8404604F0FEFF0121092098
:1078200004F084FF2378013E522B4FEA262200F019
:10783000D88001210820019204F078FF092000215E
:1078400004F074FF019A100E04F0E6FFC6F307205F
:1078500004F0E2FF0121092004F068FF23780121F0
:10786000522B4FF00800F6B200F0B48004F05EFF37
:107870000920002104F05AFF002004F0CDFF30461B
:1078800004F0CAFF0121092004F050FF0021082064
:1078900004F04CFF0021092004F048FF2B2004F0E5
:1078A000BBFF0121092004F041FF23780121522B65
:1078B0004FF0080000F0878004F038FF0920002115
:1078C00004F034FF002004F0A7FF380A04F0A4FFFE
:1078D0000121092004F02AFF23780121522B4FF0C7
:1078E0000800FFB268D004F021FF0920002104F055
:1078F0001DFF002004F090FF384604F08DFF0121A9
:10790000092004F013FF2378013D522B4FF00101B1
:107910004FF008004FEA252747D004F007FF092061
:10792000002104F003FF380E04F076FFC5F30720B2
:1079300004F072FF0121092004F0F8FE23780121F0
:10794000522B4FF00800EDB228D004F0EFFE0920D2
:10795000002104F0EBFE002004F05EFF284604F056
:107960005BFF0121092004F0E1FE0021082004F062
:10797000DDFE0021092004F0D9FE2C2004F04CFF8C
:107980000121092003B0BDE8F04304F0CFBE04F0AC
:10799000CDFE0021092004F0C9FE22E704F0C6FE56
:1079A0000021092004F0C2FED8E704F0BFFE002148
:1079B000092004F0BBFEB9E704F0B8FE002109205D
:1079C00004F0B4FE98E704F0B1FE0021092004F0B1
:1079D000ADFE7AE704F0AAFE0021092004F0A6FE1D
:1079E0004DE70121082004F0A1FE0021092004F048
:1079F0009DFE2BE704F09AFE0021092004F096FE7C
:107A000009E700BFD1840220F0B5054683B0082005
:107A10000C46002104F08AFE0021092004F086FEB5
:107A2000944E2A2004F0F8FE0121092004F07EFE85
:107A300033780121522B4FF008004FEA152700F050
:107A4000DD8004F073FE0920002104F06FFE0020A9
:107A500004F0E2FE384604F0DFFE0121092004F0C4
:107A600065FE33780121522B4FF00800EFB200F091
:107A7000FA8004F05BFE0920002104F057FE00208C
:107A800004F0CAFE384604F0C7FE0121092004F0C4
:107A90004DFE3378013D522B4FEA2522C5F30727CF
:107AA00000F0D88001210820019204F03FFE092057
:107AB000002104F03BFE019A100E04F0ADFE3846A2
:107AC00004F0AAFE0121092004F030FE33780121E0
:107AD000522B4FF00800EDB200F0B58004F026FE06
:107AE0000920002104F022FE002004F095FE284623
:107AF00004F092FE0121092004F018FE0021082064
:107B000004F014FE0021092004F010FE2B2004F0E4
:107B100083FE0121092004F009FE33780121522B54
:107B20004FF0080000F0888004F000FE09200021DA
:107B300004F0FCFD002004F06FFE200A04F06CFE4F
:107B40000121092004F0F2FD33780121522B4FF07E
:107B500008006AD004F0EAFD0920002104F0E6FDE7
:107B6000002004F059FEE0B204F056FE0121092085
:107B700004F0DCFD3378013C522B4FEA24224BD039
:107B800001210820019204F0D1FD0920002104F018
:107B9000CDFD019A100E04F03FFEC4F3072004F05F
:107BA0003BFE0121092004F0C1FD33780121522B55
:107BB0004FF00800E4B228D004F0B8FD09200021FD
:107BC00004F0B4FD002004F027FE204604F024FE5B
:107BD0000121092004F0AAFD0021082004F0A6FDDF
:107BE0000021092004F0A2FD2C2004F015FE012143
:107BF000092003B0BDE8F04004F098BD04F096FD04
:107C00000021092004F092FD24E704F08FFD0021FB
:107C1000092004F08BFDD8E70121082004F086FD3F
:107C20000021092004F082FDB7E704F07FFD002168
:107C3000092004F07BFD96E704F078FD002109207F
:107C400004F074FD79E704F071FD0021092004F0CF
:107C50006DFD4CE70121082004F068FD002109209A
:107C600004F064FD2BE704F061FD0021092004F01D
:107C70005DFD07E7D184022038B5114BB3F800E071
:107C8000864502D35B888B4200D238BD14460B4632
:107C90000246FFF77FFD0121082004F047FD002187
:107CA000092004F043FD200A04F0B6FDE0B204F020
:107CB000B3FDBDE838400121092004F037BD00BF05
:107CC000688402202DE9F0418242BDF8188001D974
:107CD0008B4201D8BDE8F081174606465C1AFFF7D3
:107CE00059FDA7EB060C1FFA8CFC01210820A4B259
:107CF00004FB0CF504F01AFD0021092004F016FD28
:107D000000245FFA88F74FEA182004F085FD01345B
:107D1000384604F081FDA542F5D1BDE8F0410121CE
:107D2000092004F003BD00BFF0B5164B83B01C88DA
:107D30000CB15B880BB903B0F0BD002122460546AB
:107D400008460193FFF726FD019B0121082003FB54
:107D500004F604F0EBFC0021092004F0E7FC002409
:107D60002F0AEDB2384604F057FD0134284604F0DE
:107D700053FDA642F6D10121092003B0BDE8F04031
:107D800004F0D4BC688402202DE9F04F157889B046
:107D9000002D00F0A0801E4600930B46B6F804C0EC
:107DA00003918046F18804464FF0800B1E46DFF8B1
:107DB0002CA1BAF8003004EB0C00984202DD4446D6
:107DC000701886B2BAF8020077188742C8BF4446D6
:107DD000039FC8BF3E46A34275D3B04273D3002968
:107DE00071D01CF0070018BF0120A5F1200301FB92
:107DF00003F3009D00EBDC002F68651EADB2029519
:107E0000B146002503FB0077CDE90464CDE90628DF
:107E1000BCF1000F53D009F1FF38002402981FFA7B
:107E200088F8019514E09E450AD8BAF802304B450F
:107E300006D31F224146FFF71FFF009BB3F804C083
:107E40000134072EA3B208BF01376345A8B21CD284
:107E5000397804F007064BFA06F2451C1142BAF8CD
:107E600000301FFA85FEDED1451CAAB29A42E7D83F
:107E7000BAF802304B45E3D34FF478424146FFF75E
:107E8000FBFE009BB3F804C0DAE7DDE900351CF027
:107E9000070FD98805F101039DB207D08D420ED29C
:107EA00009F1010901371FFA89F9B4E78D4206D2B9
:107EB00009F101091FFA89F9BCF1000FABD1DDE925
:107EC0000464DDE9062812F8015F04EB0C039CB2A0
:107ED000002D7FF46EAF09B0BDE8F08F68840220FA
:107EE0002DE9F04F16B28DB0002E0896C0F2B08189
:107EF0008F1E4C1C5300BFB20022A4B22546B846C8
:107F0000C3F103031BB2CDE902100593431A049297
:107F100001960693DDE90123DDF810909A18AA482E
:107F2000039B01884B449BB28B4292B2079329D8A2
:107F300043889342C0F088810699CDE90924CB1982
:107F40001FFA83FB0B195C469B46A2F1020A561CE2
:107F50001FFA8AFAB6B20B955546294601354FF4F9
:107F6000FC622046ADB2FFF787FEAE42F5D1631C3E
:107F70009CB21FFA8BF2A242EED1DDE90924924BAA
:107F80000B9D1988039BA3EB090398B288422AD85A
:107F90008D484088904226D30699A2F1020A561CC9
:107FA00001EB08021FFA82FBCDE909451FFA8AFAA4
:107FB0005C46B6B201EB050B0B93554629460135DD
:107FC0004FF4FC622046ADB2FFF756FEAE42F5D14B
:107FD000631C9CB21FFA8BF2A242EED1DDE9094587
:107FE000794A0B9B1188039A0198A2EB000A1FFAA9
:107FF0008AFA8A4523D8029A73484A44408892B242
:10800000824200F2EB80AAF1020B09951FFA8BF570
:108010009B463E46314601364FF4FC622846B6B2D6
:10802000FFF72AFEA642F5D1AA4505F1010200F0AC
:10803000CD8095B2EDE75B46634A099C11889BB2FF
:10804000DDE901028B42A2EB000292B22AD85E4B1C
:108050005B88934251D30699A2F1020A01EB08030F
:108060001FFA83FB561CCDE909241FFA8AFA5C46E5
:10807000B6B20B9501EB050B5546294601354FF479
:10808000FC622046ADB2FFF7F7FDAE42F5D1631CAE
:108090009CB21FFA8BF2A242EED1DDE909244A4BD1
:1080A0000B9D1988079B8B4227D8474B5B889342CF
:1080B00023D3A2F1020A561C069A0794D3191FFA79
:1080C00083FB13195C469B461FFA8AFAB6B20995E0
:1080D0005546294601354FF4FC622046ADB2FFF704
:1080E000CBFDAE42F5D1631C9CB21FFA8BF2A242CB
:1080F000EED1354B079C099D1988039B019A03EB30
:10810000020B1FFA8BFB8B451DD8029B2E4AA3EB5B
:10811000090352889BB293423BD8ABF1020A1FFA83
:108120008AFA4646314601364FF4FC625046B6B2F2
:10813000FFF7A2FDB542F5D1D3450AF1010323D0E3
:108140001FFA83FAEDE7059B002B66DB019A049E7C
:10815000013A711C12B208B2904279DC3046089E96
:108160000A33801B03EB80030137013408F1FF3829
:10817000013D1BB2089204910593BFB2A4B21FFA4D
:1081800088F8ADB20192C5E60F4A13885B45DAD391
:108190005288029B4B449BB29342D4D8ABF1020A63
:1081A0001FFA8AFA3E46314601364FF4FC625046C9
:1081B000B6B2FFF761FDB442F5D1D3450AF1010330
:1081C000C1D01FFA83FAEDE768840220224A5B4699
:1081D0001188099D8A453FF632AF5088029AA2EB7A
:1081E000090292B282423FF62AAFAAF1020B099429
:1081F0001FFA8BF49B464646314601364FF4FC622B
:108200002046B6B2FFF738FDAE42F5D1A24504F1E3
:1082100001023FF410AF94B2EDE7049A08990132DD
:10822000049212B2914213DB063303EB8903013748
:10823000013408F1FF38013D1BB20593BFB2A4B26F
:108240001FFA88F8ADB265E6039BA3EB0903CAE603
:108250000DB0BDE8F08F00BF688402202DE9F04F1B
:1082600016B28DB0002E0896C0F2B0818F1E4C1C45
:108270005300BFB20022A4B22546B846C3F103039F
:108280001BB2CDE902100593431A0492019606939E
:10829000DDE90123DDF810909A18AA48039B0188B4
:1082A0004B449BB28B4292B2079329D843889342A6
:1082B000C0F088810699CDE90924CB191FFA83FB08
:1082C0000B195C469B46A2F1020A561C1FFA8AFA59
:1082D000B6B20B955546294601354FF6E072204659
:1082E000ADB2FFF7C9FCAE42F5D1631C9CB21FFAD8
:1082F0008BF2A242EED1DDE90924924B0B9D198845
:10830000039BA3EB090398B288422AD88D48408882
:10831000904226D30699A2F1020A561C01EB0802EC
:108320001FFA82FBCDE909451FFA8AFA5C46B6B20C
:1083300001EB050B0B935546294601354FF6E072CC
:108340002046ADB2FFF798FCAE42F5D1631C9CB25B
:108350001FFA8BF2A242EED1DDE90945794A0B9B67
:108360001188039A0198A2EB000A1FFA8AFA8A453B
:1083700023D8029A73484A44408892B2824200F25B
:10838000EB80AAF1020B09951FFA8BF59B463E463E
:10839000314601364FF6E0722846B6B2FFF76CFC64
:1083A000A642F5D1AA4505F1010200F0CD8095B2B3
:1083B000EDE75B46634A099C11889BB2DDE9010247
:1083C0008B42A2EB000292B22AD85E4B5B889342AA
:1083D00051D30699A2F1020A01EB08031FFA83FBAD
:1083E000561CCDE909241FFA8AFA5C46B6B20B95F1
:1083F00001EB050B5546294601354FF6E072204644
:10840000ADB2FFF739FCAE42F5D1631C9CB21FFA46
:108410008BF2A242EED1DDE909244A4B0B9D19886B
:10842000079B8B4227D8474B5B88934223D3A2F10B
:10843000020A561C069A0794D3191FFA83FB1319D4
:108440005C469B461FFA8AFAB6B2099555462946FC
:1084500001354FF6E0722046ADB2FFF70DFCAE429B
:10846000F5D1631C9CB21FFA8BF2A242EED1354BC0
:10847000079C099D1988039B019A03EB020B1FFAC5
:108480008BFB8B451DD8029B2E4AA3EB0903528818
:108490009BB293423BD8ABF1020A1FFA8AFA4646D6
:1084A000314601364FF6E0725046B6B2FFF7E4FBB4
:1084B000B542F5D1D3450AF1010323D01FFA83FA5F
:1084C000EDE7059B002B66DB019A049E013A711CC7
:1084D00012B208B2904279DC3046089E0A33801B03
:1084E00003EB80030137013408F1FF38013D1BB273
:1084F000089204910593BFB2A4B21FFA88F8ADB2F6
:108500000192C5E60F4A13885B45DAD35288029B75
:108510004B449BB29342D4D8ABF1020A1FFA8AFAB9
:108520003E46314601364FF6E0725046B6B2FFF78E
:10853000A3FBB442F5D1D3450AF10103C1D01FFA20
:1085400083FAEDE768840220224A5B461188099D80
:108550008A453FF632AF5088029AA2EB090292B2E6
:1085600082423FF62AAFAAF1020B09941FFA8BF45C
:108570009B464646314601364FF6E0722046B6B27B
:10858000FFF77AFBAE42F5D1A24504F101023FF4B8
:1085900010AF94B2EDE7049A08990132049212B236
:1085A000914213DB063303EB89030137013408F1F1
:1085B000FF38013D1BB20593BFB2A4B21FFA88F881
:1085C000ADB265E6039BA3EB0903CAE60DB0BDE8B7
:1085D000F08F00BF688402202DE9F04F16B28DB0F5
:1085E000002E0896C0F2A9818F1E4C1C5300BFB20A
:1085F0000022A4B22546B846C3F103031BB2CDE95D
:1086000002100593431A049201960693DDE90123B3
:10861000DDF810909A18A748039B01884B449BB241
:108620008B4292B2079328D843889342C0F081814D
:108630000699CDE90924CB191FFA83FB0B195C4677
:108640009B46A2F1020A561C1FFA8AFAB6B20B9593
:1086500055462946013500222046ADB2FFF70CFBF6
:10866000AE42F6D1631C9CB21FFA8BF2A242EFD14C
:10867000DDE909248F4B0B9D1988039BA3EB0903AC
:1086800098B2884229D88B484088904225D30699D1
:10869000A2F1020A561C01EB08021FFA82FBCDE987
:1086A00009451FFA8AFA5C46B6B201EB050B0B933B
:1086B00055462946013500222046ADB2FFF7DCFAC7
:1086C000AE42F6D1631C9CB21FFA8BF2A242EFD1EC
:1086D000DDE90945774A0B9B1188039A0198A2EBC3
:1086E000000A1FFA8AFA8A4522D8029A71484A4437
:1086F000408892B2824200F2E780AAF1020B09950B
:108700001FFA8BF59B463E4631460136002228462D
:10871000B6B2FFF7B1FAA642F6D1AA4505F10102B9
:1087200000F0CA8095B2EEE75B46624A099C118868
:108730009BB2DDE901028B42A2EB000292B229D882
:108740005C4B5B8893424FD30699A2F1020A01EB7E
:1087500008031FFA83FB561CCDE909241FFA8AFA85
:108760005C46B6B20B9501EB050B55462946013523
:1087700000222046ADB2FFF77FFAAE42F6D1631C6D
:108780009CB21FFA8BF2A242EFD1DDE90924494BDA
:108790000B9D1988079B8B4226D8464B5B889342DA
:1087A00022D3A2F1020A561C069A0794D3191FFA83
:1087B00083FB13195C469B461FFA8AFAB6B20995E9
:1087C00055462946013500222046ADB2FFF754FA3E
:1087D000AE42F6D1631C9CB21FFA8BF2A242EFD1DB
:1087E000344B079C099D1988039B019A03EB020BEC
:1087F0001FFA8BFB8B451CD8029B2E4AA3EB090367
:1088000052889BB293423AD8ABF1020A1FFA8AFA15
:1088100046463146013600225046B6B2FFF72CFAE2
:10882000B542F6D1D3450AF1010323D01FFA83FAEA
:10883000EEE7059B002B65DB019A049E013A711C53
:1088400012B208B2904278DC3046089E0A33801B90
:1088500003EB80030137013408F1FF38013D1BB2FF
:10886000089204910593BFB2A4B21FFA88F8ADB282
:108870000192CBE60F4A13885B45DAD35288029BFC
:108880004B449BB29342D4D8ABF1020A1FFA8AFA46
:108890003E463146013600225046B6B2FFF7ECF9AB
:1088A000B442F6D1D3450AF10103C2D01FFA83FACC
:1088B000EEE700BF68840220214A5B461188099DCB
:1088C0008A453FF635AF5088029AA2EB090292B270
:1088D00082423FF62DAFAAF1020B09941FFA8BF4E6
:1088E0009B4646463146013600222046B6B2FFF787
:1088F000C3F9AE42F6D1A24504F101023FF414AF30
:1089000094B2EEE7049A08990132049212B29142AD
:1089100013DB063303EB89030137013408F1FF3819
:10892000013D1BB20593BFB2A4B21FFA88F8ADB2E5
:108930006CE6039BA3EB0903CFE60DB0BDE8F08F17
:10894000688402202DE9F04FDD8885B0BDF838C07D
:10895000002D6AD09B469B8801391FFA81FA13F0DB
:10896000070118BF0121203A05FB02F2DBF8007075
:1089700001EBD3010025564602FB0177DFF8B080FA
:10898000CDF804C00390002B4FD0AA46039A013AB9
:108990001FFA82F9CDF80890751CCDF800A00024CC
:1089A0009E46B24602981FFA85F907E00134072D6A
:1089B000A2B208BF01379645B0B21AD9802297F803
:1089C00000C004F007052A411CEA020F00F101066D
:1089D000ECD0B8F800C0B2B29445E7D3B8F80220A2
:1089E0004A45E3D35146019AFFF746F9BBF804E044
:1089F000DCE75FEA4E7156467346DDF800A0BBF82F
:108A0000062009D00AF1010A1FFA8AFA92450CD20F
:108A100001360137B6B2BFE70AF10105ADB29542A2
:108A200003D2711C8EB2002BAFD105B0BDE8F08F20
:108A3000688402202DE9F04F6FF0380389B0471E9B
:108A40000E468C4600918346002100254FF01E0EF5
:108A50008246B846DFF804920390059371450846B4
:108A60002F4600F3C78007EB08039BB20493CDE9C0
:108A700006500346CDE901CEA0E0B9F80210334418
:108A80009BB299421FD3711E214447F6FF7204988E
:108A900089B2FFF7F1F8B9F800205245C0F09E8086
:108AA000B9F8021033199BB29942C0F0C680711E0A
:108AB0002144A8EB070047F6FF7289B280B2FFF7A6
:108AC000DBF8B9F80020039B1D1BADB2AA4223D3EB
:108AD000B9F80210009B8B420FD8711E3944A8EBE5
:108AE000040047F6FF7289B280B2FFF7C5F8B9F803
:108AF0000020954210D8B9F80210019B99420BD37F
:108B0000711EC91BA8EB040047F6FF7289B280B240
:108B1000FFF7B2F8B9F80020524511D3B9F80200B6
:108B2000311B89B288421DD3711E091BA8EB0700B7
:108B300047F6FF7289B280B2FFF79EF8B9F80020BD
:108B400093450FD8B9F80200311B89B2884209D386
:108B5000711E091B47F6FF72049889B2FFF78CF863
:108B6000B9F8002005EB4405ADB2954221D8B9F81B
:108B70000220019B9A420FD3711EC91B04EB08000F
:108B800047F6FF7289B280B2FFF776F8B9F8002095
:108B9000AA420ED3B9F80220009B934209D8711E55
:108BA000394404EB080047F6FF7289B280B2FFF740
:108BB00063F8029A631C1BB2934216DCB9F80020DA
:108BC0001C4693457FF659AF5245BFF469AF039BEE
:108BD0001D1BADB2AA42BFF47BAFC3E7039B1D1BB5
:108BE000ADB295427FF674AFAAE79646DDE906502E
:108BF000DDF804C0059B0135002B25DB0EF1FF34A9
:108C000024B229B2A14226DCA0EB0E00A6460A330C
:108C100003EB800300981BB201300CF1FF3C0BF119
:108C2000010B0AF1FF32059383B200931FFA8CFC0B
:108C30001FFA8BFB1FFA82FA10E7039B1D1BADB2D4
:108C4000AA42BFF445AF69E729B28E4503DB06337C
:108C500003EB8703DEE709B0BDE8F08F68840220EC
:108C60002DE9F04F87B0BDF84440BDF840E00394D3
:108C7000DC88002C7AD09B46203A04FB02F3BBF838
:108C80000420054612F0070018BF01204FF6FF76BA
:108C9000DBF8004000EBD200B64503FB004401F1D5
:108CA000FF3166D06B1E9FB2CDE904E7CDF804B06A
:108CB00000271FFA81FB002A58D0D8464FF0800ABF
:108CC000A3463C46584E08F10107BFB2C1460025F5
:108CD000B8460598029415E0471CB9B28C4508D3F4
:108CE0007188414505D3039A4946FEF7C5FF019BAC
:108CF0009A88072C01D10BF1010B0135A9B29142E1
:108D0000B8B217D29BF8001005F007044AFA04F72E
:108D10000F42B6F800C0DFD1471CB9B26145E8D8B0
:108D200071884145E5D3049A4946FEF7A5FF019BAA
:108D30009A88DEE75007DDE90134DB880AD0013488
:108D4000A4B29C4212D209F101010BF1010B1FFAEE
:108D500081F8B8E727460137BFB2BB425C4605D968
:108D600009F101011FFA81FB002AA6D107B0BDE875
:108D7000F08F4FF000088FB2002AF7D02E4605F191
:108D8000FF391FFA89FA0296504600254FF08009F4
:108D900039462646CDF8048008E00135B8F1070FC2
:108DA000ABB208BF01369A42A0B21FD9347805F0A1
:108DB000070849FA08F31C4200F10104EDD01A4BF0
:108DC0001FFA84FCB3F800E01F46E64501F10103F9
:108DD0009BB2E2D3B7F802C09C45DED3039A04915C
:108DE000FEF74AFFBBF804200499D6E70F46510767
:108DF0003446DDF80480029EBBF8063009D008F145
:108E000001081FFA88F89845B0D201370134BFB283
:108E1000B9E708F101081FFA88F898453546A5D248
:108E20000137BFB2A8E700BF688402202DE9F04FE8
:108E3000DFF8EC8085B0B8F8023083425AD305469B
:108E4000B8F80000884255D3934253D3A2EB050CE7
:108E5000BCF1000FB8BFCCF1000C8A4600294FF6D8
:108E6000FF7114BF01260E460024954238BF012130
:108E7000AAEB0C070196294B2646CCF1000B039177
:108E80004FEA4709CDF808C000920DE0B24531D055
:108E9000029ABF1A019ABAEB470F1644B6B24FEACC
:108EA00047091DDAB8F80000013464B283FB0412EC
:108EB000A2EBE47202EB4202A21A52B2EAB186427B
:108EC0000CD8B8F80220AA4208D3691E701E4FF4CD
:108ED000784289B280B2FEF7CFFE104BCB45D5DD8C
:108EE000009AAA4206D0039A57441544ADB24FEAFD
:108EF0004709D7E705B0BDE8F08F86420CD8B8F82F
:108F00000220AA4208D3691E701E4FF6FF7289B272
:108F100080B2FEF7B1FE014B0024DFE756555555F0
:108F2000688402202DE9F04FDFF824A18DB0BAF853
:108F30000070BDF8588087429DF85C40C0F0848086
:108F40000D46BAF80210A9427ED397427CD39942CB
:108F50007AD31E46131A83EAE371A1EBE371731B04
:108F6000964683EAE372A2EBE3724FF6FF7307962D
:108F7000660006F1FF3970452CBF1E460126099692
:108F80001E46079B08929D4238BF0126C2F1000C85
:108F90008B1A3A4690421F460B962B464E46CDF80A
:108FA00028E038D8BAF802209A424FEA470225D37F
:108FB000002E23DDCDE90434A0EB040BA3EB040960
:108FC0000024CDE9001CCDE90270069200270BEBCE
:108FD0000405ADB209EB07014246284689B20137C4
:108FE000FEF74AFEB742F5D10134A642EED1DDE9E3
:108FF000001CDDE90270DDE90434069A94450DDDBC
:10900000079A9A4220D00B9A0F441344BAF80020D2
:109010009BB29042C6D97A009445F1DC089ABF1AF7
:10902000099A15180A9A82424FEA4702A8B20BD051
:10903000B1EB470FE4DABAF800508542EED3BAF844
:1090400002509D42B4D2E9E70DB0BDE8F08F00BFF9
:10905000688402202DE9F043DFF87CC083B0BCF8BF
:1090600000409DF82860844232D3BCF802C08C4591
:109070002ED3944217462BD39C4529D336B11F24B7
:109080000A9403B0BDE8F043FEF71CBE1F2401257F
:109090001E46804689460B46CDE90045FFF742FF54
:1090A0003346424649464046CDE90045FFF73AFF80
:1090B0004B463A4631463846CDE90045FFF732FF88
:1090C000424638463346314601950094FFF72AFF61
:1090D00003B0BDE8F08300BF688402202DE9F04FA3
:1090E00016B28DB0002E0896C0F2B0818F1E4C1CB7
:1090F0005300BFB20022A4B22546B846C3F1030311
:109100001BB2CDE902100593431A0492019606930F
:10911000DDE90123DDF810909A18AA48039B018825
:109120004B449BB28B4292B2079329D84388934217
:10913000C0F088810699CDE90924CB191FFA83FB79
:109140000B195C469B46A2F1020A561C1FFA8AFACA
:10915000B6B20B955546294601354FF47842204664
:10916000ADB2FEF789FDAE42F5D1631C9CB21FFA89
:109170008BF2A242EED1DDE90924924B0B9D1988B6
:10918000039BA3EB090398B288422AD88D484088F4
:10919000904226D30699A2F1020A561C01EB08025E
:1091A0001FFA82FBCDE909451FFA8AFA5C46B6B27E
:1091B00001EB050B0B935546294601354FF47842D8
:1091C0002046ADB2FEF758FDAE42F5D1631C9CB20D
:1091D0001FFA8BF2A242EED1DDE90945794A0B9BD9
:1091E0001188039A0198A2EB000A1FFA8AFA8A45AD
:1091F00023D8029A73484A44408892B2824200F2CD
:10920000EB80AAF1020B09951FFA8BF59B463E46AF
:10921000314601364FF478422846B6B2FEF72CFDAF
:10922000A642F5D1AA4505F1010200F0CD8095B224
:10923000EDE75B46634A099C11889BB2DDE90102B8
:109240008B42A2EB000292B22AD85E4B5B8893421B
:1092500051D30699A2F1020A01EB08031FFA83FB1E
:10926000561CCDE909241FFA8AFA5C46B6B20B9562
:1092700001EB050B5546294601354FF4784220464F
:10928000ADB2FEF7F9FCAE42F5D1631C9CB21FFAF9
:109290008BF2A242EED1DDE909244A4B0B9D1988DD
:1092A000079B8B4227D8474B5B88934223D3A2F17D
:1092B000020A561C069A0794D3191FFA83FB131946
:1092C0005C469B461FFA8AFAB6B20995554629466E
:1092D00001354FF478422046ADB2FEF7CDFCAE42E8
:1092E000F5D1631C9CB21FFA8BF2A242EED1354B32
:1092F000079C099D1988039B019A03EB020B1FFA37
:109300008BFB8B451DD8029B2E4AA3EB0903528889
:109310009BB293423BD8ABF1020A1FFA8AFA464647
:10932000314601364FF478425046B6B2FEF7A4FCFF
:10933000B542F5D1D3450AF1010323D01FFA83FAD0
:10934000EDE7059B002B66DB019A049E013A711C38
:1093500012B208B2904279DC3046089E0A33801B74
:1093600003EB80030137013408F1FF38013D1BB2E4
:10937000089204910593BFB2A4B21FFA88F8ADB267
:109380000192C5E60F4A13885B45DAD35288029BE7
:109390004B449BB29342D4D8ABF1020A1FFA8AFA2B
:1093A0003E46314601364FF478425046B6B2FEF79B
:1093B00063FCB442F5D1D3450AF10103C1D01FFAD1
:1093C00083FAEDE768840220224A5B461188099DF2
:1093D0008A453FF632AF5088029AA2EB090292B258
:1093E00082423FF62AAFAAF1020B09941FFA8BF4CE
:1093F0009B464646314601364FF478422046B6B287
:10940000FEF73AFCAE42F5D1A24504F101023FF469
:1094100010AF94B2EDE7049A08990132049212B2A7
:10942000914213DB063303EB89030137013408F162
:10943000FF38013D1BB20593BFB2A4B21FFA88F8F2
:10944000ADB265E6039BA3EB0903CAE60DB0BDE828
:10945000F08F00BF688402202DE9F04F16B28DB066
:10946000002E0896C0F2A9818F1E4C1C5300BFB27B
:109470000022A4B22546B846C3F103031BB2CDE9CE
:1094800002100593431A049201960693DDE9012325
:10949000DDF810909A18A748039B01884B449BB2B3
:1094A0008B4292B2079328D843889342C0F08181BF
:1094B0000699CDE90924CB191FFA83FB0B195C46E9
:1094C0009B46A2F1020A561C1FFA8AFAB6B20B9505
:1094D0005546294601351F222046ADB2FEF7CCFB8A
:1094E000AE42F6D1631C9CB21FFA8BF2A242EFD1BE
:1094F000DDE909248F4B0B9D1988039BA3EB09031E
:1095000098B2884229D88B484088904225D3069942
:10951000A2F1020A561C01EB08021FFA82FBCDE9F8
:1095200009451FFA8AFA5C46B6B201EB050B0B93AC
:109530005546294601351F222046ADB2FEF79CFB59
:10954000AE42F6D1631C9CB21FFA8BF2A242EFD15D
:10955000DDE90945774A0B9B1188039A0198A2EB34
:10956000000A1FFA8AFA8A4522D8029A71484A44A8
:10957000408892B2824200F2E780AAF1020B09957C
:109580001FFA8BF59B463E46314601361F22284680
:10959000B6B2FEF771FBA642F6D1AA4505F101026B
:1095A00000F0CA8095B2EEE75B46624A099C1188DA
:1095B0009BB2DDE901028B42A2EB000292B229D8F4
:1095C0005C4B5B8893424FD30699A2F1020A01EBF0
:1095D00008031FFA83FB561CCDE909241FFA8AFAF7
:1095E0005C46B6B20B9501EB050B55462946013595
:1095F0001F222046ADB2FEF73FFBAE42F6D1631C00
:109600009CB21FFA8BF2A242EFD1DDE90924494B4B
:109610000B9D1988079B8B4226D8464B5B8893424B
:1096200022D3A2F1020A561C069A0794D3191FFAF4
:1096300083FB13195C469B461FFA8AFAB6B209955A
:109640005546294601351F222046ADB2FEF714FBD0
:10965000AE42F6D1631C9CB21FFA8BF2A242EFD14C
:10966000344B079C099D1988039B019A03EB020B5D
:109670001FFA8BFB8B451CD8029B2E4AA3EB0903D8
:1096800052889BB293423AD8ABF1020A1FFA8AFA87
:109690004646314601361F225046B6B2FEF7ECFA76
:1096A000B542F6D1D3450AF1010323D01FFA83FA5C
:1096B000EEE7059B002B65DB019A049E013A711CC5
:1096C00012B208B2904278DC3046089E0A33801B02
:1096D00003EB80030137013408F1FF38013D1BB271
:1096E000089204910593BFB2A4B21FFA88F8ADB2F4
:1096F0000192CBE60F4A13885B45DAD35288029B6E
:109700004B449BB29342D4D8ABF1020A1FFA8AFAB7
:109710003E46314601361F225046B6B2FEF7ACFA3D
:10972000B442F6D1D3450AF10103C2D01FFA83FA3D
:10973000EEE700BF68840220214A5B461188099D3C
:109740008A453FF635AF5088029AA2EB090292B2E1
:1097500082423FF62DAFAAF1020B09941FFA8BF457
:109760009B464646314601361F222046B6B2FEF7DA
:1097700083FAAE42F6D1A24504F101023FF414AFE0
:1097800094B2EEE7049A08990132049212B291421F
:1097900013DB063303EB89030137013408F1FF388B
:1097A000013D1BB20593BFB2A4B21FFA88F8ADB257
:1097B0006CE6039BA3EB0903CFE60DB0BDE8F08F89
:1097C000688402202DE9F0470746C2B0234E89463F
:1097D00092460021FF2202A805F0CAFB3388BB4253
:1097E00038D37088484535D343F239021C49ADF867
:1097F0001020029101F104314D463C463122BAF865
:1098000004C00DF10808039102E033887088A4B207
:1098100004EB0C0E9E45BAF8061002DD3C460D44E2
:10982000ADB229448142C8BF3C468142C8BF4D46C3
:109830009C420AD8854208D81F21534600912046F1
:109840002946FFF77FF8BAF804C018F8012F6444DE
:10985000002ADAD142B0BDE8F08700BF6884022058
:10986000313233342DE9F047224C9DF820702588A1
:1098700085421FD364888C421CD3012F16461BD00F
:10988000C3B1013B451E18440B440139ADB21FFA68
:1098900081F91FFA80F89FB24C46214601343246C6
:1098A0002846A4B2FEF7E8F9A742F6D10135ADB2D9
:1098B0004545F1D1BDE8F0875A00012AFADD4FF0A5
:1098C000000902F1FF38A0EB030ACD1A00240AEBCD
:1098D0000907BFB229193246384689B20134FEF76A
:1098E000CBF9A045F6D109F10109C845EED1BDE893
:1098F000F08700BF688402202DE9F04F6A4D8FB0D9
:109900002F88BDF8608087429DF864409DF868C04C
:109910007FD30E466988B1427BD3974279D399426F
:1099200077D383461946A2EB0B0383EAE37EAEEBC3
:10993000E37E8B1B10460C9283EAE372A2EBE37288
:109940004FF6FF7302915142019183452CBF194696
:10995000012102980A92864238BF01230D93AEEB93
:1099600002030B9122460021D9461C464FEA4C05C2
:10997000BA46013D019F01960131012A49B24FEAE1
:1099800044030AD1494880FB01B0A0EBE17000EB31
:109990004000081A40B2002857D0D1452AD8424882
:1099A000019E4088B04225D3002D23DD059400247C
:1099B000CDE903E7CDE90612CDE908C3A9EB0C0B0D
:1099C000A6EB0C0A00270BEB0406B6B20AEB070164
:1099D0004246304689B20137FEF74EF9AF42F5D123
:1099E0000134AC42EED1DDE903E7DDE90541DDE913
:1099F000072C099B9F420FDDDDE90130984208D01A
:109A00000D9874441E18B3B20193274BB3F800A00D
:109A1000B2E70FB0BDE8F08F0A9B0C9EE41A0B9BD7
:109A20004E454B4401F101001FFA83F9F1D0BEEB22
:109A3000440F4FEA4403DFDA41B21B48012AB0F871
:109A400000A09FD0D145AAD9E6E7CA4529D3164937
:109A5000019E4988B14224D3854222DD0594044603
:109A6000CDE903E7CDE9062CA9EB0C0BA6EB0C0A1C
:109A7000089300270BEB0406B6B20AEB07014FF67A
:109A8000FF72304689B20137FEF7F6F8BD42F4D1D5
:109A90000134AC42EDD1DDE903E7DDE90542DDE962
:109AA00007C30021A6E700BF68840220565555551C
:109AB0002DE9F04FDFF890C085B0BCF800409DF86C
:109AC00040608442BDF838509DF83C7002960FD338
:109AD000BCF802C08C450BD3944209D39C459A46EE
:109AE00006D347B10E9505B0BDE8F04FFEF7EAB8D2
:109AF00005B0BDE8F08FAB4680460C461F46CDE969
:109B000000B60B460392FFF70DFA53464246214634
:109B10004046CDE900B6FFF705FA3546CDE900B677
:109B2000039E2346324651463046FFF7FBF9424634
:109B30003046534639460F95CDF838B005B0BDE8EC
:109B4000F04FFFF7EFB900BF688402202DE9F04F16
:109B5000AB4E8FB037889DF8605087429DF864C047
:109B6000C0F0B78174888C4240F2B3811C46530028
:109B7000C3F103031BB2012D029100900FFA82FE84
:109B8000079300F06E82BEF1000FC0F2A2810023A5
:109B90000393029B4FEA4C05A3EB0C030693009B37
:109BA000CDF804E0A3EB0C03CDE9083E013DCDF870
:109BB00010C0019ADDE902391344009A9BB24A446D
:109BC00092B2BA42059200F20D8270889842C0F0BB
:109BD0008381002D40F3B681049A4FF00008981A53
:109BE0008346089ACDE90B900A9309EB020A4FF0DD
:109BF00000090AEB0807BFB20BEB09012246384601
:109C000089B209F10109FEF737F84D45F4D108F1A1
:109C10000108A845EBD1DDE90A39009A3788A2EBA3
:109C2000090291B2B9420C9800F2598171889942A7
:109C3000C0F0558182464FF00008089BCDF828906F
:109C4000A3EB090B0B924FF000090BEB0807BFB217
:109C50000AEB09012246384689B209F10109FEF7EB
:109C60000BF8A945F4D108F10108A845EBD1DDE9CD
:109C70000031DDE90A923788591A89B28F42C0F063
:109C80007A81029B03EB0900738880B28342C0F0A3
:109C9000DC81049B4FF00008C81A8346069BCDE97F
:109CA0000C0209EB030A0A91CDF82C904FF0000941
:109CB0000BEB0807BFB20AEB09012246384689B20E
:109CC00009F10109FDF7D8FF4D45F4D108F101086C
:109CD000A845EBD1DDE90A19DDE90C0237888F428E
:109CE000C0F01C83029B7188A3EB09039BB29942CD
:109CF000C0F0FB824FF000088346069BCDF8289009
:109D0000A3EB090A0B924FF000090BEB0807BFB257
:109D10000AEB09012246384689B209F10109FDF72B
:109D2000ABFFA945F4D108F10108A845EBD1DDE965
:109D30000113BDF82C2037885B1ABA42DDF8289051
:109D40009BB200F2698172889A42C0F0EA80049A5C
:109D50004FF000089A1A93460899CDE90A39A1EB09
:109D6000090A0C924FF000090AEB0807BFB20BEB8F
:109D700009012246384689B209F10109FDF77CFF45
:109D8000A945F4D108F101084545EBD1DDE90A39CF
:109D9000378805990C9AB94200F2C38071889942BC
:109DA000C0F0BF8092464FF00008089BCDF8149099
:109DB00009EB030B4FF000090BEB0807BFB20AEBEE
:109DC00009012246384689B209F10109FDF754FF1D
:109DD0004D45F4D108F10108A845EBD1DDE9003289
:109DE0009A18338892B29342DDF8149055D3029BAF
:109DF000A3EB0901738889B28B42C0F0DB8001E0DC
:109E000068840220049B4FF00008D11A8B46069B01
:109E1000CDE90A21A3EB090ACDF814904FF000090F
:109E20000BEB0807BFB20AEB09012246384689B29C
:109E300009F10109FDF720FFA945F4D108F1010856
:109E40004545EBD1DDE90A213388DDF814909342D2
:109E500023D3029B72884B449BB29A421DD34FF08E
:109E600000088B46069BCDF8149009EB030A4FF0CF
:109E700000090BEB0807BFB20AEB0901224638467E
:109E800089B209F10109FDF7F7FEA945F4D108F1FE
:109E900001084545EBD1DDF81490079B002BC0F27B
:109EA0009580019A039802F1FF38421C0FFA88F856
:109EB00011B288450DDB09990A33411ACDF8248087
:109EC000039203EB8103CDF804801BB2378807931C
:109ED0006FE60FB0BDE8F08F009BA3EB0902DDE950
:109EE0000031591A89B2B94245D8029B03EB0900E7
:109EF000738880B28342C0F0A880002D3FF7C9AEBE
:109F00000299A1EB090189B28B427DD3DDE90113EE
:109F100092B25B1ABA429BB200F2BE8172889A4238
:109F200036D2DDE900329A1892B2BA42B5D8029B15
:109F3000A3EB0901738889B299423BD8002D3FF702
:109F400061AFAAE70099A1EB090293B2BB426FD8B7
:109F5000019BCB1A9BB2BB42029B00F2968103EBA2
:109F6000090189B288420346CAD2029BA3EB0903C6
:109F70009BB29842CAD2DDE9011392B25B1A9742B2
:109F80009BB249D372889A42CBD3002D3FF7DFAE04
:109F9000059BBB42C5D8DDE900329A1892B2BA429D
:109FA0003FF67BAF029BA3EB0901738889B28B421A
:109FB000BFF473AF0299494489B299423FF66DAF3D
:109FC000002D7FF76AAF049BD11A48E7039A0999DD
:109FD0000132039212B28A423FF77BAF063303EBA2
:109FE000890372E7009AA2EB090291B2B9423FF6E7
:109FF00076AFB6F802C063453FF671AF002D40F36F
:10A0000054810499581A15E692B2DDE90113BA4257
:10A01000A3EB01039BB281D9059ABA4281D8728819
:10A020009A42FFF47EAF002DB5DD049A9A1AB9E684
:10A030000B460199591A89B28F429CD30346029864
:10A04000484480B298427FF65BAF0298A0EB0900CB
:10A0500080B298428FD8002D7FF758AF049BC81A62
:10A0600048E6BEF1000FFFF634AF0022029B8446A3
:10A0700011469B46CDE9033303F1FF38019000F10F
:10A08000FF3A089271450F46DDF8209000F3B68044
:10A0900009EB0A039BB20693CDF814E03B46CDF8DA
:10A0A00008C0099790E01F4671885B449BB29942B3
:10A0B0001CD307EB08012246069889B2FDF7DCFDA8
:10A0C0003288029B934200F28F8071880BEB07036A
:10A0D0009BB29942C0F0B88007EB0801AAEB0900D7
:10A0E000224689B280B2FDF7C7FD3288009BDD1B96
:10A0F000ADB2AA421DD37188049B99420CD309EBDF
:10A100000801AAEB0700224689B280B2FDF7B4FD30
:10A110003288AA420DD37188039B8B4209D8A8EBE1
:10A120000901AAEB0700224689B280B2FDF7A4FD1F
:10A130003288029B93420FD87088ABEB070189B23B
:10A1400088421AD3A8EB0701AAEB0900224689B27C
:10A1500080B2FDF791FD3288019B9A420DD3708841
:10A16000ABEB070189B2884207D3A8EB070122466F
:10A17000069889B2FDF780FD328805EB4705ADB240
:10A18000AA421CD37288039B9A420CD3A8EB090104
:10A1900007EB0A00224689B280B2FDF76DFD3288D6
:10A1A000AA420CD37288049B9A4208D309EB080197
:10A1B00007EB0A00224689B280B2FDF75DFD059AE1
:10A1C0007B1C1BB2934215DC328801998A42BFF492
:10A1D0006AAF02991F468A42BFF477AF009BDD1B2E
:10A1E000ADB2954287D9C8E7009BDD1BADB2954261
:10A1F00081D9B1E79646DDF808C0099FDDE907324D
:10A200000132002B089226DB0EF1FF3000B211B2B2
:10A210008842FFF65EAE039AA7EB0E0E0A33049F48
:10A2200003EB8E03551E1BB2019A01370793BBB295
:10A2300001320493ABB20CF1FF3C039393B2864618
:10A2400001931FFA8CFC1DE7009BDD1BADB295420C
:10A250007FF651AF70E711B28E45FFF63AAE039A22
:10A26000049D063303EB8903501E1BB2019A01358E
:10A270000793ABB20132049383B20CF1FF3C03931A
:10A2800093B201931FFA8CFCFCE6019A9B1A9BB2D5
:10A290009842BFF47DAE44E6059ABA423FF641AE1D
:10A2A00072889A42BFF477AE3BE6DDE900301B1AB4
:10A2B0009BB29F420ED3029B4B449BB29C45029B98
:10A2C000A3EB09039BB20CD363451BD8029B1B1A5B
:10A2D0009BB223E6029B1B1A9BB29C45BFF458AE6F
:10A2E0001FE69C45BFF412AE45E692B2DDE90103DC
:10A2F0009742A3EB00039BB2FFF48EAE9942BFF4EA
:10A3000026AD0EE6DDE901238F42A3EB02039BB2EB
:10A31000FFF482AE9C45BFF43BAE02E692B2DDE9AB
:10A3200001139742A3EB01039BB2BFF40CAD73E69C
:10A330002DE9F04F85B09A461F4FBDF83830BDF873
:10A340003CB003933B88834233D38946798849459F
:10A350002FD31646127862B3804604464D46BAF8AB
:10A36000040002E03B887988A4B204EB000E9E450D
:10A37000BAF806C002DD44466544ADB2AC448C4533
:10A38000C8BF44468C45C8BF4D469C420CD88D4240
:10A390000AD803992046009153462946CDF804B0C7
:10A3A000FEF75EFCBAF8040016F8012F0444002AF8
:10A3B000D8D105B0BDE8F08F688402202DE9F04FB8
:10A3C0008046ADF5057D9B46BDF83832144689467A
:10A3D000FF220021364F04A80393BDF83CA204F0ED
:10A3E000C7FDFF22002144A804F0C2FDB7F800C059
:10A3F000C44558D3B7F802E0CE4554D3002C52D010
:10A400000021264603462B4880FB0624F217C2EBA8
:10A41000A40202EB8204A6EB440430348DB25C54F7
:10A42000691C164609B2002AEED191423BDD0DF1BE
:10A4300011000B4404AA284413F8011D02F8011B63
:10A440009042F9D19DF810206AB34D464446BBF8BE
:10A45000040004AE04E0B7F800C0B7F802E0A4B20C
:10A4600023186345BBF8061002DD44460D44ADB227
:10A4700029447145C8BF44467145C8BF4D4664452F
:10A480000CD875450AD80399204600915B462946A9
:10A49000CDF804A0FEF7E4FBBBF8040016F8012F8A
:10A4A0000444002AD7D10DF5057DBDE8F08F00BF2B
:10A4B00068840220676666662DE9F043A74B85B085
:10A4C0001B78522B40F08F81A54C4FF6FF706288AD
:10A4D00023889A4240F29D80FDF726FC02260A233B
:10A4E0004FF47845194622880020CDE90056FEF742
:10A4F00019FD142221881046FEF798FC62882188F5
:10A50000143A92B21046FEF791FC638801960A3B1A
:10A510009BB20095194600202288FEF703FD002219
:10A520006388009222881E3B0A3A9BB21E210A20B1
:10A5300092B2FEF78FFD2388132B20D962883B2A25
:10A5400000F23483632B40F2D7837C2B40F2D1831B
:10A550006288DC2A40F27F833220DC21FEF76AFA2F
:10A560002388A3F1320080B2984208D8B4F802E000
:10A57000BEF1DC0F07D9DC21FEF75CFA2388092B3A
:10A580003FD9B4F802E0BEF1770F3AD9754EDFF843
:10A59000E081572278210A20B6F8049008F11305CB
:10A5A00005E0484418F8012FB4F802E080B200EB4F
:10A5B000090C9C45F78802DD0A20394489B20F4412
:10A5C0007745C4BF0A20782198420DD871450BD831
:10A5D0001F230093634BCDE90201FEF7B3F9DDE9D8
:10A5E0000201B6F804902388A845DAD1272B08D9B0
:10A5F0006388952B05D9962128205A4B5A4AFDF796
:10A60000C3FBAA212820594A05B0BDE8F043FFF753
:10A61000D9B8FDF789FB02260A234FF4784519467D
:10A6200022880020CDE90056FEF77CFC1422218808
:10A630001046FEF7FBFB62882188143A92B210465E
:10A64000FEF7F4FB638801960A3B9BB2009519461E
:10A6500000202288FEF766FC002263880092228890
:10A660001E3B0A3A9BB21E210A2092B2FEF7F2FC70
:10A670002388132B40F2AF8062883B2A0AD91F251A
:10A68000A3F1140228213C23142092B20095FDF777
:10A6900019FB23888B2B39D96288AA2A40F2DF82E2
:10A6A0000A22AA218C20FEF7D7FE2388A42B40F291
:10A6B0001D836288AA2A40F215830A22AA21A520B6
:10A6C000FDF78AFF2388BD2B08D96288AA2A33D9CF
:10A6D0000A22AA21BE20FEF701FD2388972B15D957
:10A6E0006288B42A40F2D4820A22B4219820FDF76D
:10A6F000B5FD2388B02B09D96288B42A40F2CA82FA
:10A700000A22B421B120FDF7EBFB2388312B62D95B
:10A710006288AA2A10D93220AA21FEF78BF9238851
:10A72000A3F1320080B2984255D86288AA2A03D990
:10A73000AA21FEF77FF92388362B4CD9B4F8028082
:10A74000B8F14F0F47D9074E094F572250213720F4
:10A75000B6F8049007F1130512E000BFD18402207F
:10A76000688402208017002034F20010781700203F
:10A770001CF20010484417F8012FB4F8028080B290
:10A7800000EB090E9E45B6F806C002DD3720614495
:10A7900089B28C44C445C4BF3720502198420DD89B
:10A7A00041450BD81F230093874BCDE90201FEF7EB
:10A7B000C9F8DDE90201B6F804902388AF42D9D187
:10A7C000542B08D963886D2B05D96E2155207E4BFB
:10A7D0007E4AFDF7D9FA822155207D4A05B0BDE8B1
:10A7E000F043FEF7EFBF7B4C4FF6FF70FDF79CFA8E
:10A7F00063882288022693424FF478454FF00A037B
:10A8000080F0F28019464FF4F0720020CDE9005636
:10A81000FEF788FB14224FF4F0711046FEF706FB9A
:10A820004FF496724FF4F0711046FEF7FFFA4FF4B2
:10A830009B734FF4F07219460020CDE90056FEF7E5
:10A8400071FB00226388009222881E3B0A3A9BB269
:10A850001E210A2092B2FEF7FDFB2388132B40F243
:10A86000AB8062883B2A0AD91F25A3F11402282154
:10A870003C23142092B20095FDF724FA2388BD2BC7
:10A8800041D96288F02A40F2F9811422F021BE20D9
:10A89000FEF7E2FD2388EF2B40F20F826288F02A58
:10A8A00040F21482F02114220846FDF795FE238819
:10A8B000B3F5917F09D36288F02A3AD91422F021A6
:10A8C0004FF49170FEF70AFC2388D62B1BD96288BF
:10A8D000B2F5827F40F2E28114224FF48271D720D8
:10A8E000FDF7BCFC2388B3F5847F0CD96288B2F5F0
:10A8F000827F40F2D68114224FF4827140F2091017
:10A90000FDF7EEFA2388312B56D96288FA2A10D93E
:10A910003220FA21FEF78EF82388A3F1320080B2AC
:10A92000984249D86288FA2A03D9FA21FEF782F8B8
:10A9300023884F2B40D962884F2A3DD95021264E7B
:10A94000264F57208846B6F8049007F1130504E017
:10A950001FFA80F8628817F8010F08EB090E9E4570
:10A96000B6F806C003DD4FF05008614489B28C444C
:10A970009445C4BF4FF05008502198450DD89142DE
:10A980000BD81F23024600934046134B0291FDF75C
:10A99000D9FFB6F8049023880299AF4208EB09006A
:10A9A000D6D14F2B08D96388772B05D97821502031
:10A9B0000B4B0C4AFDF7E8F996215020024A05B0EE
:10A9C000BDE8F043FEF7FEBE8017002034F2001011
:10A9D0007817002068840220901700201CF20010D5
:10A9E0008817002044F2001019460020CDE90056D7
:10A9F000FEF798FA142221881046FEF717FA6288AB
:10AA00002188143A92B21046FEF710FA6388019634
:10AA10000A3B9BB20095194600202288FEF782FA75
:10AA200000226388009222881E3B0A3A9BB21E21B4
:10AA30000A2092B2FEF70EFB2388132B40F2B3805C
:10AA400062883B2A0AD91F25A3F1140228213C233E
:10AA5000142092B20095FDF735F92388772B44D95D
:10AA6000B4F802C0BCF5967F40F2028114224FF484
:10AA700096717820FEF7F0FC2388A92B19D9B4F839
:10AA800002C0BCF5967F50D914224FF49671AA20CB
:10AA9000FDF7A2FD2388DB2B0BD9B4F802C0BCF56F
:10AAA000967F42D914224FF49671DC20FEF716FBF4
:10AAB0002388902B19D9B4F802C0BCF5A07F34D9F3
:10AAC00014224FF4A0719120FDF7C8FB2388C22BFC
:10AAD0000BD9B4F802C0BCF5A07F26D914224FF4DC
:10AAE000A071C320FDF7FCF92388312B19D9B4F8E4
:10AAF00002C0BCF5C87F18D932204FF4C871FDF7E9
:10AB000099FF2388A3F1320080B2984209D8B4F8A3
:10AB100002C0BCF5C87F08D94FF4C871FDF78AFFA1
:10AB20002388272B3FD9B4F802C0BCF1770F3AD95C
:10AB3000734E744F572278212820B6F8049007F1FD
:10AB4000130505E0484417F8012FB4F802C080B29D
:10AB500000EB09089845B6F806E002DD28207144AC
:10AB600089B28E44E645C4BF2820782198420DD88A
:10AB700061450BD81F230093614BCDE90201FDF71E
:10AB8000E1FEDDE90201B6F804902388AF42D9D195
:10AB9000272B08D96388B32B05D9B42128205A4B19
:10ABA0005A4AFDF7F1F8D221282007E71F25A3F123
:10ABB000140228213C23142092B20095FDF782F85C
:10ABC0002388632B43D96288B2F5827F7FF6BDACC0
:10ABD0000A224FF482716420FEF73EFC23887C2B0E
:10ABE00019D96288B2F5827F7FF6B3AC0A224FF49E
:10ABF00082717D20FDF7F0FC2388952B0BD96288AC
:10AC0000B2F5827F7FF6A5AC0A224FF482719620BE
:10AC1000FEF764FA23886F2B19D96288B2F5877F13
:10AC20007FF697AC0A224FF487717020FDF716FB70
:10AC30002388882B0BD96288B2F5877F7FF689AC91
:10AC40000A224FF487718920FDF74AF92388312BB6
:10AC50003FF67EAC93E4A3F1320080B286E4A42BED
:10AC600023D9BD2B7FF66AADAA2A3FF654AD63E522
:10AC7000A92B33D9DB2B3FF62EAF56E7EF2B2AD982
:10AC8000B3F5917FFFF457AEFA2A3FF641AE50E696
:10AC9000B02BE9D8AA2A3FF63EAD4FE5B3F5847F45
:10ACA000F2D8FA2A3FF634AE45E6972B7FF630AD60
:10ACB0006288B42A3FF618ADD6E7D62B7FF623AECE
:10ACC0006288B2F5827F3FF607AEDDE7B3F5917F8C
:10ACD000BFF42FAE2FE6D62BF2D816E6902B3FF618
:10ACE000EAAE04E7BD2B3FF627AD27E5972BDFD86B
:10ACF0000CE56F2B91D82BE4312B3FF629AC40E4C7
:10AD0000901700201CF200108817002044F2001059
:10AD10002DE9F041444984B080464448FAF766FE84
:10AD200001AD0DF10E070021102001F0FFFC40469F
:10AD300001F072FDC82001F095FD002001F07EFDBC
:10AD40000646002001F07AFD40EA0624A4B2012163
:10AD50001020E40801F0EAFC25F8024BC82001F0BD
:10AD600081FDBD42DFD132493048FAF73FFEBDF8E0
:10AD70000400BDF80610884204D90346ADF8060069
:10AD8000084699B2BDF80830834204D20246ADF8B5
:10AD90000800184693B2BDF80A20904204D9044630
:10ADA000ADF80A001046A2B2BDF80C40844238BF8C
:10ADB0000446994230D8914206D90846ADF806209B
:10ADC000ADF80A10114682B2A14221D8934206D9A9
:10ADD0001946ADF80820ADF80A3013468AB2A342EE
:10ADE00002D9ADF808401C46A24201D9ADF80A408C
:10ADF000BDF80830BDF80600BDF80A20184410441C
:10AE00000C4B80B2A3FB0030400804B0BDE8F081D9
:10AE1000ADF806400C46D9E70846ADF80630ADF867
:10AE20000810194683B2C6E7C0C62D00008008404E
:10AE3000C0E1E400ABAAAAAA2DE9F04F8BB0CDE99E
:10AE40000712BDF858200993B44B0492BDF85C205A
:10AE50001B780592BDF86020522B8046BDF850A0AB
:10AE6000BDF854B0069200F0B6800126AC4D4FF606
:10AE7000FF74AF88CDE901664FF478464FF48773CD
:10AE8000FA22A02128200094FEF712FE2B46A021D2
:10AE90002820CDE90046A34AFFF74AFA2B46A02115
:10AEA0008C20CDE90046A04AFFF742FA2B46B42198
:10AEB0002820CDE900469D4AFFF73AFA2B46B421F7
:10AEC0008C20CDE900469A4AFFF732FA2B46C8217A
:10AED0002820CDE90046974AFFF72AFA2B46C821D9
:10AEE0008C20CDE90046944AFFF722FA2B46DC215C
:10AEF0002820CDE90046914AFFF71AFA2B46DC21BB
:10AF00008C20CDE900468E4AFFF712FA2B46F0213D
:10AF10002820CDE900468B4AFFF70AFA424607EBA4
:10AF2000470808F128092B4608F18C081FFA89F018
:10AF3000A021CDE90046FFF741FA2B46079A1FFAF8
:10AF400088F0A021CDE90046FFF738FA2B46089A91
:10AF50001FFA89F0B421CDE90046FFF72FFA2B46FE
:10AF6000099A1FFA88F0B421CDE90046FFF726FAC6
:10AF700052462B461FFA89F0C821CDE90046FFF75B
:10AF80001DFA5A462B461FFA88F0C821CDE9004623
:10AF9000FFF714FA2B46049A1FFA89F0DC21CDE959
:10AFA0000046FFF70BFA2B46059A1FFA88F0DC21C2
:10AFB000CDE90046FFF702FAF0212B4607EB8700A8
:10AFC0004000069A283080B2159614940BB0BDE864
:10AFD000F04FFFF7F3B901254FF6FF74CDE90155A6
:10AFE0004FF478454FF48773F022A0212820009475
:10AFF000FEF75EFDA0212820CDE90045484B494AD7
:10B00000FFF796F9A0217820CDE90045444B464A48
:10B01000FFF78EF9B4212820CDE90045404B434A83
:10B02000FFF786F9B4217820CDE900453C4B404A32
:10B03000FFF77EF9C8212820CDE90045384B3D4A6D
:10B04000FFF776F9C8217820CDE90045344B3A4A1C
:10B05000FFF76EF9DC212820CDE90045304B374A57
:10B06000FFF766F9DC217820CDE900452C4B344A06
:10B07000FFF75EF9F0212820CDE90045284B314A41
:10B08000FFF756F94246A0214320CDE90045244B65
:10B09000FFF794F9079AA0219320CDE90045204BB2
:10B0A000FFF78CF9089AB4214320CDE900451C4BE9
:10B0B000FFF784F9099AB4219320CDE90045184B94
:10B0C000FFF77CF95246C8214320CDE90045144BD7
:10B0D000FFF774F95A46C8219320CDE90045104B7B
:10B0E000FFF76CF9049ADC214320CDE900450C4BB5
:10B0F000FFF764F9059ADC219320CDE90045084B60
:10B10000FFF75CF9F0216020054B069A1595149421
:10B110000BB0BDE8F04FFFF751B900BFD18402205A
:10B120008017002054F2001058F200105CF200105A
:10B1300060F2001064F2001068F200106CF200106F
:10B1400070F2001074F20010F8B5D020FFF7E0FDA7
:10B1500004469020FFF7DCFD06460A2001F082FB42
:10B16000D020FFF7D5FD05469020FFF7D1FD07461B
:10B170000A2001F077FBAC4206D204F131039BB206
:10B180009D4206D90020F8BD05F131039BB29C42D7
:10B19000F8D8BE420DD206F131039BB29F42F1D8DE
:10B1A000074A2C44F31964105B1001209480D3806B
:10B1B000F8BD07F131039BB29E42F1D90020E2E7CE
:10B1C00074840220000000002DE9F04F2DED048B67
:10B1D0004FF478444FF6FF7595B04FF6FF70FCF7CB
:10B1E000A3FDCDE9005428210020914B914AFFF79F
:10B1F0009FF8002601250C23182219463046CDE978
:10B2000000460295FEF778FB0C22182310463146C3
:10B21000CDE901650094FEF76FFB0C21224608463C
:10B2200002230095FEF71EFB0C2123460195062202
:10B2300008460096FEF78AFC00239FED7F9A35466C
:10B240007E4CDFF8FCB12361267200274FF0FF36F9
:10B25000112001F071FA70B9FFF776FF94F9083008
:10B26000002BF5DBC023626811202260237201F0FD
:10B2700063FA0028F0D094F90820237A002A03F01A
:10B280007F016CDBC4E9007603F0C002402ADFD105
:10B29000626823F04003237210A96B1C41F825203B
:10B2A000C820DDB201F0DCFA032D00F09982042DF4
:10B2B00000F0C880022D57D0002601254FF6FF77F9
:10B2C0000C233046194600971822CDE90165FEF798
:10B2D00013FB0C223146104600971823CDE9016577
:10B2E000FEF70AFB0C213A46084602230095FEF7BA
:10B2F000B9FA0C213B4608460622CDE90065FEF767
:10B3000025FC4FF478480C23BBF800201946A2F125
:10B310000C07A2F11800BFB2CDE90086029580B2F9
:10B32000FEF7EAFA3A46314638461823CDE9016578
:10B33000CDF80080FEF7E0FA4246384602230C21A1
:10B340000095FEF78FFA384606220C214346CDE9D8
:10B350000065FEF7FBFBC82001F082FA75E703F0F9
:10B36000400221720B4691E7012700264FF6FF7934
:10B370000C23BBF800201946A2F11800A2F10C081A
:10B38000CDF80090CDE9016780B2FEF7B5FA3146FD
:10B39000CDF800901FFA88F21FFA88F01823CDE943
:10B3A0000167FEF7A9FA2B464A461FFA88F00C21DE
:10B3B0000097FEF757FA4B464FF478491FFA88F08A
:10B3C00006220C21CDE90067FEF7C0FBBBF802A006
:10B3D0003046AAF10C081FFA88F31FFA88F11822E8
:10B3E000CDE90167CDF80090FEF786FA0C22AAF1AC
:10B3F000180153461046CDE90167CDF8009089B297
:10B40000FEF77AFA2B464A461FFA88F10C2000977D
:10B41000FEF728FA06220C204B46CDE900671FFAFA
:10B4200088F1FEF793FBC82001F01AFA0DE700BF80
:10B430008017002080F200100000C84274840220AF
:10B4400068840220BDF84420BDF84030BDF8427049
:10B4500006939B1A1BB283EAE370BDF846A0A0EBEB
:10B46000E3700A9380B2A7EB0A031BB200FB00F063
:10B47000002B0B93B8BF5B429BB203FB0300079208
:10B48000F6F752FAF6F7F2F9F6F772FABDF84A90C3
:10B49000BDF84E6083B2A9EB060000B20028BDF8EB
:10B4A0004880BDF84C50B8BF404208EE903A80B298
:10B4B000A8EB05031BB200FB00F0002BB8BF5B42FA
:10B4C0009BB203FB0300F6F72FFAF6F7CFF9F6F776
:10B4D0004FFA83B209EE903AB8EE687AF8EEE97A5C
:10B4E00087EE278A18EE100A03F032FD0FF2C443EC
:10B4F000D3E90023CDE90801F6F75EFA002840F011
:10B50000D881DDE908010FF2B443D3E90023F6F74F
:10B510008FFA002840F0CD8118EE903A002B00F011
:10B52000C88119EE903A002B00F0C381A7EB090304
:10B530001BB283EAE3700F93A0EBE370069B80B22B
:10B54000A3EB08031BB200FB00F0002B0E93B8BF67
:10B550005B429BB203FB0300F6F7E6F9F6F786F9C8
:10B56000CDE90801AAEB060000B20028079BB8BF8E
:10B5700040425B1B80B21BB200FB00F0002BB8BF47
:10B580005B429BB203FB0300F6F7CEF9F6F76EF9C8
:10B59000CDE90C01DDE90801F6F7EAF983B207EE1F
:10B5A000903ADDE90C01B8EE678AF6F7E1F980B26E
:10B5B00007EE900AF8EEE77AC8EE278A18EE900AAE
:10B5C00003F0C6FCFBA3D3E90023CDE90801F6F79D
:10B5D000F3F9002840F0F681DDE90801F7A3D3E98B
:10B5E0000023F6F725FA002840F0EC81AAEB0900C9
:10B5F00000B20028079BB8BF4042A3EB080380B20B
:10B600001BB200FB00F0002BB8BF5B429BB203FBF8
:10B610000300F6F789F9F6F729F9CDE90801B81B17
:10B6200000B20028069BB8BF40425B1B80B21BB231
:10B6300000FB00F0002BB8BF5B429BB203FB030092
:10B64000F6F772F9F6F712F9CDE90C01DDE9080118
:10B65000F6F78EF983B207EE903ADDE90C01B8EE09
:10B66000678AF6F785F980B207EE900AF8EEE77A76
:10B67000C8EE278A18EE900A03F06AFCCDA3D3E93E
:10B680000023CDE90801F6F797F9002840F007827A
:10B69000DDE90801C9A3D3E90023F6F7C9F90028B9
:10B6A00040F0FD8100202061B948464603789BF8B0
:10B6B0000400522B4D46DDF81880DDF81C902076F2
:10B6C00000F06382022800F0AC82002800F0EF82D4
:10B6D0000AEB070308EE903A032806EB080308EE8E
:10B6E000103A00F06283AB48F7F7B8FEDDED0B7A55
:10B6F000F8EEE76ADDED0E7ABBF80020BBF8023009
:10B70000A2F1180106EE101AA3F11801B8EEE75ADB
:10B7100004EE901A07EE902AB8EEC66AB8EEE77A01
:10B72000F8EEE44A07EE903AC6EE265AF8EEE88ABA
:10B73000B8EEC88AF8EEE77A84EE856AB6EE004A7B
:10B74000A5EEE87AE6EE487A27EE047A67EE847A88
:10B75000C4ED045ABDEEC77AFDEEE77A17EE103A53
:10B76000638117EE903A84ED056A15EE900AA38185
:10B7700003F0EEFB02460B468748F7F7EDFE6069E3
:10B7800003F0E6FB02460B468448F7F7E5FEB4F902
:10B790000A108348F7F7E0FE4FF47845B4F90C102F
:10B7A0004FF6FF747F48F7F7D7FE7F48F7F756FE4E
:10B7B0004FF6FF70FCF7B8FA6E217C4B7C4A1420E0
:10B7C000CDE90045FEF7B4FD4FF47A7001F048F87A
:10B7D000204615B0BDEC048BBDE8F04FFCF7A4BAD1
:10B7E00001264FF0000A4FF6FF78BBF80290504652
:10B7F000A9F10C07BFB23B463946CDF800801822AC
:10B80000CDE901A6FEF778F80C224B46A9F1180104
:10B810004FF478491046CDF80080CDE901A689B2F1
:10B82000FEF76AF84246394602230C200096FEF7DE
:10B8300019F84346394606220C20CDE900A6FEF74A
:10B8400085F9BBF80230BBF80020A3F10C08A2F187
:10B85000180006931FFA88F11FFA88F3CDE901A6B4
:10B86000CDF8009080B2A2F10C07FEF745F8069BD8
:10B87000BFB2A3F118013A463846CDE901A6CDF88A
:10B88000009089B2FEF738F84A4638461FFA88F128
:10B8900002230096FDF7E6FF384606224B46CDE927
:10B8A00000A61FFA88F1FEF751F9C82000F0D8FF72
:10B8B000CBE428EE098ABCEEC88ACDE9025618EE20
:10B8C000105AADB20126CDE9008904954FF6FF79F3
:10B8D000002553463946079A0698FFF7ADFABBF89C
:10B8E00002A0BBF80020AAF10C08A2F11800A2F1F6
:10B8F0000C0780B21FFA88F31FFA88F1CDE9009592
:10B900000296FDF7F9FFBFB2AAF118013A46384690
:10B91000534689B2CDE90156CDF80090FDF7ECFF12
:10B92000384602234A461FFA88F10096FDF79AFF2F
:10B93000384606224B461FFA88F1CDE90056FEF73D
:10B9400005F94FF478470C23182219462846CDE90B
:10B9500001560097FDF7D0FF0C2218231046294608
:10B96000CDE901560097FDF7C7FF0C2102230846D9
:10B970003A460096FDF776FF0C2106223B46084624
:10B98000CDE90056FEF7E2F800255EE4AFF3008053
:10B99000D184022038F3001044F300105CF300104F
:10B9A00074F300108CF30010A4F300108017002033
:10B9B000B0F30010666666666666EE3FCDCCCCCC12
:10B9C000CCCCF03F68EE897AFCEEE77ACDE90256FE
:10B9D00017EE905AADB2012604950025CDE90089F5
:10B9E0004FF6FF7953463946079A0698FFF724FA2F
:10B9F000BBF80020CDE90156CDF80090BBF802A0BD
:10BA0000A2F11800AAF10C08A2F10C071FFA88F3A2
:10BA10001FFA88F180B2FDF76FFFBFB2AAF11801DB
:10BA200053463A463846CDE90156CDF8009089B2E2
:10BA3000FDF762FF4A4638461FFA88F10223009656
:10BA4000FDF710FF4B4638461FFA88F10622CDE974
:10BA50000056FEF77BF84FF478470C23284619462A
:10BA60001822CDE901560097FDF746FF0C22294622
:10BA700010461823CDE901560097FDF73DFF0C2134
:10BA80003A46084602230096FDF7ECFE0C213B46A1
:10BA90000622084601960095FEF758F874E7E54837
:10BAA000F7F7DCFCDFEDE47A68EEA77AFCEEE77AE4
:10BAB000CDE9025617EE905AADB201260495002545
:10BAC000CDE900894FF6FF7953463946079A069823
:10BAD000FFF7B2F94FF47A7000F0C2FECDE90156DB
:10BAE000CDF80090BBF802A0BBF80020AAF10C082A
:10BAF000A2F11800A2F10C071FFA88F31FFA88F1CF
:10BB000080B2FDF7F9FEBFB2AAF1180153463A46DA
:10BB10003846CDE90156CDF8009089B2FDF7ECFE2C
:10BB20004A4638461FFA88F102230096FDF79AFE2E
:10BB30004B4638461FFA88F10622CDE90056FEF73B
:10BB400005F84FF478470C23284619461822CDE90A
:10BB500001560097FDF7D0FE0C2229461046182307
:10BB6000CDE901560097FDF7C7FE0C213A4608467D
:10BB700002230096FDF776FE0C213B46062208467E
:10BB8000CDE90056FDF7E2FFFEE6022849D0002885
:10BB900000F0D2800AEB070308EE903A032806EB88
:10BBA000080308EE103A00F05181A448F7F756FC5C
:10BBB000DDED0B7AB8EEE74ADDED0E7ABBF800203A
:10BBC000BBF80230A2F1180106EE101AA3F1180119
:10BBD000F8EEE74A06EE901A07EE902AB8EEC66A2B
:10BBE000B8EEE77AF8EEE66A07EE903AC6EE045A47
:10BBF000F8EEE88AB8EEC88AF8EEE77A86EEA46A2C
:10BC0000B6EE005AA5EEE87AE6EE487A27EE057A17
:10BC100067EE857AC4ED045ABDEEC77AFDEEE77A89
:10BC20009CE58748F7F71AFCBBF80000BBF8023028
:10BC300007EE900A1838B8EEE77A07EE900AB8EEE9
:10BC4000E76A07EE903A183B06EE903AA9EB080334
:10BC50001BB205EE903A09EB0802F8EEE54A05EE54
:10BC6000902AE91B09B2F8EEE53A05EE901AEB19B5
:10BC7000B8EEE55AF8EEE66A04EE103AC6EE245A3B
:10BC8000F8EEE77AB8EEC44A86EE856AB6EE003A78
:10BC9000A5EEE37AE6EE447A27EE037A67EE837A3E
:10BCA000C4ED045ABDEEC77AFDEEE77A56E5654865
:10BCB000F7F7D4FBDDED0A7A09EB0802B8EEE76A84
:10BCC00007EE102ADDED0F7ABBF80020EB19A2F188
:10BCD000180103EE901A06EE902AF8EEE74A07EEF6
:10BCE000903ABBF80230B8EEE65AA3F1180104EE20
:10BCF000101AF8EEE33A06EE903AC3EE865AB8EE22
:10BD0000C77AF8EEE66AB8EEC44AF8EEE77AA5EE2E
:10BD1000C75A84EE246AB0EE667AB6EE003AA6EE12
:10BD2000677A65EE036A67EE037AC4ED045ABDEEE6
:10BD3000E67AFDEEE77A11E54248F7F78FFBDDED95
:10BD40000A7AB8EEE73ADDED0F7A09EB0802F8EE71
:10BD5000E73A07EE902AE919B8EEE75A07EE901A8B
:10BD6000BBF80000BBF80230A0F1180206EE102A62
:10BD7000A3F11802F8EEE76A04EE902A07EE900AA3
:10BD8000B8EEC66AB8EEE77AF8EEE44A07EE903A03
:10BD9000C6EE035AF8EEE77A84EEA36AB6EE004ADE
:10BDA000A5EEC57AE6EE667ACEE42748F7F756FBAD
:10BDB000BBF80010AAEB070306EE901A1839B8EE8C
:10BDC000E65A06EE901A1BB207EE903ABBF8023024
:10BDD000A6EB080212B2A3F11800F8EEE64A05EE4F
:10BDE000900A07EE102A06EE903AF8EEE77AF8EE9F
:10BDF000E55AB8EEC77AF8EEE66A85EE876AB8EEDD
:10BE0000C88AC4EEA75AF0EE667AB6EE004AF8EE9B
:10BE1000E88AE6EE487AB0EE457AA5EEE87A67EE73
:10BE2000847A27EE047AC4ED045AFDEEE77ABDEE7B
:10BE3000C77A93E4F8F200100000C84238F300100B
:10BE400014F3001020F300102CF300101A48F7F739
:10BE500005FBAAEB07031BB207EE903AA6EB08021C
:10BE600012B205EE902ABBF80020B8EEE75A07EEB2
:10BE7000902ABBF80230183AA3F1180104EE901A88
:10BE8000B8EEE77A07EE902AF8EEE55AF8EEE76AA0
:10BE9000F8EEE44A07EE903A84EEA56AB8EEC88A56
:10BEA000F8EEE77AB6EE004AF8EEE88AC6EE855A72
:10BEB000E6EE487AB1E700BF2CF30010224A234B8C
:10BEC00011781A7E522915D0032A29D8DFE802F00A
:10BED0000A020A021E491F4A1F481961C3F80A00D4
:10BEE0005A6170471B491D4A1D481961C3F80A0071
:10BEF0005A617047032A13D8DFE802F00A020A02E7
:10BF00001849194A19481961C3F80A005A6170475B
:10BF10001549174A17481961C3F80A005A61704752
:10BF200000B54FF6FF7083B0FBF7FEFE4FF4784E7E
:10BF30004FF6FF7C3C210020CDE900CE0E4B0F4A8E
:10BF4000FEF7F6F903B000BDD1840220748402200C
:10BF5000728808BE6AC0C03D0802E4FF7288083ECD
:10BF6000E4FFD8FF921FB1BD2F88883D5A01ECFF36
:10BF7000921FB13DECFFE6FF80170020C8F30010D0
:10BF800070B5044684B04FF6FF70FBF7CDFE204637
:10BF9000F9F792FEA64CA74A23881178A3F13C003A
:10BFA0005229628880B200F0A48093424BD84FF4AB
:10BFB00078451F260021CDE900569F4B9F4AFEF78A
:10BFC000B7F920880021783800959D4B9D4A01964D
:10BFD00080B2FEF7ADF90124462314211A46084623
:10BFE000009602940194FDF763FD4FF4FC6C462328
:10BFF000CDF800C0822214215020CDE90144FDF784
:10C0000057FD00954FF6E0754623BE2214218C2083
:10C01000CDE90144FDF74CFD009500254623FA22A9
:10C020001421C820CDE90144FDF742FD46234FF419
:10C030009B7214214FF48270CDE901440095FDF705
:10C0400037FD04B070BD1F254FF4784601950021DF
:10C05000794B7A4A0096FEF76BF9208800217838F0
:10C060000195754B774A009680B2FEF761F900950D
:10C07000012522884623A2F132001421CDE9015581
:10C0800080B2FDF715FD4FF4FC6022880090A2F10C
:10C09000320082235021CDE9015580B2FDF708FD21
:10C0A0002288BE23A2F132008C21CDE901550096F1
:10C0B00080B2FDF7FDFC4FF6E07022880090A2F1FF
:10C0C0003200FA23C821CDE9015580B2FDF7F0FC1A
:10C0D0004FF0000C22884FF49B73A2F132004FF412
:10C0E0008271CDE900C5029580B2FDF7E1FC04B094
:10C0F00070BD934253D91F254FF478460195002116
:10C100004D4B4E4A0096FEF713F9208800217838EF
:10C110000195494B4B4A009680B2FEF709F900950C
:10C12000012522883223A2F11E001421CDE90155F8
:10C1300080B2FDF7BDFC4FF4FC6022880090A2F1B4
:10C140001E005A233C21CDE9015580B2FDF7B0FC19
:10C1500022888223A2F11E006421CDE901550096B8
:10C1600080B2FDF7A5FC4FF6E07022880090A2F1A6
:10C170001E00AA238C21CDE9015580B2FDF798FC61
:10C180004FF0000C2288D223A2F11E00B421CDE989
:10C1900000C5029580B2FDF78BFC04B070BD4FF472
:10C1A00078451F260021CDE90056234B234AFEF790
:10C1B000BFF820880021783800951F4B214A01964E
:10C1C00080B2FEF7B5F801240F2300211A46084675
:10C1D000009602940194FDF76BFC4FF4FC6C0F2366
:10C1E000CDF800C0232200211420CDE90144FDF741
:10C1F0005FFC00954FF6E0750F23372200212820C1
:10C20000CDE90144FDF754FC0F234B2200213C20D3
:10C21000CDE901440095FDF74BFC00210F235F227F
:10C220005020CDE901440091FDF742FC04B070BDFF
:10C2300068840220D1840220801700200CF40010B2
:10C240009017002014F4001070B5054682B011203C
:10C2500000F072FA00285AD1FEF776FFB249B1F821
:10C2600000C0002860D1B14B1E461888B04B93F92E
:10C270000820002A03DBC0221A725A681A6060453F
:10C2800050D272884B889A424CD2DFF8A8E2ACF1C7
:10C290003B049EF800E0BEF1520F00F019816345A7
:10C2A00080F0D680844202DC0F2A40F2A481ACF1F7
:10C2B0007703834200F34081ACF15003834240F3A3
:10C2C0003B81172A40F2E481ACF1310C844500F344
:10C2D0003A81452A40F26B81502A40F23481812A0A
:10C2E00040F297818C2A40F22E81BD2A40F2C38110
:10C2F000C82A40F22881F92A40F2D4806FF4827172
:10C300005318302B00F21F810023B3800AE0884BC2
:10C3100093F908101A7A002952DB00214FF0FF32FE
:10C32000C3E9001202B070BD814BDA8893ED046A54
:10C3300007EE902AB3F90A20F8EEE76A07EE902A92
:10C340007C4AD3ED055A92F800E09A88BEF1520F6C
:10C3500007EE102AB3F90C20F8EEE77A05EE102A62
:10C36000B8EEC77AB8EEC54A187E2ED002285DD046
:10C37000002845D0032826EE266A65EE875A00F08D
:10C3800095804A8807EE10CA06EE902AB8EEC77A62
:10C39000F8EEE66A37EE467A76EEE56A634A77EEBD
:10C3A000677A164636EEC47ABCEEC77AFCEEE77AB8
:10C3B00017EE100A508017EE900A80B2108056E7F0
:10C3C00002F07F021A7202B070BD02282ED0B8B1FE
:10C3D000032826EE266A65EE875AD2D175EE845A76
:10C3E00036EE276AFCEEE55AFCEEC67A15EE900AA8
:10C3F0004E4A508017EE900A80B21646108036E7FB
:10C400004A8805EE10CA04EE902AB8EEC55AF8EE36
:10C41000E44AA6EE475AB0EE647AA6EEE57A434ABD
:10C4200075EE677A164637EE447ABDE7A6EEA54A62
:10C43000E6EE077ABCEEC44AFCEEE77A14EE100A88
:10C440003A4A508017EE900A80B2164610800EE7E6
:10C45000844202DC0F2A40F2CE80ACF177038342A3
:10C4600000F39D80ACF1500C844540F39880172A6E
:10C4700040F20E81A0F11503302B40F29680A0F11E
:10C480005103302B40F2C380A0F18D03302B40F2DA
:10C49000EF80A0F1C903302B00F22381A2F1150334
:10C4A000302B39D84FF6E073B3803BE775EE845AF2
:10C4B00036EE276AFCEEE55ABCEEC66A15EE900A27
:10C4C0001A4A508016EE100A80B216461080CEE648
:10C4D00063456FD2844200F3A0800F2A40F28B8024
:10C4E0006FF4917403191C2B16D8112A14D92E2A13
:10C4F0005DD9392A10D9562A40F28B80612A0BD98E
:10C500007E2A40F2B880892A06D9A62ACAD9A2F181
:10C51000B2031C2B7FF6F8AE02231146B2880093BB
:10C52000FDF7A0F9FEE600BF688402209084022097
:10C5300074840220D1840220ACF1310C844502DCE9
:10C54000142A3FF6C6AE022511460123B288009593
:10C55000FDF788F901233088B28818440095718866
:10C5600080B2FDF77FF901237188B28819440095E4
:10C57000308889B2FDF776F9012371883088194433
:10C5800018440095B28889B280B2FDF76BF9B28881
:10C59000718830882B460095FDF764F9C2E6A0F15A
:10C5A0001503302B2DD8142AB6D9452AB4D81F2309
:10C5B000B380B7E6844243DC0F2A1CD9ACF1770183
:10C5C000431E81429BB2A7DC0D2BA5D9A0F1150318
:10C5D0000D2BA1D9A0F129030D2B9DD9A0F13D036D
:10C5E0000D2B99D9A0F151030D2B95D8531E0D2B6E
:10C5F0007FF68AAE90E7284602B0BDE87040FFF7AC
:10C60000BFBCA0F15103302B2AD8142A84D9452A63
:10C6100082D84FF4FC63B38084E6ACF177038342A5
:10C620003FF75EAFACF1500C84457FF759AF0F2A4E
:10C630003FF656AFFEF7C8FD002328463360DBE720
:10C64000ACF1770383421ADCACF1500C844516DD63
:10C650000F2A38D8FEF7B8FD284B28463360CBE7C1
:10C66000A0F18D03302B3FF614AF142A7FF654AFA0
:10C67000452A3FF651AF4FF47843B38052E6431E4C
:10C680000D2B10D8002A3FF447AF0E2A8FD943E76D
:10C69000FEF79AFD40F20512194928460B88728070
:10C6A000313B3380A8E7A0F115030D2B03D8531EAF
:10C6B0000D2BAED930E7A0F129030D2B08D8531E5E
:10C6C0000D2BD8D928E7431E0D2B7FF625AF7DE72C
:10C6D000A0F13D030D2B85D8531E0D2B7FF6E2AE46
:10C6E0001AE76FF48273C318302B3FF615AFA2F12F
:10C6F0001503302B7FF608AE0EE700BF51000A008D
:10C700006884022038B505460121074C102000F04E
:10C710000DF8D0202576FEF7FBFAA0809020FEF7DA
:10C72000F7FAE08038BD00BF74840220003918BFDA
:10C73000012141EC400070474FF050420123526804
:10C740008340134214BF0120002070472DE9F843B5
:10C750000F20F3F779FD0F234FF0010242EC443034
:10C760000820F3F771FD08234FF0010242EC44303A
:10C770000D20F3F769FD0D254FF0010343EC445004
:10C780000920F3F761FD09264FF0010343EC4460F3
:10C790001020F3F759FD10274FF0010343EC4470CC
:10C7A0001120F3F751FD4FF01108002343EC4480B2
:10C7B0001620F3F749FD16244FF0010343EC4440E3
:10C7C000002240460121F3F72DFD012343EC407088
:10C7D00043EC406043EC405043EC4040BDE8F883FC
:10C7E00008B5F6F7F7FDFFF7B1FF09490948F9F772
:10C7F0007FF801210A20F3F7F7FC01210B20F3F762
:10C80000F3FC01210C20F3F7EFFC002008BD00BF72
:10C8100000093D000080084000B585B08DF8070094
:10C8200001230DF10F020DF10701034802F0ACFBEB
:10C830009DF80F0005B000BD0080084000B583B032
:10C840008DF8060001230DF107020DF106010348E2
:10C8500002F09AFB9DF8070003B000BD008008407D
:10C86000F4F75EBB704700BF2DE9F04F1646BE4C93
:10C87000ADF50D7D0122314602A801F03BFD1E22DF
:10C880002146BA4B02A801F0DDFD6389228B99464F
:10C89000A389B4F81C809A46E38A02A8658AA78A0D
:10C8A0000093019201F008FEB8F1180F0AD145EA91
:10C8B0000745AF4F3B88AB4209D001200DF50D7DF8
:10C8C000BDE8F08F00200DF50D7DBDE8F08FDDE9AE
:10C8D000003243EA02427B8893469342EDD13146CF
:10C8E000012202A801F006FDA04B214649EA0A42B6
:10C8F00002A801F0A7FD9F4B1B78522B71D17A88BB
:10C900003B889A4200F2B380BBF1000F3CD0002775
:10C91000B84605EB4503DB001F335B09964E4FEA33
:10C92000430904EB430A4A462146904B02A801F012
:10C9300089FD4A4651468D4B02A801F083FDF5B1B1
:10C940000022114608FB05F002EB42039BB204EB08
:10C95000030E14F803C09EF801309EF802E09B0815
:10C9600001324FEADE0E5B0192B243EACE2301446C
:10C9700043EADC03AA4226F811301146E4D301371A
:10C98000BFB25F45B846CED300210846FBF73CF85E
:10C9900001210820FFF7CAFE00210920FFF7C6FE8B
:10C9A00076497748F9F722F8764C04F5163534F8CD
:10C9B000020F000AFFF730FF2078FFF72DFFA54296
:10C9C000F5D101210920FFF7B1FE02A801F074FDA5
:10C9D0006D496B48F9F70AF840F2DC50FFF740FF69
:10C9E0006BE700210846FBF70FF864496448F8F745
:10C9F000FDFF7A883B889A427AD8BBF1000FE4D0D9
:10CA00004FF0000805EB4503DB001F335B095A4F6D
:10CA10004FEA430904EB430A4A462146534B02A816
:10CA200001F010FD4A465146504B02A801F00AFDA4
:10CA3000B5B1002606EB46039BB2E1184878E25CEC
:10CA40008B788008DB08400140EAC32040EAD2002E
:10CA500027F816000136B6B2F9F704F9AE42E9D369
:10CA600008F101031FFA83F8D845D5D3ADE7BBF130
:10CA7000000F89D00027B84605EB4503DB001F33C4
:10CA80005B093D4E4FEA430904EB430A4A462146FF
:10CA9000364B02A801F0D6FC4A465146334B02A859
:10CAA00001F0D0FCF5B10022114608FB05F002EBC5
:10CAB00042039BB204EB030E14F803C09EF801304E
:10CAC0009EF802E09B0801324FEADE0E5B0192B253
:10CAD00043EACE23014443EADC03AA4226F811309C
:10CAE0001146E4D30137BFB25F45B846CED34BE71A
:10CAF000BBF1000F3FF469AF4FF0000805EB4503B1
:10CB0000DB001F335B091C4E4FEA430904EB430A69
:10CB10004A462146154B02A801F094FC4A4651466C
:10CB2000124B02A801F08EFCB5B1002707EB4703BA
:10CB30009BB2E1184878E25C8B788008DB08400102
:10CB400040EAC32040EAD20026F817000137BFB2FE
:10CB5000F9F788F8AF42E9D308F101031FFA83F827
:10CB6000D845D5D331E700BF781E0020F01900204A
:10CB700068840220D1840220402C002080C3C90197
:10CB8000008008403E2C0020C0C62D00014610B594
:10CB90000122064801F0AEFB0446044801F08CFC7B
:10CBA000201E18BF0120400010BD00BF141A002035
:10CBB000F8B504460F464C48214601F0DFFC00283A
:10CBC00075D10646204602F083F90546474C2146BA
:10CBD000454801F00DFD002867D1637A002B64D031
:10CBE0002E2BF4D0237ADB06F1D46B1CE218527A98
:10CBF0002E2A4DD0AA1CA118497A2E295AD0EB1CF6
:10CC0000E118497A2E2959D02A1DA118497A2E29CE
:10CC100050D06B1DE118497A2E294FD0AA1DA118BA
:10CC2000497A2E2946D0EB1DE118497A2E2945D0A4
:10CC300005F10802A118497A2E293BD005F1090314
:10CC4000E118497A2E2939D005F10A02A118497A4A
:10CC50002E292FD005F10B03E118497A2E292DD06A
:10CC600005F10C02A118497A2E2923D005F10D01F6
:10CC700063185B7A2E2B21D005F10E03E218527A4D
:10CC80002E2A2ED01A491D460133CA5C2E2AFAD10B
:10CC9000182E03D82544EB7A422B13D02146124894
:10CCA000002501F0A5FC002897D03046F8BD0026ED
:10CCB0003046F8BD182E1D46F0D8EBE7182E154665
:10CCC000ECD8E7E72B7B4D2BE8D16B7B502BE5D1E4
:10CCD00057F82600064A0749F6F708FA00250136F4
:10CCE00075E70D46D4E700BFF81900203C1C002072
:10CCF000451C0020E0F10010026901F10903002A3F
:10CD000073D000B542691078202805D0052808BFE7
:10CD1000E52001F10A0348725078202804D0052844
:10CD200008BFE52003F8010B9078202804D00528DF
:10CD300008BFE52003F8010BD078202804D005288F
:10CD400008BFE52003F8010B1079202804D005283E
:10CD500008BFE52003F8010B5079202804D00528EE
:10CD600008BFE52003F8010B9079202804D005289E
:10CD700008BFE52003F8010BD079202804D005284E
:10CD800008BFE52003F8010B92F808C0BCF1200FA2
:10CD90002ED0BCF1050F08BF4FF0E50C4FF02E0E62
:10CDA000184600F802EB83F801C092F809C0BCF104
:10CDB000200F23D0BCF1050F08BF4FF0E50C034650
:10CDC00003F801CB907A202804D0052808BFE5207D
:10CDD00003F8010BD07A0872D0690860108B888044
:10CDE000D28ACA8000221A7000BD00221A707047D1
:10CDF00092F809C01846BCF1200FDBD10346E1E7E9
:10CE0000F8B5037904465BB92378032B29D00022B7
:10CE10006078114601F03AFD003818BF0120F8BDD6
:10CE2000C56A00F1300101232A4640780F4601F01F
:10CE30001DFD00283AD1226AA369AA1A9A422071DC
:10CE4000E2D2E678012E01D8DEE7A3691D442A4626
:10CE5000012339466078013E01F008FD012EF4D12E
:10CE6000D2E76579012DD2D14FF40072002104F18F
:10CE7000300002F07DF84AF655200D4AA4F82E0243
:10CE80002263D4E90320C4F81C22E269094B013271
:10CE9000C4F81432C4F818022B46607804F130014B
:10CEA000E26201F0E3FC00236371B0E70120F8BD0A
:10CEB0005252614172724161C26A8A4201D10020BC
:10CEC000704770B503790D46044682B000F1300119
:10CED0004BB901232A46607801F0B0FC30BB00203A
:10CEE000E56202B070BD01234078CDE9001201F087
:10CEF000BDFCDDE90012C8B92071206AA369101ACF
:10CF00009842E6D2E0780128064602D8E1E7A36914
:10CF1000019A1A4460780123CDE9001201F0A6FCC1
:10CF2000731E012B1E460099F1D1D2E7012002B0F9
:10CF300070BD00BF30B502780446022A0B4683B0AC
:10CF400034D0032A11D0012A0BD1016A03EB53021A
:10CF500001EB522100920193FFF7AEFF009A0028E7
:10CF600039D04FF0FF3003B030BD016A009301EBC0
:10CF7000D311FFF7A1FF0028F3D1009B9B0003F41E
:10CF8000FE731946214491F83220E01891F833C01D
:10CF900090F83040100491F8313040EA0C602043A2
:10CFA00040EA032020F0704003B030BD016A0093D6
:10CFB00001EB1321FFF780FF0028D2D1009B58001E
:10CFC00000F4FF70204490F8313090F8300040EACF
:10CFD000032003B030BDC2F30801214491F8305062
:10CFE000216A0132204601EB52210092FFF764FFD3
:10CFF0000028B6D1009A019BC2F30802224492F89D
:10D000003020DB0745EA02204CBF0009C0F30B00CB
:10D01000A9E700BF2DE9F0430E46D0E902156D1ACD
:10D02000954228BF154683B0002D74D004461F4694
:10D03000C1F30802002A32D120684B0A90F802E0BE
:10D040000EF1FF3202EA512212F0FF0265D063694D
:10D050004169023B02398B426CD290F802C0816A6E
:10D060000CFB0313002B65D05FEA552903EB020884
:10D0700066D1A26990450DD0A3795B0600F19A8034
:10D0800004F12809494601234246407801F0D6FBC5
:10D0900000287FD1A268C4F81880C2F30802C2F544
:10D0A0000070A84228BF284600F1FF3C02F1280387
:10D0B000BCF1050F234473D929322244B21A022A43
:10D0C00031466DD920F003084FEA900903EB080EB2
:10D0D00053F8042B9E4541F8042BF9D1404511D05B
:10D0E0009EF80030BCEB080C06F8293006EB08036C
:10D0F00008D09EF80120BCF1010F5A7002D09EF8B2
:10D1000002209A70A1683B68014403442D1AA16073
:10D1100006443B608CD100200FE051BB2369012BFA
:10D1200008D9591C36D0206863614169023B023935
:10D130008B4292D302231846E37103B0BDE8F0831B
:10D1400002EB09039C4538BFACEB0209314642466D
:10D1500040785FFA89F301F071FBD8B9A3795A06D8
:10D1600004D5A369A3EB0803994545D84FEA4920A4
:10D17000C8E7D4F824C0BCF1000F2AD161690129A5
:10D18000D8D943699942D5D20192FFF7D3FE019ACB
:10D190000346C4E701231846E37103B0BDE8F083FA
:10D1A000721E03EB000C13F8011B634502F8011F0C
:10D1B000F9D1A7E704F1280901234946407801F095
:10D1C00055FB0028E6D1A379206823F04003A37122
:10D1D00058E7DCF804100029ACD0B3FBFEF30CF1E7
:10D1E000040004E05B1A50F8081F0029A2D09942FD
:10D1F000F8D941680B4492E706EB43231A1B293AFE
:10D20000022A0AD904F1280203F5007052F8041B1F
:10D2100043F8041B9842F9D1A8E7013B04F1280226
:10D2200004F50A7012F8011B824203F8011FF9D1BC
:10D230009CE700BFF0B5164602780346022A0C466A
:10D2400083B038D0032A14D0012A4BD1016A04EBF1
:10D25000540301EB53211D4601920090FFF72CFE71
:10D26000DDE90032002842D0012001221A7103B00A
:10D27000F0BD016A009001EBD411FFF71DFE009B89
:10D280000028F1D1A40004F4FE742046184490F85C
:10D2900033101C44090601F0704146EA0102110AEC
:10D2A00084F8302080F83110110C120E80F8321002
:10D2B00080F8332011E0016A009001EB1421FFF7A0
:10D2C000FBFD009B0028CFD1640004F4FF741C44D4
:10D2D000320A84F8306084F83120002001221A716B
:10D2E00003B0F0BD022001221A7103B0F0BD284640
:10D2F000196A0135C0F30800E40701EB5521184411
:10D3000014D590F83040009304F00F0444EA06145A
:10D3100080F8304018461A71FFF7CEFD009B0028B8
:10D32000A2D1C5F308013209194413E080F8306036
:10D3300018461A710093FFF7BFFD009B002893D198
:10D34000C5F30801194491F83000C6F3032220F018
:10D350000F00024381F83020BFE700BF4FF0FF33DA
:10D3600010B504460020994282B02071E36215D1C5
:10D370004AF65523B4F82E229A4220D1D4F86630CA
:10D38000134A23F07F4393421CD0D4F8820020F04C
:10D390007F40801A18BF012002B010BD0A460191DB
:10D3A0000123607804F1300101F048FA68B94AF6C7
:10D3B0005523019AE262B4F82E229A42DED002206E
:10D3C00002B010BD002002B010BD032002B010BD9D
:10D3D0004641540000232DE9F0410C6884B00360FD
:10D3E000002C00F0A0802378303B082B40F2908086
:10D3F000944B1C68002C00F0D28004602378154602
:10D4000053B1607801F018FAC20705D415B143078B
:10D4100000F1C180002094E00020208001F0FAF9A2
:10D42000C70700F1B48015B1460700F1B4800021B0
:10D430002046FFF793FF012800F08680032800F0C4
:10D44000BA80014600287BD1B4F83B30B3F5007FA9
:10D4500076D1B4F8460000B9606D94F84020A06120
:10D46000531E012BE2706BD894F83D30A370002B53
:10D4700066D003F1FF3C1CEA030F61D1B4F84150C0
:10D480002E4625812D075BD1B4F843C0BCF1000FB7
:10D4900001D1D4F850C0E58F002D51D000FB02F22D
:10D4A00005EB161E9644F4454AD3ACEB0E0C9C4596
:10D4B00046D3BCFBF3FC40F6F5776B18BC4501EB9B
:10D4C0000E05A8460CF1020E00F29E80E161A562F5
:10D4D000C4F814E02362002E32D013440EF001028F
:10D4E00002F2FF120EEB4E0E02EB5E02B0EB522F79
:10D4F000636225D34FF0FF3280210123C4E9032268
:10D500006171514A2370138801331380E38081E7EE
:10D5100094F801C0BCF13A0F7FF46AAF02340C609A
:10D52000002B3FF465AF0B200BE0D4F82602054634
:10D5300000295AD1002B4CD1002A3ED1002D32D1E6
:10D540000D2004B0BDE8F08194F8F21109B1D4F8CF
:10D55000F61194F802320BB1D4F8063294F8122284
:10D560000AB1D4F8162294F822020028DDD100294D
:10D570003AD1002B2CD1002AE2D01146204601924C
:10D58000FFF7ECFE019A0028DAD111465CE7032090
:10D5900004B0BDE8F0810A2004B0BDE8F0810C20A1
:10D5A00004B0BDE8F08129462046FFF7D7FE0028E9
:10D5B0006BD00328C4D10120C3E711462046019255
:10D5C000FFF7CCFE019A0028DFD0002DB8D0EAE7A3
:10D5D0000D461946204602920193FFF7BFFE029ABC
:10D5E0000028A9D101992FE705462046CDE902324E
:10D5F0000191FFF7B3FEDDE90113039A00283FF420
:10D6000023AF002B98D0E4E74FF6F575AC451DD855
:10D61000E161C4F82880C4F814E02362002E8FD0A2
:10D620004FEA4E011A4401F2FF13B0EB532F62622E
:10D6300086D34FF0FF3280210223C4E903226171B7
:10D640005FE700BFF4190020CA8402202362C4F8F7
:10D650002880C4F814E0E161002E7FF471AF4FEA36
:10D660008E03E26D03F2FF13B0EB532F6262FFF4FF
:10D6700067AF4FF0FF338020B4F86020C4E9033374
:10D68000012A607103D003233BE72946DCE62046EC
:10D690000131FFF711FC0028F5D14AF65523B4F803
:10D6A0002E2266719A42EED1084B226B9A42EAD141
:10D6B00003F1FF53D4F8142203F5005320339A42A8
:10D6C000E1D1D4E98623C4E90332DCE75252614157
:10D6D0002DE9F0410E46054682B079B9C468436928
:10D6E0005CB39C4229D2012C27D0274601349C42AE
:10D6F00016D3022B00F2AA80012423E00129FBD0DB
:10D7000043699942F8D2FFF715FC01280446F3D982
:10D710006B69834216D8344601349C423746E8D2BE
:10D720002B78022B12D0032B70D0012B27D04FF077
:10D73000FF34204602B0BDE8F0810224A34200F28B
:10D740008C800024204602B0BDE8F081296A28467A
:10D7500001EB1421FFF7B0FB0028E8D1630003F4CC
:10D76000FF732B4493F8312093F8303053EA0223AF
:10D770002BD0012BC0D0A742E3D06B69B6E7296A52
:10D7800004EB5408284601EB5821FFF795FB0028CD
:10D79000CDD1C8F30803296A2B4493F8303008F13F
:10D7A0000108284601EB58210193FFF785FB00286B
:10D7B000BDD1C8F30808A84498F83030019AE007B2
:10D7C00042EA032344D51B09D3D16B69A34293D901
:10D7D0006FF0704221462846FFF72CFD002870D1DB
:10D7E0004EB16B699E4287D2224631462846FFF7EA
:10D7F00021FD002865D12B69EC605A1CA2D06A7902
:10D80000013B42F001022B616A719BE7296A2846BD
:10D8100001EBD411FFF750FB002888D1A30003F4DB
:10D82000FE731A462B442A4493F8301092F8333092
:10D8300092F832001B0692F8312043EA00430B4372
:10D8400043EA022333F0704393D1BEE7022467E733
:10D85000C3F30B03002B8CD1B7E72B78022B55D0E9
:10D86000032B32D0012B7FF462AF296A04EB5408FA
:10D87000284601EB5821FFF71FFB00287FF457AF24
:10D88000296AC8F3080308F101082B44284601EB74
:10D89000582193F83070FFF70FFB00287FF447AF53
:10D8A000C8F308032B4493F83030E10747EA032319
:10D8B00041D51B0989D0012B3FF41EAF6B690134A0
:10D8C0003CE701287FF418AF31E7296A284601EBCD
:10D8D000D411FFF7F1FA00287FF429AFA30003F475
:10D8E000FE731A462B442A4493F8301092F83230D3
:10D8F00092F833001B0492F8312043EA00630B4393
:10D9000043EA022333F07043D5D15EE7296A284603
:10D9100001EB1421FFF7D0FA00287FF408AF630071
:10D9200003F4FF732B4493F8312093F8303053EA1B
:10D930000223C0D149E7C3F30B03002BBBD144E75B
:10D940002DE9F041846882B0012CC1806ED0D0F8FE
:10D950000080D8F81430A34268D90E460546002C42
:10D9600068D098F80220B1EB021F4FEA021742D3A9
:10D970009C425BD298F80030022B00F09980032B78
:10D9800076D0012B70D1D8F8201004EB540301EBB2
:10D99000532140460093FFF78FFA009B002863D184
:10D9A000C3F30802D8F820100133424401EB53219D
:10D9B000019392F8303040460093FFF77DFA00283B
:10D9C00052D1019B009AC3F30803434493F83030CB
:10D9D00042EA0323E2074CBF1C09C3F30B04012CEA
:10D9E00024D9D5F80080D8F814309C421ED2F11BFF
:10D9F0008EB2BE42BCD2023BEC60023C9C422FBFC6
:10DA00000023D8F8283098F8022004FB023303EBF7
:10DA100016131DE0D8F8244084B198F80220B1EB29
:10DA2000021F4FEA0217E6D3012CA1D1022002B057
:10DA3000BDE8F08198F80020032AEBD00022B8F866
:10DA40000830EA60B342F1D9D8F8243003EB16135A
:10DA5000002008F1300806F00F0108EB4111C5E97C
:10DA6000043102B0BDE8F081012002B0BDE8F081D0
:10DA7000D8F82010404601EBD411FFF71DFA00281A
:10DA8000F2D1A40004F4FE7423464444434494F8C1
:10DA9000302093F8324093F83310240493F8313057
:10DAA00044EA0164144344EA032424F0704496E7F2
:10DAB000D8F82010404601EB1421FFF7FDF90028AB
:10DAC000D2D1640004F4FF74444494F8313094F8E3
:10DAD000304044EA032482E72DE9F04F0B780646F4
:10DAE0002F2B83B02ED05C2B2CD00024B4600B786D
:10DAF0001F2B2DD942F2200AB2690B780C462F2B2E
:10DB0000084601F10101F8D05C2BF6D04FF020332C
:10DB10002021A2F808A013605360917223788B42F1
:10DB20000CD9002108254FF001080F462F2B59D0A2
:10DB30005C2B57D02E2B13D0AF421ED3062003B040
:10DB4000BDE8F08F00240131B4600B781F2BD1D8D1
:10DB500021463046FFF7F4FE746103B0BDE8F08F54
:10DB6000082DEBD12F460B25890010F8013F08F155
:10DB70000108202BDAD8042337E013F0800F06D0F9
:10DB8000DFF84CC2803B1CF8033041F00301A3F1E5
:10DB9000220C5FFA8CFCBCF11D0F06D95B2BCDD09B
:10DBA0005D2BCBD07C2B07D1C8E7DFF828E24EFAFB
:10DBB0000CFC1CF0010FC1D07F2BBFD0A3F1410C96
:10DBC000BCF1190F0BD9A3F1610CBCF1190F03D8EB
:10DBD000203B41F00101DBB2D3550137C5E741F0ED
:10DBE0000201F9E7002FA9D000231078E52804BF2F
:10DBF00005201070082D00F0E98043F01000C0B23D
:10DC000001F00305012D08BF034643F0080001F0B1
:10DC10000C01C0B2042908BF034600213046D3726C
:10DC2000FFF78EFE00288AD1D6F8109001944C465A
:10DC30003768FD6AA5420ED03B7907F13009002B09
:10DC40007AD1012322464946787800F0F7FD002872
:10DC500040F0B880FC6273691D7815B3D97A11F071
:10DC6000080026D0F5880135ADB2D5B13469C4B10C
:10DC700015F00F0B376807D1F168013434610029C2
:10DC80007DD13B89AB420CD9F580FD6A07F13009A3
:10DC900009EB4B11A5427161CED173691D78002D3E
:10DCA000DCD1B369DB7A5B0742D4052003B0BDE861
:10DCB000F08FB2691778AF42D4D157785D78AF4210
:10DCC000D0D19F789578AF42CCD1DF78D578AF426C
:10DCD000C8D11F791579AF42C4D15F795579AF4268
:10DCE000C0D19F799579AF42BCD1DF79D579AF4268
:10DCF000B8D11F7A157AAF42B4D15F7A557AAF4264
:10DD0000B0D19F7A957AAF42ACD1D57A019C6D079C
:10DD10003FF515AFC906C8D53168588B0D7804EBAF
:10DD20000801032D04BF9B8A40EA0340B060E4E68B
:10DD3000042003B0BDE8F08F01232A4649467878D5
:10DD400000F094FD00283DD13A6ABB69AA1A9A42B4
:10DD50003871BFF476AF97F803B0BBF1010F01D86B
:10DD60006FE7BB691D442A460123494678780BF1C9
:10DD7000FF3B00F07BFDBBF1010FF2D161E7BB7807
:10DD8000013B13EA15137FF47FAF01291CD07B6997
:10DD9000994219D23846FFF7CDF8012814D9471C0B
:10DDA00010D037687B699842BFF47BAF023BF060CC
:10DDB000023898422FBF0024BA78BB6A00FB0234B5
:10DDC000346161E70120BAE60220B8E689001CE769
:10DDD00044300110FEF8FFC0012940F2078170B500
:10DDE00043690D468B4282B057D904462378022BF3
:10DDF00031D0032B0FD0012B0AD1216A05EB55033B
:10DE0000204601EB53210093FFF756F8002847D036
:10DE1000012002B070BD216A204601EBD511FFF749
:10DE20004BF80028F4D1AB0003F4FE731A462344E8
:10DE3000224493F8301092F8323092F833001B04E9
:10DE400092F8312043EA00630B4343EA022333F0A4
:10DE5000704313D142E0216A204601EB1521FFF700
:10DE60002BF80028D4D16B0003F4FF73234493F8FC
:10DE7000312093F8303053EA02232FD0012B0CD0FD
:10DE80006269AA4209D92278022A00F08780032A0F
:10DE900055D0012A24D001232371022002B070BD85
:10DEA000009B216AC3F3080201332244204601EBA0
:10DEB000532192F830600093FEF7FEFF0028A7D1AF
:10DEC000009BE807C3F30803234493F8303046EA85
:10DED000032376D4C3F30B03002BCFD1002098E7A4
:10DEE000216ACDE9003205EB550301EB53212046B1
:10DEF0001E46FEF7E1FFDDE90032E8B93046216A4F
:10DF00000136C0F3080015F0010501EB562100931E
:10DF100020445AD180F8305020462271FEF7CCFFC1
:10DF200050B9C6F30802224492F83000009B00F07A
:10DF3000F00082F830001BE00123237168E7216ABA
:10DF4000204601EBD5110093FEF7B6FF0028F3D170
:10DF5000AD0005F4FE7505F130022244D178254468
:10DF600001F0F001009B85F83000A2F80100D170AB
:10DF70004FF0010122692171511C0AD001326179EF
:10DF80002261626941F001019A426171A6D91D4680
:10DF90002CE762699A42A1D91D4627E7216A2046EB
:10DFA00001EB15210093FEF787FF0028C4D16D0017
:10DFB00005F4FF752544009B85F8300085F8310095
:10DFC000D6E71B097FF45AAF88E790F8305005F088
:10DFD0000F0580F8305020462271FEF76DFF009B40
:10DFE0000028A9D1C6F308022244A2E70220704704
:10DFF0002DE9F04F002183B00446FFF7A1FC054650
:10E0000000287CD1266925683746EE6ABE4247D192
:10E0100063691B78E52B54D0002B52D0E68801367B
:10E02000B6B2002E72D02769002F6FD016F00F0302
:10E03000984625682BD1E16801372761002962D015
:10E04000AB78013B13EA161321D1012900F09B8024
:10E050006B69994280F097802846FEF76BFF012894
:10E06000824640F29080431C77D025686B699842C5
:10E0700080F08B80821E023B9A4228BF0027C4F8A2
:10E080000CA03EBFAB78AF6A02FB03772761E68046
:10E09000EE6A05F1300101EB4811BE426161B7D073
:10E0A0002B7905F13001002B32D101233A466878F3
:10E0B00000F0C4FB002850D16369EF621B78E52BA8
:10E0C000AAD121692068FEF7F7FE0546B8B90146D6
:10E0D0002022606900F04CFFD4E90532591E891AEC
:10E0E00002293FD91168196051685960117A197273
:10E0F000517A5972917A0122997223681A712846CD
:10E1000003B0BDE8F08F2B89B342C0D80725F6E7EE
:10E11000012332466878009100F0A8FBE8B92B6A29
:10E120000099F21AAB6928719A42BED2EA78012AA4
:10E13000BBD9B846A1460F46144600E0AB691E4461
:10E140003246012339466878013C00F08FFB012CF0
:10E15000F4D139464C464746A7E70125284603B087
:10E16000BDE8F08F117819705178597091789970D5
:10E17000D178D97011791971517959719179997151
:10E18000D179D971B2E70225B9E72846E168FFF7EE
:10E190009FFA82460028B9D00128F4D00130DCD0A3
:10E1A00025682B79002B53D14FF40072002105F123
:10E1B000300000F0DDFE2568AAF102026B69A97843
:10E1C000023B9A42894641D2AF6A02FB0177EF6275
:10E1D000B9F1000F35D04FF00009A346CDE9006238
:10E1E0004FF0010305F130042B713A46012321461B
:10E1F000687800F03BFB0028AFD12B6A2871FA1A2F
:10E20000AB699A420ED2EE78012E01D80AE0AB69D2
:10E210001F443A46012321466878013E00F026FB60
:10E22000012EF4D1DBF8005009F10104EF6AAB785C
:10E23000E2B2013793429146EF62D1D85C46DDE904
:10E240000062A7EB09076B69EF6214E70027BEE7DE
:10E25000EF6A05F1300101233A4668788B4600F0F9
:10E2600005FB00287FF479AF2B6A2871FA1AAB6995
:10E270009A4211D2EA78012A914601D80CE0AB69A2
:10E280001F443A4601235946687800F0EFFA09F135
:10E29000FF33012B9946F2D1256885E700B583B09D
:10E2A000CDE90010C9B10B78303B082B0ED91049CD
:10E2B0000B680BB100201870019B83B10020012A6C
:10E2C0000B6018700DD0002003B000BD48783A28CC
:10E2D000EDD102310091002BE9D00B20F4E70B6067
:10E2E000F1E70246694601A8FFF774F803B000BDE4
:10E2F000F41900202DE9F0418EB00391002872D06E
:10E300004FF0000C0446154607A802F01E0203A9B0
:10E31000C4F800C0CDF830C0FFF75CF8034618B170
:10E3200018460EB0BDE8F0810399019004AA07A831
:10E330000D92FFF7D1FB05F01F06019B05F01C01B4
:10E3400058BB0C9A002A63D0079FD07A69B310F0AB
:10E35000110F4DD169075DD428072CD5CDE90123D4
:10E3600000F0C4FA0021019A029BC2F80E00D1729B
:10E37000D1613978558B032908BF918A4FF001008C
:10E3800008BF45EA01454FF0000151839182387181
:10E39000002D41D146F020060DE009B104282BD014
:10E3A000034618460EB0BDE8F081C10622D4AD0781
:10E3B00001D5C1071CD40021F86AA671C4E907027F
:10E3C000E1713878518B032804BF908A41EA0041FB
:10E3D00021610021D269F8882760C4E90212A08077
:10E3E000A16161629CE7092318460EB0BDE8F08187
:10E3F000072395E7042393E707A80193FFF7F8FDA8
:10E400000028CDD1079F0C9A019B46F00806A5E78E
:10E41000062385E7082383E7CDE90123FB6A294624
:10E4200038469846FFF7D8FC0028B9D1013D41464F
:10E430003846FD60FEF740FDDDE901230028A9D044
:10E440000346AEE74FF0000CC3F800C068B3D0F845
:10E4500000C0BCF1000F28D010B59CF800E084B0DB
:10E46000BEF1000F05D0BCF80640B0F804E07445DA
:10E4700002D0092004B010BD04469CF80100CDE98B
:10E480000212019300F0D8F9C20712D4E0790028F3
:10E49000F0D1A079C3070AD5DDE902122046019B1D
:10E4A00004B0BDE81040FEF7B5BD09207047072055
:10E4B000E0E70320DEE700BF30B583B038B1036882
:10E4C0002BB11A781AB1D9888288914203D00925D4
:10E4D000284603B030BD0446587800F0ADF910F07E
:10E4E000010549D1A3799A0641D55B060CD5214691
:10E4F00051F8280B0123A269407800F0B7F940B920
:10E50000A37923F04003A371E1692068FEF7D4FCEE
:10E5100018B10125284603B030BD236A0190D97A8D
:10E52000009341F02001D972E1681977E168090A86
:10E530005977E1899977E17BD9772169080C997638
:10E540001875090A000AD976587500F0CFF9DDE987
:10E55000003201215A82C3F81600A379206823F003
:10E560002003A3710171FEF74BFC0028D1D10023D9
:10E570002846236003B030BD0325A9E710B586B057
:10E58000019100282FD00446002201A902A8FEF71D
:10E5900021FF18B10023236006B010BD029B03AA1F
:10E5A000204601992360A2610093FFF795FAB0B964
:10E5B0006269009B52B1D17AC90617D51878518B80
:10E5C000032804BF928A41EA0241A160DB8800214E
:10E5D0002046A380FFF7B4F90028DDD0DAE704284D
:10E5E00008BF0520D6E7092006B010BD0520D1E7F9
:10E5F0002DE9F04F87B038B103682BB11A781AB102
:10E60000DC888288944204D00925284607B0BDE8FA
:10E61000F08F044658780E468B4600F00DF910F046
:10E62000010540F0E580002E00F0DB80276903AB98
:10E63000A361002F3ED02668D6F82C904F450FD00E
:10E64000337906F13008002B40F0948001233A46DC
:10E650004146707800F0F2F8002840F0AE80F76292
:10E6600062691378002B7BD0E52B08D02E2B06D0C7
:10E67000D37A03F03F030F2B01D0082B1AD1E38884
:10E6800001339BB2002B6BD02769002F68D013F0A9
:10E690000F02266867D1E16801372761002949D157
:10E6A00032899A425CD906F13008E380C4F81480BC
:10E6B000002FC1D159462046FEF71EFBE6880136E1
:10E6C000B6B2002E00F087802269002A00F0838015
:10E6D00016F00F07236824D1E16801322261002976
:10E6E00076D09A78013A12EA16181AD101296DD01B
:10E6F0005A6991426AD21846FEF71CFC012865D976
:10E70000431C5CD023685A69904264D2023AE060AC
:10E710000238904203D299789A6A00FB0128C4F823
:10E7200010802846303303EB4713E680636107B05F
:10E73000BDE8F08FB278013A12EA1312B3D1012981
:10E7400042D0726991423FD230460193FEF7F2FB0C
:10E75000012839D9421C30D026687269904249D3C9
:10E7600000232361A6E706F1300808EB4212E3809C
:10E77000626161E701234A464146707800F076F80D
:10E78000D8B9336A3071A9EB0302B3699A42BFF476
:10E790005DAF96F803A0BAF1010F01D856E7B3694F
:10E7A00099444A460123414670780AF1FF3A00F045
:10E7B0005DF8BAF1010FF2D148E70023236101258A
:10E7C000284607B0BDE8F08F0023236102251CE72F
:10E7D0001A89B242A5D800232846236107B0BDE8B4
:10E7E000F08F3146204607B0BDE8F04FFFF7A8B8DC
:10E7F00003250AE7023AE06002389042019B05D205
:10E80000B278B76A00FB027727614CE73036E380C5
:10E810006661A5E708B10120704708B500F08EF9E0
:10E8200000B908BD00F0B2F8FF2000F0ADF800F02C
:10E83000AFF8012008BD00BF0020704753B108B1F8
:10E8400001207047084608B511461A4600F03AFA0A
:10E8500010B908BD0420704700F098F8FF2000F0C0
:10E8600093F800F095F8012008BD00BF63B108B12E
:10E8700001207047084608B511461A4600F090FA84
:10E88000003818BF012008BD0420704738B900B512
:10E8900083B0032928D8DFE801F00B1D23050123ED
:10E8A00018467047082313800023184603B000BDA4
:10E8B00000211620FDF73AFF00F06CF8031E18BF88
:10E8C0000123012116200193FDF730FF019B18461B
:10E8D00003B000BD019200F0F5F8019A1060E3E783
:10E8E0004FF400731380DFE70423DEE70020704756
:10E8F00070B5054682B016200E460121FDF716FFC1
:10E90000FF20FDF789FF00211620FDF70FFF6FF0B4
:10E910007F4401E0013C28D0FF20FDF77DFFFF2868
:10E92000F8D1019045F04000FDF776FF0020FDF79B
:10E9300073FF0020FDF770FF0020FDF76DFF002042
:10E94000FDF76AFF3046FDF767FF0C2D17D0202436
:10E9500002E013F0FF0406D0FF20FDF75DFF020682
:10E9600004F1FF33F5D402B070BD01211620FDF78C
:10E97000DDFEFF20FDF750FFFF2002B070BD0198C3
:10E98000FDF74AFFE3E700BFFDF746BF704700BF52
:10E99000704700BF10B56FF07F4401E0013C06D026
:10E9A000FF20FDF739FFFF28F8D1002010BD01201E
:10E9B00010BD00BFF0B5064683B016200D460121FC
:10E9C0001746FDF7B3FEFF20FDF726FF00211620B6
:10E9D000FDF7ACFE6FF07F4401E0013C2AD0FF2040
:10E9E000FDF71AFFFF28F8D1019046F04000FDF72F
:10E9F00013FF280EFDF710FFC5F30740FDF70CFFCE
:10EA0000C5F30720FDF708FFE8B2FDF705FF38461C
:10EA1000FDF702FF0C2E17D0202402E013F0FF04B4
:10EA200006D0FF20FDF7F8FE020604F1FF33F5D40F
:10EA300003B0F0BD01211620FDF778FEFF20FDF7A1
:10EA4000EBFEFF2003B0F0BD0198FDF7E5FEE3E724
:10EA500070B5012105460920FFF74AFF48B101269C
:10EA600001211620FDF762FEFF20FDF7D5FE30469E
:10EA700070BD06464FF6FF7402E0002CEFD09CB24A
:10EA8000FF20FDF7C9FEFE2804F1FF33F5D1002C6D
:10EA9000E5D005F11004FF20FDF7BEFE05F8010BDF
:10EAA000A542F8D1FF20FDF7B7FEFF20FDF7B4FE29
:10EAB00001211620FDF73AFEFF20FDF7ADFE30469E
:10EAC00070BD00BF10B5002484B068468DF80840C2
:10EAD0008DF80940FFF7BCFF60BB9DF800109DF862
:10EAE000083001F0C00140299DF809201BD09DF895
:10EAF00005109DF807C09DF80640980900EB8C00B2
:10EB000001F00F03A10201F44061013008449DF8B7
:10EB10000A10520002F0060203EBD1131344073B24
:10EB2000984004B010BD013202EB032292B2900271
:10EB300004B010BD204604B010BD00BFF0B50121E7
:10EB4000162085B0FDF7F2FD0A24013CFF20A4B297
:10EB5000FDF762FE002CF8D1152501E0002D49D00B
:10EB600095210020FFF7C4FE013D01280446ADB207
:10EB7000F4D10024524E019087224FF4D571082021
:10EB80003470FFF717FF0128044613D103AF03AD1C
:10EB9000FF20FDF741FE04AB05F8010B9D42F7D1C4
:10EBA0009DF80E30012B27D19DF80F20AA2A57D0AF
:10EBB0001C4621E001993720FFF79AFE2920019990
:10EBC000FFF796FE0128019B29D94FF6FE75337099
:10EBD00004E09DB24FF6FF739D4238D001210846F4
:10EBE000FFF786FE6B1E04460028F2D175BB00239A
:10EBF000337001E0324E357001211620FDF796FD8D
:10EC0000FF20FDF709FE33782BB99C4208BFAA24E8
:10EC1000204605B0F0BD0024204605B0F0BD02231B
:10EC20004FF6FE75337004E04FF6FF729DB29542C9
:10EC30000DD001213720FFF75BFE01212920FFF7CE
:10EC400057FE6B1E04460028EED1CFE700240122B8
:10EC50004FF400711020FFF7ADFE0028C7D1CBE7BD
:10EC60004FF6FE7504E04FF6FF729DB295420FD04D
:10EC700001213720FFF73CFE01224FF0804129207F
:10EC8000FFF798FE6B1E04460028ECD1002DB3D090
:10EC900001213A20FFF72CFE0028ADD1FF20FDF71F
:10ECA000BBFD3B4604AA03F8010B93421F46F5D176
:10ECB0009DF80C305B064CBF0623042333709BE7A2
:10ECC000CC84022070B5354B14461B780546062BC4
:10ECD00018BF4902012A3BD001221220FFF76AFE29
:10ECE000631E05F58066DBB205F5007506EB43266D
:10ECF0004FF6FF7401E0ECB19CB2FF20FDF78CFDF4
:10ED0000FE2804F1FF33F6D1A4B1A5F50074FF206D
:10ED1000FDF782FD04F8010BAC42F8D1FF20FDF7AE
:10ED20007BFD04F50075FF20FDF776FDB542DFD1D0
:10ED3000002600E0012601210C20FFF7D9FD01216A
:10ED40001620FDF7F3FCFF20FDF766FD304670BD91
:10ED50001120FFF72FFE06460028F0D14FF6FF7472
:10ED600001E0C4B19CB2FF20FDF756FDFE2804F17E
:10ED7000FF33F6D17CB105F50074FF20FDF74CFDA3
:10ED800005F8010BA542F8D1FF20FDF745FDFF2056
:10ED9000FDF742FDD3E70126D1E700BFCC84022076
:10EDA000F8B54A4B05461B781746062B0C4650D043
:10EDB000012A4FEA412458D0012B4CD1012221468F
:10EDC0001920FFF7F7FD0646D0BB7B1EDBB205F22C
:10EDD000FF3707EB432705F2FF156FF07F4401E093
:10EDE000013C20D0FF20FDF717FDFF28F8D1FC20C3
:10EDF000FDF712FDA5F5007414F8010FFDF70CFDE9
:10EE0000A542F9D1FF20FDF707FDFF20FDF704FD26
:10EE1000FF20FDF701FD00F01F03052B03D105F5D1
:10EE20000075BD42D9D16FF07F4401E0013C4AD06A
:10EE3000FF20FDF7F1FCFF28F8D1FD20FDF7ECFCE9
:10EE400001211620FDF772FCFF20FDF7E5FC30469E
:10EE5000F8BD012A09D001213720FFF749FD012221
:10EE600039461720FFF7A6FDA8E701222146182002
:10EE7000FFF7A0FD06460028E2D16FF07F4401E0D5
:10EE8000013C20D0FF20FDF7C7FCFF28F8D1FE2071
:10EE9000FDF7C2FC6C1E05F2FF1514F8010FFDF71B
:10EEA000BBFCAC42F9D1FF20FDF7B6FCFF20FDF71B
:10EEB000B3FCFF20FDF7B0FC00F01F06053E18BFB5
:10EEC00001267600BCE70126BAE700BFCC84022009
:10EED00020F0030110F00300C0F1000051F8043BE2
:10EEE00000F1040C4FEACC0C6FF000021CBF22FAB8
:10EEF0000CF213434FF0010C4CEA0C2C4CEA0C4C76
:10EF0000A3EB0C0222EA030212EACC1204BF51F86E
:10EF1000043B0430F4D0C2F1000102EA0102B2FA6B
:10EF200082F2C2F11F0200EBD20070470000000025
:10EF30005FF800F0290200205FF800F0F1010020E6
:10EF40005FF800F0550A00205FF800F06102002031
:10EF50005FF800F0F51000205FF800F0B10A002023
:10EF60005FF800F07D0A00205FF800F0A9020020A1
:10EF70005FF800F0191500205FF800F0F90A002092
:10EF80005FF800F0A11500205FF800F0AD0D002043
:10EF90005FF800F0A51100205FF800F011010020DB
:10EFA00089150010011500103115001019160010F8
:10EFB0006915001089140010B115001075140010A7
:10EFC0000D080010B5150010DD0B0010D114001055
:10EFD0009D1500104D150010DD03001005040010F4
:04EFE000393A0010AA
:10EFE8000A2A2A2A2050414E4943202A2A2A0A005E
:10EFF8004E6F207370696E6C6F636B7320617265FE
:10F0080020617661696C61626C6500004E6F2075E5
:10F01800736572204952517320617265206176616F
:10F02800696C61626C650000486172647761726541
:10F0380020616C61726D20256420616C7265616469
:10F048007920636C61696D656400000048617264D1
:10F05800206173736572740052656C656173650035
:10F06800626F6F74325F773235713038300000006C
:10F07800322E332E300000007069636F325F7700E4
:10F088006D61696E000000005365702031342032D4
:10F0980030323600666E692B00000000666E69002B
:10F0A8006E616E00666E692D0000000055534220A7
:10F0B800737464696E202F207374646F7574000014
:10F0C80052617370626572727920506900000000A5
:10F0D8005069636F00000000426F6172642043440E
:10F0E800430000005265736574000000556E686146
:10F0F8006E646C65642049525120307825780A0086
:10F10800657020253032582077617320616C7265F4
:10F1180061647920617661696C61626C65000000E8
:10F1280043616E277420636F6E74696E756520780D
:10F13800666572206F6E20696E61637469766520FA
:10F1480065702025303258002F000000534420639A
:10F15800617264206D6F756E742066696C652073CA
:10F16800797374656D206661696C6564202C6572BD
:10F17800726F7220636F6465203A282564290D0A2E
:10F188000000000053442063617264206D6F756E47
:10F19800742066696C652073797374656D20737566
:10F1A80063636573732121200D00000053445F439E
:10F1B8004152445F4E4F545F464F524D415454455F
:10F1C8004400000053445F434152445F4F50454E52
:10F1D8005F4641494C000000252D31312E313173F5
:10F1E8000000000053445F434152445F4E4F545F58
:10F1F800464F554E4400000053445F434152445F1C
:10F2080046494C455F4E4F545F535550504F5254EA
:10F218004544000057617665536861726520456C06
:10F22800656374726F6E696300000000322E38697E
:10F238006E6368205446544C43440000332E3569AD
:10F248006E6368205446544C4344000078310000F3
:10F2580079310000783200007932000078330000FC
:10F268007933000078340000793400006661632047
:10F278006973203A20000000506C65617365207541
:10F28800736520746865207374796C757320636C7A
:10F2980069636B207468652063726F73736F6E2087
:10F2A8007468652073637265656E2E2054686520E6
:10F2B80063726F73732077696C6C20616C77617906
:10F2C80073206D6F766520756E74696C746865203F
:10F2D80073637265656E2061646A7573746D656EBB
:10F2E8007420697320636F6D706C657465642E009B
:10F2F80041646A75737420646961676F6E616C201C
:10F30800646972656374696F6E0D000052324C5FF8
:10F318004432550D000000004C32525F5532440D06
:10F32800000000005532445F52324C0D00000000CE
:10F338004432555F4C32520D000000007354505F48
:10F348004445562E6658666163203D202566200D8B
:10F358000A0000007354505F4445562E6659666192
:10F3680063203D202566200D0A0000007354505F7D
:10F378004445562E69586F6666203D202564200D49
:10F388000A0000007354505F4445562E69596F6651
:10F3980066203D202564200D0A00000041646A753E
:10F3A8007374204F4B0D0000546F756368205363CE
:10F3B8007265656E2041646A757374204F4B210035
:10F3C800446F6573206E6F7420737570706F7274FC
:10F3D80020746F7563682D73637265656E20090903
:10F3E800090909090963616C6962726174696F6E60
:10F3F80020696E2074686973206469726563746932
:10F408006F6E0000434C454152000000414400002B
:10F4180006005250D3F0754260F0001006005250BA
:10F42800E182887F68F0001006005250ABB3605349
:10F4380078F0001006005250BBFF3CB680F0001078
:10F4480006005250861C030288F000100600525035
:10F458005422A29D90F0001005005250DE65F46819
:10F468009047011000000000000000000000F03F7D
:10F478000000000000002440000000000000594087
:10F488000000000000408F40000000000088C340DA
:10F4980000000000006AF8400000000080842E414F
:10F4A80000000000D01263410000000084D797419B
:10F4B8000000000065CDCD410D0A00000600525045
:10F4C80053B4F4A1B4F0001000000000C8F000101C
:10F4D800D8F00010B8840220E0F00010ECF0001022
:10F4E80009025400030100807D080B00020202009B
:10F4F800000904000001020200040524002001059F
:10F5080024010001042402060524060001070581E0
:10F518000308001009040100020A000000070502A0
:10F5280002400000070582024000000904020000B2
:10F53800FF00010512011002EF0201408A2E0900A6
:10F5480000010102030100000A0000000000030698
:10F55800A6000800020002009C001400030057499E
:10F568004E555342000000000000000000008000DB
:10F57800040001002800440065007600690063006B
:10F58800650049006E007400650072006600610045
:10F5980063006500470055004900440000004E0024
:10F5A8007B006200630037003300390038006300D5
:10F5B80031002D0037003300630064002D00340053
:10F5C8006300620037002D003900380062003800FF
:10F5D8002D003900310033006100380066006300F7
:10F5E800610037006200660036007D000000000000
:10F5F800050F2100011C100500DF60DDD88945C713
:10F608004C9CD2659D9E648A9F00000306A600015B
:10F618000000000000000000F53B001000000000A2
:10F62800F93B0010053C0010313C00102D3C001047
:10F6380000000000000000000D4F0010814F001076
:10F64800B14F001001500010D1500010A15100100E
:10F65800000000000203000000000000000000009D
:10F668000000000000101010101000001000000032
:10F67800006C484800000000000000000014142836
:10F688007C287C28505000000010384040384870D2
:10F6980010100000002050200C7008140800000012
:10F6A80000000018202054483400000000101010FA
:10F6B80010000000000000000008081010101010D2
:10F6C8001008080000202010101010101020200032
:10F6D80000107C1028280000000000000000101016
:10F6E80010FE1010100000000000000000000018BC
:10F6F8001030200000000000007C00000000000026
:10F708000000000000000030300000000004040881
:10F718000810102020400000003844444444444469
:10F728003800000000301010101010107C0000008D
:10F7380000384404081020447C00000000384404C9
:10F748001804044438000000000C141424447E04F7
:10F758000E000000003C202038040444380000005B
:10F76800001C20407844444438000000007C4404D5
:10F778000808081010000000003844443844444485
:10F788003800000000384444443C0408700000007D
:10F798000000003030000030300000000000001889
:10F7A800180000183020000000000C106080601065
:10F7B8000C000000000000007C007C00000000003D
:10F7C8000000C02018041820C00000000000182401
:10F7D80004081000300000003844444C54544C4095
:10F7E800443800000030102828287C44EE0000002F
:10F7F80000F8444478444444F8000000003C444085
:10F80800404040443800000000F048444444444824
:10F81800F000000000FC445070504044FC00000020
:10F82800007E22283828202070000000003C444038
:10F83800404E44443800000000EE44447C444444B4
:10F84800EE000000007C1010101010107C0000006A
:10F85800003C0808084848483000000000EE4448CA
:10F8680050704844E6000000007020202020242426
:10F878007C00000000EE6C6C54544444EE00000020
:10F8880000EE64645454544CEC00000000384444C6
:10F8980044444444380000000078242424382020BC
:10F8A800700000000038444444444444381C0000BC
:10F8B80000F8444444784844E200000000344C40D6
:10F8C800380404645800000000FE92101010101054
:10F8D8003800000000EE444444444444380000002A
:10F8E80000EE4444282828101000000000EE44448C
:10F8F800545454542800000000C6442810102844CA
:10F90800C600000000EE442828101010380000003F
:10F91800007C4408101020447C000000003820209F
:10F92800202020202020380000402020201010080F
:10F9380008080000003808080808080808083800FF
:10F948000010102844000000000000000000000023
:10F9580000000000000000FE001008000000000089
:10F968000000000000000038443C44443E00000011
:10F9780000C0405864444444F80000000000003CC3
:10F988004440404438000000000C04344C444444D3
:10F998003E00000000000038447C40403C0000006D
:10F9A800001C207C202020207C0000000000003665
:10F9B8004C4444443C04380000C040586444444427
:10F9C800EE00000000100070101010107C00000005
:10F9D80000100078080808080808700000C0405C9B
:10F9E80048705048DC000000003010101010101053
:10F9F8007C000000000000E854545454FE0000004D
:10FA0800000000D864444444EE00000000000038C0
:10FA18004444444438000000000000D8644444448E
:10FA28007840E000000000364C4444443C040E009A
:10FA38000000006C302020207C0000000000003C0A
:10FA480044380444780000000000207C2020202254
:10FA58001C000000000000CC4444444C3600000068
:10FA6800000000EE4444282810000000000000EECA
:10FA78004454545428000000000000CC483030485A
:10FA8800CC000000000000EE442428181010780074
:10FA98000000007C481020447C0000000008101082
:10FAA8001010201010100800001010101010101066
:10FAB8001010000000201010101008101010200066
:10FAC80000000000002458000000000000000000B2
:10FAD800000000000000000000000000000000001E
:10FAE80000000000000000000000000000000C0002
:10FAF8000C000C000C000C000C000C000C000000AA
:10FB08000C000000000000000000000000000000E1
:10FB18001DC01DC00880088008800000000000008B
:10FB280000000000000000000000000000000D8040
:10FB38000D800D800D803FC01B003FC01B001B00C7
:10FB48001B001B00000000000000000004001F80D4
:10FB58003180318038001E000F00038031803180F1
:10FB68003F0004000400000000000000000018002E
:10FB78002400240018C007801E0031800240024083
:10FB880001800000000000000000000000000000EC
:10FB98000F001800180018000C001D8037003300F3
:10FBA8001D800000000000000000000000000000B0
:10FBB8000700070002000200020000000000000029
:10FBC800000000000000000000000000000003002A
:10FBD800030006000E000C000C000C000C000E00C8
:10FBE80006000300030000000000000000001800E9
:10FBF80018000C00060006000600060006000600B5
:10FC08000C001C00180000000000000000000600A6
:10FC180006003FC03FC00F001F8019800000000091
:10FC280000000000000000000000000000000000CC
:10FC380000000400040004003F80040004000400E5
:10FC480000000000000000000000000000000000AC
:10FC58000000000000000000000000000000060096
:10FC680004000C000800080000000000000000006C
:10FC780000000000000000003F80000000000000BD
:10FC8800000000000000000000000000000000006C
:10FC980000000000000000000000000000000C0050
:10FCA8000C000000000000000000000000C000C0C0
:10FCB800018001800300030006000C000C001800FE
:10FCC80018003000300000000000000000000E00A6
:10FCD8001B003180318031803180318031801B00C0
:10FCE8000E000000000000000000000000000600F8
:10FCF8003E00060006000600060006000600060094
:10FD08003FC00000000000000000000000000F00DD
:10FD1800198031803180030006000C001800300083
:10FD28003F800000000000000000000000003F00CD
:10FD38006180018003001F000380018001806180D1
:10FD48003F00000000000000000000000000070065
:10FD580007000F000B001B00130033003F80030057
:10FD68000F800000000000000000000000001F805D
:10FD78001800180018001F001180018001802180E0
:10FD88001F000000000000000000000000000780C5
:10FD98001C0018003000370039803180318019800C
:10FDA8000F000000000000000000000000007F00BD
:10FDB8004300030006000600060006000C000C00C5
:10FDC8000C000000000000000000000000001F0000
:10FDD8003180318031801F00318031803180318025
:10FDE8001F000000000000000000000000001E00CE
:10FDF80033003180318033801D800180030007008B
:10FE08003C000000000000000000000000000000AE
:10FE1800000000000C000C000000000000000C00B6
:10FE28000C000000000000000000000000000000BE
:10FE380000000000030003000000000000000600AE
:10FE48000400080008000000000000000000000096
:10FE580000C003000400180060001800040003003C
:10FE680000C00000000000000000000000000000CA
:10FE78000000000000007FC000007FC000000000FC
:10FE8800000000000000000000000000000000006A
:10FE9800600018000400030000C0030004001800FC
:10FEA80060000000000000000000000000000000EA
:10FEB8001F0031803180018007000C000C00000019
:10FEC8000C000000000000000000000000000E0010
:10FED8001100210021002700290029002700200007
:10FEE80011000E00000000000000000000000000EB
:10FEF8003F000F000900198019801F8030C030C0F2
:10FF080079E0000000000000000000000000000090
:10FF18007F003180318031803F00318031803180F5
:10FF28007F0000000000000000000000000000004A
:10FF38001F4030C06040600060006000604030805A
:10FF48001F0000000000000000000000000000008A
:10FF58007F00318030C030C030C030C030C0318008
:10FF68007F0000000000000000000000000000000A
:10FF78007F803080308032003E0032003080308018
:10FF88007F8000000000000000000000000000006A
:10FF98007FC03040304032003E0032003000300038
:10FFA8007C000000000000000000000000000000CD
:10FFB8001E80318060806000600067C06180318091
:10FFC8001F0000000000000000000000000000000A
:10FFD8007BC03180318031803F80318031803180F9
:10FFE8007BC00000000000000000000000000000CE
:08FFF8003FC0060006000600F0
:020000041001E9
:1000000006000600060006003FC0000000000000D9
:1000100000000000000000001FC0030003000300F8
:1000200003006300630063003E0000000000000066
:1000300000000000000000007BC03180330036006B
:100040003C003E003300318079C000000000000019
:1000500000000000000000007E00180018001800DA
:1000600018001840184018407FC000000000000031
:100070000000000000000000E0E060C071C07BC034
:100080006AC06EC064C060C0FBE0000000000000F9
:10009000000000000000000073C0318039803D8006
:1000A0003580378033803180798000000000000087
:1000B00000000000000000001F00318060C060C030
:1000C00060C060C060C031801F0000000000000000
:1000D00000000000000000007F003180318031808E
:1000E00031803F00300030007E0000000000000042
:1000F00000000000000000001F00318060C060C0F0
:1001000060C060C060C031801F000CC01F80000054
:1001100000000000000000007F003180318031804D
:100120003E003300318031807CE0000000000000A0
:1001300000000000000000001F8031803180380086
:100140001F000380318031803F000000000000006C
:1001500000000000000000007F804C804C804C803C
:100160000C000C000C000C003F0000000000000020
:1001700000000000000000007BC031803180318031
:1001800031803180318031801F000000000000008C
:1001900000000000000000007BC0318031801B00A7
:1001A0001B001B000A000E000E00000000000000F3
:1001B0000000000000000000FBE060C064C06EC0F2
:1001C0006EC02A803B803B80318000000000000030
:1001D00000000000000000007BC031801B000E000A
:1001E0000E000E001B0031807BC0000000000000EC
:1001F000000000000000000079E030C019800F000E
:1002000006000600060006001F8000000000000037
:1002100000000000000000003F8021802300060055
:1002200004000C00188030803F80000000000000B7
:10023000000000000000078006000600060006001F
:100240000600060006000600060006000780000003
:100250000000000030003000180018000C000C00F6
:100260000600030003000180018000C000C0000000
:100270000000000000001E00060006000600060048
:100280000600060006000600060006001E0000002C
:100290000000000004000A000A00110020802080F5
:1002A000000000000000000000000000000000004E
:1002B000000000000000000000000000000000003E
:1002C000000000000000000000000000000000002E
:1002D0000000FFE008000400020000000000000031
:1002E000000000000000000000000000000000000E
:1002F0000000000000000000000000001F0001805E
:1003000001801F80318033801DC00000000000008C
:10031000000000000000700030003000370039801D
:1003200030C030C030C039807700000000000000CD
:100330000000000000000000000000001E8031806E
:1003400060806000608031801F00000000000000BD
:100350000000000000000380018001801D803380C8
:1003600061806180618033801DC00000000000005A
:100370000000000000000000000000001F003180AD
:1003800060C07FC0600030C01F800000000000001F
:1003900000000000000007E00C000C003F800C0093
:1003A0000C000C000C000C003F800000000000005E
:1003B0000000000000000000000000001DC03380AD
:1003C00061806180618033801D80018001801F0019
:1003D000000000000000700030003000370039805D
:1003E00031803180318031807BC00000000000000E
:1003F0000000000000000600060000001E000600CD
:1004000006000600060006003FC0000000000000D5
:100410000000000000000600060000003F0003008E
:1004200003000300030003000300030003003E0079
:1004300000000000000070003000300037803600FF
:100440003C003C003600330077C000000000000094
:100450000000000000001E00060006000600060066
:1004600006000600060006003FC000000000000075
:100470000000000000000000000000007F8036C087
:1004800036C036C036C036C076E00000000000003E
:10049000000000000000000000000000770039802C
:1004A00031803180318031807BC00000000000004D
:1004B0000000000000000000000000001F0031806C
:1004C00060C060C060C031801F00000000000000FC
:1004D00000000000000000000000000077003980EC
:1004E00030C030C030C039803700300030007C0070
:1004F0000000000000000000000000001DC033806C
:1005000061806180618033801D800180018007C02F
:100510000000000000000000000000007B801CC004
:1005200018001800180018007F00000000000000EC
:100530000000000000000000000000001F8031806B
:100540003C001F00038031803F00000000000000DD
:100550000000000000001800180018007F001800BC
:1005600018001800180018800F000000000000009C
:1005700000000000000000000000000073803180D7
:1005800031803180318033801DC0000000000000C8
:100590000000000000000000000000007BC031806F
:1005A00031801B001B000E000E0000000000000048
:1005B000000000000000000000000000F1E060C04A
:1005C00064C06EC03B803B803180000000000000B2
:1005D0000000000000000000000000007BC01B00C5
:1005E0000E000E000E001B007BC00000000000008B
:1005F00000000000000000000000000079E030C0B2
:10060000198019800B000F00060006000C003E0048
:100610000000000000000000000000003F8021807A
:1006200003000E00180030803F8000000000000032
:1006300000000000000006000C000C000C000C0084
:100640000C0018000C000C000C000C000600000050
:10065000000000000000060006000600060006007C
:100660000600060006000600060006000600000060
:100670000000000000000C00060006000600060056
:100680000600030006000600060006000C0000003D
:100690000000000000000000000000000000180042
:1006A00024800300000000000000000000000000A3
:1006B000000000000000000000000000000000003A
:1006C000000000000000000000000000000000002A
:1006D0000000000000000000000000000000070013
:1006E00007000700070007000700070002000200DC
:1006F00000000000070007000000000000000000EC
:1007000000000000000000001CE01CE01CE00840AD
:100710000840084000000000000000000000000049
:100720000000000000000000000000000CC00CC031
:100730000CC00CC00CC03FF03FF00CC00CC03FF030
:100740003FF00CC00CC00CC00CC00CC0000000007E
:10075000000000000300030007E00FE0186018002D
:100760001F000FC000E0186018601FC01F8003004A
:1007700003000300000000000000000000001C0057
:100780002200220022001C6001E00F803C0031C0EA
:1007900002200220022001C0000000000000000032
:1007A0000000000000000000000003E00FE00C006B
:1007B0000C0006000F301FF019E018C01FF007B042
:1007C0000000000000000000000000000000000029
:1007D000038003800380010001000100000000008D
:1007E0000000000000000000000000000000000009
:1007F00000000000000000C000C0018001800180F6
:1008000003000300030003000300030001800180D4
:10081000018000C000C000000000000000000C00CB
:100820000C0006000600060003000300030003009E
:10083000030003000600060006000C000C00000088
:100840000000000000000300030003001B601FE025
:10085000078007800FC00CC00000000000000000EF
:100860000000000000000000000000000000000088
:10087000000003000300030003003FF03FF003000B
:10088000030003000300000000000000000000005F
:100890000000000000000000000000000000000058
:1008A00000000000000000000000038003000300BF
:1008B0000600060004000000000000000000000028
:1008C000000000000000000000003FE03FE00000EA
:1008D0000000000000000000000000000000000018
:1008E0000000000000000000000000000000000008
:1008F000000000000000000000000380038003806F
:100900000000000000000000000000000060006027
:1009100000C000C000C00180018003000300060089
:1009200006000C000C000C0018001800000000006D
:100930000000000000000F801FC018C03060306051
:100940003060306030603060306018C01FC00F8091
:100950000000000000000000000000000000030094
:100960001F001F0003000300030003000300030037
:10097000030003001FE01FE0000000000000000073
:100980000000000000000F801FC038E030600060F1
:1009900000C00180030006000C0018003FE03FE0AB
:1009A00000000000000000000000000000000F80B8
:1009B0003FC030E0006000E007C007C000E000601A
:1009C000006060E07FC03F80000000000000000089
:1009D00000000000000001C003C003C006C00CC03E
:1009E0000CC018C030C03FE03FE000C003E003E0AF
:1009F00000000000000000000000000000001FC018
:100A00001FC0180018001F801FC018E000600060A1
:100A1000006030E03FC01F800000000000000000C8
:100A200000000000000003E00FE01E001800380086
:100A300037803FC038E03060306018E01FC007806A
:100A400000000000000000000000000000003FE087
:100A50003FE03060006000C000C000C00180018045
:100A600001800300030003000000000000000000FC
:100A70000000000000000F801FC038E0306038E048
:100A80001FC01FC038E03060306038E01FC00F80EA
:100A900000000000000000000000000000000F0047
:100AA0001FC038C03060306038E01FE00F6000E0E9
:100AB00000C003C03F803E000000000000000000B6
:100AC00000000000000000000000000000000380A3
:100AD0000380038000000000000003800380038087
:100AE0000000000000000000000000000000000006
:100AF00000000000000001C001C001C000000000B3
:100B0000000003800300060006000400000000004F
:100B100000000000000000000000003000F003C0F2
:100B200007001C0078001C00070003C000F0003024
:100B300000000000000000000000000000000000B5
:100B40000000000000007FF07FF0000000007FF058
:100B50007FF0000000000000000000000000000026
:100B60000000000000000000000030003C000F000A
:100B7000038000E0007800E003800F003C003000BC
:100B80000000000000000000000000000000000065
:100B90000F801FC018601860006001C00380030050
:100BA0000000000007000700000000000000000037
:100BB00000000000000003800C800840104010403E
:100BC00011C012401240124011C01000080008402D
:100BD000078000000000000000000000000000008E
:100BE0001F801F80038006C006C00CC00C601FE081
:100BF0001FE03030787878780000000000000000B6
:100C000000000000000000003F803FC01860186036
:100C100018E01FC01FE01870183018303FF03FE098
:100C200000000000000000000000000000000000C4
:100C300007B00FF01C70383030003000300030004A
:100C400038301C700FE007C00000000000000000FA
:100C500000000000000000007F807FC030E03070A6
:100C60003030303030303030307030E07FC07F8016
:100C70000000000000000000000000000000000074
:100C80003FF03FF01830183019801F801F80198006
:100C9000183018303FF03FF0000000000000000066
:100CA00000000000000000003FF03FF01830183056
:100CB00019801F801F801980180018003F003F0016
:100CC0000000000000000000000000000000000024
:100CD00007B01FF0187030303000300031F831F8B4
:100CE000303018301FF007C0000000000000000086
:100CF00000000000000000003CF03CF018601860AC
:100D000018601FE01FE01860186018603CF03CF0AD
:100D100000000000000000000000000000000000D3
:100D20001FE01FE0030003000300030003000300B3
:100D3000030003001FE01FE00000000000000000AF
:100D4000000000000000000003F803F800600060ED
:100D50000060006030603060306030E03FC00F8085
:100D60000000000000000000000000000000000083
:100D70003EF83EF818E019801B001F001D8018C0C7
:100D800018C018603E783E380000000000000000E7
:100D900000000000000000003F003F000C000C00BD
:100DA0000C000C000C000C300C300C303FF03FF00D
:100DB0000000000000000000000000000000000033
:100DC0007878787838703CF034B037B037B033305A
:100DD000333030307CF87CF8000000000000000068
:100DE000000000000000000039F03DF01C601E60B3
:100DF0001E601B601B6019E019E018E03EE03E60D9
:100E000000000000000000000000000000000000E2
:100E100007800FC01CE03870303030303030303058
:100E200038701CE00FC007800000000000000000C8
:100E300000000000000000003FC03FE018701830C4
:100E4000183018701FE01FC0180018003F003F0046
:100E50000000000000000000000000000000000092
:100E600007800FC01CE03870303030303030303008
:100E700038701CE00FC0078007B00FF00CE00000D6
:100E800000000000000000003FC03FE01870183074
:100E900018701FE01FC018E0186018703E383E1828
:100EA0000000000000000000000000000000000042
:100EB0000FB01FF03870303038001F8007E000702E
:100EC000303038703FE037C0000000000000000004
:100ED00000000000000000003FF03FF033303330EE
:100EE0003330030003000300030003000FC00FC0F2
:100EF00000000000000000000000000000000000F2
:100F00003CF03CF0186018601860186018601860B9
:100F100018601CE00FC00780000000000000000007
:100F2000000000000000000078F078F030603060D1
:100F300018C018C00D800D800D8007000700070045
:100F400000000000000000000000000000000000A1
:100F50007C7C7C7C301833983398339836D816D004
:100F60001C701C701C701830000000000000000095
:100F7000000000000000000078F078F0306018C039
:100F80000D80070007000D8018C0306078F078F001
:100F90000000000000000000000000000000000051
:100FA0003CF03CF018600CC0078007800300030091
:100FB000030003000FC00FC000000000000000008D
:100FC00000000000000000001FE01FE0186018C0D3
:100FD00001800300030006000C6018601FE01FE0A2
:100FE000000000000000000000000000000003C03E
:100FF00003C0030003000300030003000300030019
:101000000300030003000300030003C003C000004B
:1010100000000000180018000C000C000C00060076
:101020000600030003000180018000C000C000C072
:1010300000600060000000000000000000000F00E1
:101040000F0003000300030003000300030003007C
:10105000030003000300030003000F000F00000063
:10106000000000000000020007000D8018C0306082
:101070002020000000000000000000000000000030
:101080000000000000000000000000000000000060
:101090000000000000000000000000000000000050
:1010A0000000000000000000000000000000000040
:1010B000FFFCFFFC000004000300008000000000B3
:1010C0000000000000000000000000000000000020
:1010D0000000000000000000000000000000000010
:1010E0000000000000000FC01FE000600FE01FE0E4
:1010F000386030E03FF01F7000000000000000008A
:1011000000000000000070007000300030003780E8
:101110003FE0386030303030303038607FE077800A
:1011200000000000000000000000000000000000BF
:1011300000000000000007B01FF018303030300011
:10114000300038301FF00FC0000000000000000029
:10115000000000000000007000700030003007B098
:101160001FF0187030303030303038701FF807B84A
:10117000000000000000000000000000000000006F
:1011800000000000000007801FE018603FF03FF003
:10119000300018301FF007C0000000000000000001
:1011A00000000000000003F007F0060006001FE04A
:1011B0001FE0060006000600060006001FE01FE014
:1011C000000000000000000000000000000000001F
:1011D00000000000000007B81FF8187030303030F1
:1011E000303018701FF007B0003000700FE00FC0F3
:1011F00000000000000038003800180018001BC074
:101200001FE01C6018601860186018603CF03CF02B
:1012100000000000000000000000000000000300CB
:101220000300000000001F001F0003000300030074
:10123000030003001FE01FE00000000000000000AA
:1012400000000000000003000300000000001FC0B9
:101250001FC000C000C000C000C000C000C000C06F
:1012600000C001C03F803F000000000000003800C7
:101270003800180018001BE01BE01B001E001E00B9
:101280001B00198039F039F0000000000000000058
:101290000000000000001F001F0003000300030007
:1012A0000300030003000300030003001FE01FE02E
:1012B000000000000000000000000000000000002E
:1012C0000000000000007EE07FF033303330333028
:1012D000333033307BB87BB80000000000000000E2
:1012E00000000000000000000000000000003BC003
:1012F0003FE01C6018601860186018603CF03CF01B
:1013000000000000000000000000000000000000DD
:1013100000000000000007801FE01860303030300F
:10132000303018601FE0078000000000000000005F
:1013300000000000000000000000000000007780B6
:101340007FE0386030303030303038603FE0378018
:10135000300030007C007C00000000000000000035
:1013600000000000000007B81FF81870303030305F
:10137000303018701FF007B00030003000F800F86F
:1013800000000000000000000000000000003CE041
:101390003DF00F300E000C000C000C003FC03FC0B1
:1013A000000000000000000000000000000000003D
:1013B00000000000000007E01FE018601E000FC0E2
:1013C00001E018601FE01F80000000000000000026
:1013D00000000000000000000C000C000C003FE0CA
:1013E0003FE00C000C000C000C000C300FF007C0AC
:1013F00000000000000000000000000000000000ED
:1014000000000000000038E038E018601860186044
:10141000186018E01FF00F700000000000000000CE
:10142000000000000000000000000000000078F054
:1014300078F0306018C018C00D800D8007000700DC
:10144000000000000000000000000000000000009C
:1014500000000000000078F078F03260326037E081
:101460001DC01DC018C018C0000000000000000012
:1014700000000000000000000000000000003CF040
:101480003CF00CC00780030007800CC03CF03CF02F
:10149000000000000000000000000000000000004C
:1014A00000000000000078F078F0306018C018C02C
:1014B0000D800F800700060006000C007F007F00F3
:1014C00000000000000000000000000000001FE01D
:1014D0001FE018C00180030006000C601FE01FE041
:1014E000000000000000000000000000000001C03B
:1014F00003C00300030003000300030007000E0005
:101500000700030003000300030003C001C0000044
:1015100000000000000003000300030003000300BC
:1015200003000300030003000300030003000300A3
:1015300003000300030000000000000000001C0086
:101540001E000600060006000600060007000380D5
:10155000070006000600060006001E001C00000032
:10156000000000000000000000000000000000007B
:101570000E003F3033F001E00000000000000000EA
:10158000000000000000000000000000000000005B
:10159000000000000000000000000000000000004B
:1015A000000000000000000000000000000000003B
:1015B000000000000000000000000000000000002B
:1015C000000000000000000000000000000000001B
:1015D0000000000000000000000003800003800005
:1015E0000380000380000380000380000380000369
:1015F00080000380000100000100000000000000E6
:1016000000038000038000000000000000000000D4
:1016100000000000000000000000000000000000CA
:1016200000000000000E70000E70000E700004201C
:10163000000420000420000420000000000000003E
:10164000000000000000000000000000000000009A
:10165000000000000000000000000000000000008A
:1016600000000000000000000000066000066000AE
:101670000660000660000660003FF8003FF80006C4
:1016800060000CC0003FF8003FF8000CC0000CC028
:10169000000CC0000CC0000CC000000000000000E6
:1016A0000000000000000000000000000000000139
:1016B000800001800007B0000FF000187000187063
:1016C000001C00000F800007E00000F00018300050
:1016D0001C30001C70001FE0001BC00001800001D6
:1016E0008000018000018000000000000000000078
:1016F000000000000000000000000780000FC00094
:101700001CE0001860001860001CE0000FF80007E3
:10171000E0001FF000073800061800061800073820
:101720000003F00001E000000000000000000000E5
:1017300000000000000000000000000000000000A9
:10174000000000000000000003F00007F0000C6043
:10175000000C00000C00000600000700000F9C00B9
:101760001DFC0018F0001870000FFC0007DC0000E2
:101770000000000000000000000000000000000069
:1017800000000000000000000000000000038000D6
:10179000038000038000010000010000010000013F
:1017A0000000000000000000000000000000000039
:1017B0000000000000000000000000000000000029
:1017C0000000000000000000000000000000000019
:1017D000000000180000380000700000F00000E079
:1017E0000000E00001C00001C00001C00001C00015
:1017F00001C00001C00000E00000E0000070000037
:101800007000003800001800000000000000000018
:10181000000000000000000000001800001C000094
:101820000E00000E00000700000700000380000308
:101830008000038000038000038000038000070015
:10184000000700000F00000E00001C000018000040
:101850000000000000000000000000000000000088
:1018600000000180000180000180001DB8001FF809
:101870000007E00003C00003C0000660000660002F
:101880000000000000000000000000000000000058
:101890000000000000000000000000000000000048
:1018A0000000000000000000000000000000000038
:1018B0000180000180000180000180000180003F64
:1018C000FC003FFC000180000180000180000180DD
:1018D0000001800000000000000000000000000087
:1018E00000000000000000000000000000000000F8
:1018F00000000000000000000000000000000000E8
:1019000000000000000000000000000000000000D7
:1019100000000000000000E00000C00001C0000165
:1019200080000180000300000300000000000000B0
:1019300000000000000000000000000000000000A7
:101940000000000000000000000000000000001F78
:10195000F8001FF800000000000000000000000078
:101960000000000000000000000000000000000077
:101970000000000000000000000000000000000067
:101980000000000000000000000000000000000057
:101990000000000000000000000000000000000047
:1019A00000000000000003C00003C00003C00000EE
:1019B0000000000000000000000000000000000027
:1019C000000000000018000018000038000030007F
:1019D00000700000600000600000C00000C0000156
:1019E00080000180000300000300000600000600E4
:1019F000000E00000C00001C000018000018000081
:101A000000000000000000000000000000000000D6
:101A1000000003C00007E0000C30000C3000181874
:101A200000181800181800181800181800181800C6
:101A30001818000C30000C300007E00003C0000054
:101A40000000000000000000000000000000000096
:101A5000000000000000000000000080000780007F
:101A60001F80001D800001800001800001800001B6
:101A70008000018000018000018000018000018061
:101A8000001FF8001FF80000000000000000000028
:101A90000000000000000000000000000000000046
:101AA000000007C0001FF000383000301800301868
:101AB0000000180000300000600001C0000380003A
:101AC0000600000C00001800003FF8003FF800007E
:101AD0000000000000000000000000000000000006
:101AE0000000000000000000000003C0000FE00044
:101AF0000C700000300000300000600003C00003E4
:101B0000E0000070000018000018000018001838ED
:101B1000001FF0000FC000000000000000000000E7
:101B200000000000000000000000000000000000B5
:101B3000000000E00001E00001E00003600006603A
:101B4000000660000C60000C60001860003060004F
:101B50003FF8003FF80000600003F80003F80000C1
:101B60000000000000000000000000000000000075
:101B7000000000000000000000001FF0001FF00047
:101B80001800001800001800001BC0001FF0001C07
:101B90003000001800001800001800001800303055
:101BA000003FF0000FC00000000000000000000037
:101BB0000000000000000000000000000000000025
:101BC000000000F80003F8000700000E00000C0001
:101BD000001800001BC0001FF0001C300018180087
:101BE0001818001818000C38000FF00003E000006F
:101BF00000000000000000000000000000000000E5
:101C0000000000000000000000001FF8001FF800A6
:101C10001818001838000030000030000070000074
:101C2000600000600000E00000C00000C00001C0D3
:101C300000018000018000000000000000000000A2
:101C40000000000000000000000000000000000094
:101C5000000007E0000FF0001C38001818001818EA
:101C6000000C300007E00007E0000C3000181800FE
:101C70001818001818001C38000FF00007E00000CA
:101C80000000000000000000000000000000000054
:101C90000000000000000000000007C0000FF0007E
:101CA0001C30001818001818001818000C38000F05
:101CB000F80003D80000180000300000700000E0B9
:101CC000001FC0001F000000000000000000000016
:101CD0000000000000000000000000000000000004
:101CE000000000000000000000000000000003C031
:101CF0000003C00003C0000000000000000000005E
:101D000000000000000003C00003C00003C000008A
:101D100000000000000000000000000000000000C3
:101D200000000000000000000000000000000000B3
:101D300000000000000000F00000F00000F00000D3
:101D4000000000000000000000000000E00001C0F2
:101D5000000180000180000300000200000000007C
:101D60000000000000000000000000000000000073
:101D70000000000000000000001C00003C0000F01B
:101D80000003C0000F00003C0000F000003C000019
:101D90000F000003C00000F000003C00001C000029
:101DA0000000000000000000000000000000000033
:101DB0000000000000000000000000000000000023
:101DC0000000000000000000007FFC007FFC00001D
:101DD00000000000007FFC007FFC0000000000000D
:101DE00000000000000000000000000000000000F3
:101DF00000000000000000000000000000000000E3
:101E000000000000000000007000007800001E00CC
:101E10000007800001E000007800001E000078004C
:101E200001E0000780001E00007800007000000044
:101E300000000000000000000000000000000000A2
:101E40000000000000000000000000000007C000CB
:101E50000FE000187000183000183000007000000B
:101E6000E00003C000038000030000000000000049
:101E70000007000007000000000000000000000054
:101E80000000000000000000000000000000000052
:101E9000000003E00007F0000E38000C180018786E
:101EA0000018F80019D8001998001998001998001E
:101EB00018F8001878001800000C00000E18000731
:101EC000F80003E000000000000000000000000037
:101ED000000000000000000000000000001F800063
:101EE0001FC00001C0000360000360000630000650
:101EF00030000C30000FF8001FF800180C00300CF8
:101F000000FC7F00FC7F00000000000000000000DB
:101F100000000000000000000000000000000000C1
:101F200000000000007FE0007FF000183800181863
:101F3000001818001838001FF0001FF800181C00C7
:101F4000180C00180C00180C007FF8007FF000003F
:101F50000000000000000000000000000000000081
:101F60000000000000000000000000000003EC0082
:101F70000FFC001C1C00180C00300C00300000305E
:101F80000000300000300000300000180C001C1C65
:101F9000000FF80003F00000000000000000000047
:101FA0000000000000000000000000000000000031
:101FB00000000000007FC0007FF0001838001818F3
:101FC00000180C00180C00180C00180C00180C005D
:101FD000180C001818001838007FF0007FE000008F
:101FE00000000000000000000000000000000000F1
:101FF000000000000000000000000000007FF8006A
:102000007FF8001818001818001998001980001F90
:1020100080001F80001980001998001818001818F7
:10202000007FF8007FF800000000000000000000C2
:1020300000000000000000000000000000000000A0
:1020400000000000003FFC003FFC000C0C000C0CEA
:10205000000CCC000CC0000FC0000FC0000CC00072
:102060000CC0000C00000C00003FC0003FC000008E
:102070000000000000000000000000000000000060
:102080000000000000000000000000000003EC0061
:102090000FFC001C1C00180C00300C00300000303D
:1020A000000030FE0030FE00300C00380C001C1C1C
:1020B000000FFC0003F00000000000000000000022
:1020C0000000000000000000000000000000000010
:1020D00000000000007E7E007E7E001818001818A8
:1020E000001818001818001FF8001FF80018180032
:1020F0001818001818001818007E7E007E7E000058
:1021000000000000000000000000000000000000CF
:10211000000000000000000000000000001FF800A8
:102120001FF8000180000180000180000180000193
:10213000800001800001800001800001800001809A
:10214000001FF8001FF80000000000000000000061
:10215000000000000000000000000000000000007F
:10216000000000000007FE0007FE00003000003005
:10217000000030000030000030003030003030000F
:102180003030003030003060003FE0000F80000051
:10219000000000000000000000000000000000003F
:1021A000000000000000000000000000007F3E0072
:1021B0007F3E0018300018600018C0001980001B16
:1021C00080001FC0001CE000187000183000183894
:1021D000007F1F007F1F00000000000000000000C3
:1021E00000000000000000000000000000000000EF
:1021F00000000000007F80007F80000C00000C00C9
:10220000000C00000C00000C00000C00000C0C0086
:102210000C0C000C0C000C0C007FFC007FFC000080
:1022200000000000000000000000000000000000AE
:1022300000000000000000000000000000F00F009F
:10224000F81F00381C003C3C003C3C00366C00365B
:102250006C0033CC0033CC00318C00300C00300CDF
:1022600000FE7F00FE7F0000000000000000000074
:10227000000000000000000000000000000000005E
:10228000000000000078FE0078FE001C18001E18F8
:10229000001F18001B18001B980019D80018D80040
:1022A00018F8001878001838007F18007F18000010
:1022B000000000000000000000000000000000001E
:1022C0000000000000000000000000000003C0004B
:1022D0000FF0001C3800181800381C00300C0030BB
:1022E0000C00300C00300C00381C001818001C3892
:1022F000000FF00003C0000000000000000000001C
:1023000000000000000000000000000000000000CD
:1023100000000000003FF0003FF8000C1C000C0C17
:10232000000C0C000C0C000C18000FF8000FE00063
:102330000C00000C00000C00003FC0003FC000007B
:10234000000000000000000000000000000000008D
:102350000000000000000000000000000003C000BA
:102360000FF0001C3800181800381C00300C00302A
:102370000C00300C00300C00381C001818001C3801
:10238000000FF00007C00007CC000FFC000C380065
:10239000000000000000000000000000000000003D
:1023A00000000000007FE0007FF0001838001818DF
:1023B000001818001838001FF0001FC00018E000B7
:1023C0001870001830001838007F1E007F0E0000C3
:1023D00000000000000000000000000000000000FD
:1023E0000000000000000000000000000007D8000E
:1023F0000FF8001C38001818001818001E00000FF5
:10240000C00003F0000078001818001818001C38ED
:10241000001FF0001BE000000000000000000000B2
:1024200000000000000000000000000000000000AC
:1024300000000000003FFC003FFC00318C00318CAC
:1024400000318C00318C000180000180000180008F
:102450000180000180000180000FF0000FF00000FB
:10246000000000000000000000000000000000006C
:10247000000000000000000000000000007E7E0060
:102480007E7E001818001818001818001818001878
:1024900018001818001818001818001818000C3028
:1024A000000FF00003C0000000000000000000006A
:1024B000000000000000000000000000000000001C
:1024C00000000000007F7F007F7F00180C000C18C8
:1024D000000C18000C1800063000063000036000E5
:1024E00003600003600001C00001C0000080000024
:1024F00000000000000000000000000000000000DC
:1025000000000000000000000000000000FE3F800E
:10251000FE3F8030060030060030860019CC0019DE
:10252000CC001B6C001B6C001E7C000E38000E38AB
:10253000000C18000C180000000000000000000053
:10254000000000000000000000000000000000008B
:1025500000000000007E7E007E7E001818000C3017
:102560000006600003C00001800001800003C0007D
:102570000660000C30001818007E7E007E7E000091
:10258000000000000000000000000000000000004B
:10259000000000000000000000000000007C7E0041
:1025A0007C7E001818000C300006600006600003F6
:1025B000C0000180000180000180000180000180D6
:1025C000000FF0000FF0000000000000000000000D
:1025D00000000000000000000000000000000000FB
:1025E00000000000001FF8001FF800181800183045
:1025F0000018600018C000018000030000061800E9
:102600000C18001818003018003FF8003FF80000C0
:1026100000000000000000000000000000000000BA
:102620000000000000000000000001F00001F000C8
:102630000180000180000180000180000180000114
:102640008000018000018000018000018000018085
:102650000001800001800001800001F00001F00015
:10266000000000000000000000000000180000183A
:1026700000001C00000C00000E0000060000060018
:102680000003000003000001800001800000C00082
:1026900000C000006000006000007000003000001A
:1026A00038000018000018000000000000000000C2
:1026B000000000000000000000000F80000F8000FC
:1026C0000180000180000180000180000180000184
:1026D00080000180000180000180000180000180F5
:1026E000000180000180000180000F80000F800049
:1026F00000000000000000000000000000000000DA
:10270000800001C00003E0000770000630000C18D4
:1027100000180C0010040000000000000000000081
:1027200000000000000000000000000000000000A9
:102730000000000000000000000000000000000099
:102740000000000000000000000000000000000089
:102750000000000000000000000000000000000079
:102760000000000000000000000000000000000069
:102770000000000000000000000000000000000059
:10278000000000000000FFFF00FFFF00000000034A
:10279000000003800000E000006000000000000076
:1027A0000000000000000000000000000000000029
:1027B0000000000000000000000000000000000019
:1027C0000000000000000000000000000000000009
:1027D00000000000000000000000000000000000F9
:1027E0000000000000000FC0001FE00000300000EB
:1027F000300007F0001FF00038300030300030703B
:10280000001FFC000FBC00000000000000000000E2
:1028100000000000000000000000000000000000B8
:1028200000007800007800001800001800001BE08D
:10283000001FF8001C1800180C00180C00180C00E1
:10284000180C00180C001C18007FF8007BE000003A
:102850000000000000000000000000000000000078
:102860000000000000000000000000000000000068
:1028700000000000000003EC000FFC001C1C0038EE
:102880000C00300C00300000300000380C001C1C24
:10289000000FF80003F0000000000000000000003E
:1028A0000000000000000000000000000000000028
:1028B000000000780000780000180000180007D819
:1028C000001FF800183800301800301800301800C9
:1028D0003018003018001838001FFE0007DE000016
:1028E00000000000000000000000000000000000E8
:1028F00000000000000000000000000000000000D8
:1029000000000000000007E0001FF8001818003069
:102910000C003FFC003FFC00300000300000180CB1
:10292000001FFC0007F00000000000000000000095
:102930000000000000000000000000000000000097
:10294000000001FC0003FC000600000600003FF848
:10295000003FF80006000006000006000006000028
:102960000600000600000600003FF0003FF00000F7
:102970000000000000000000000000000000000057
:102980000000000000000000000000000000000047
:1029900000000000000007DE001FFE0018380030B5
:1029A000180030180030180030180030180018389F
:1029B000001FF80007D800001800001800003800B9
:1029C0000FF0000FC0000000000000000000000039
:1029D00000007800007800001800001800001BE0DC
:1029E000001FF0001C3800181800181800181800F4
:1029F0001818001818001818007E7E007E7E00004F
:102A000000000000000000000000000000000000C6
:102A100000000000000000000000018000018000B4
:102A20000000000000001F80001F800001800001E6
:102A30008000018000018000018000018000018091
:102A4000003FFC003FFC0000000000000000000010
:102A50000000000000000000000000000000000076
:102A6000000000C00000C0000000000000001FF0D7
:102A7000001FF00000300000300000300000300087
:102A80000030000030000030000030000030000056
:102A900030000030000070001FE0001F80000000C8
:102AA000000000000000000000003C00003C0000AE
:102AB0000C00000C00000CF8000CF8000CC0000D1D
:102AC00080000F80000F00000F80000DC0000CE0A0
:102AD000003C7C003C7C0000000000000000000086
:102AE00000000000000000000000000000000000E6
:102AF00000001F80001F8000018000018000018015
:102B00000001800001800001800001800001800040
:102B10000180000180000180003FFC003FFC0000BC
:102B200000000000000000000000000000000000A5
:102B30000000000000000000000000000000000095
:102B4000000000000000F77800FFFC0039CC0031E5
:102B50008C00318C00318C00318C00318C00318C38
:102B600000FDEF00FDEF000000000000000000008D
:102B70000000000000000000000000000000000055
:102B800000000000000000000000000000007BE0EA
:102B9000007FF0001C3800181800181800181800E2
:102BA0001818001818001818007E7E007E7E00009D
:102BB0000000000000000000000000000000000015
:102BC0000000000000000000000000000000000005
:102BD00000000000000003C0000FF0001C380038A7
:102BE0001C00300C00300C00300C00381C001C386D
:102BF000000FF00003C00000000000000000000013
:102C000000000000000000000000000000000000C4
:102C100000000000000000000000000000007BE059
:102C2000007FF8001C1800180C00180C00180C008D
:102C3000180C00180C001C18001FF8001BE00018EE
:102C400000001800001800007F00007F0000000056
:102C50000000000000000000000000000000000074
:102C600000000000000007DE001FFE0018380030E2
:102C700018003018003018003018003018001838CC
:102C8000001FF80007D80000180000180000180006
:102C900000FE0000FE000000000000000000000038
:102CA00000000000000000000000000000003E786E
:102CB000003EFC0007CC00070000060000060000F4
:102CC0000600000600000600003FF0003FF0000094
:102CD00000000000000000000000000000000000F4
:102CE00000000000000000000000000000000000E4
:102CF00000000000000007F8000FF8001818001886
:102D000018001F80000FF00000F800181800183895
:102D1000001FF0001FE000000000000000000000A5
:102D200000000000000000000000000000000000A3
:102D300000000C00000C00000C00000C00003FF034
:102D4000003FF0000C00000C00000C00000C000024
:102D50000C00000C00000C1C0007FC0003F000003D
:102D60000000000000000000000000000000000063
:102D70000000000000000000000000000000000053
:102D8000000000000000787800787800181800181B
:102D9000180018180018180018180018180018380B
:102DA000000FFE0007DE0000000000000000000031
:102DB0000000000000000000000000000000000013
:102DC00000000000000000000000000000007C3E49
:102DD000007C3E001818001818000C30000C300061
:102DE00006600006600007E00003C00003C00000AA
:102DF00000000000000000000000000000000000D3
:102E000000000000000000000000000000000000C2
:102E1000000000000000783C00783C0031180033CE
:102E200098003398001AB0001EF0001EF0001C60DD
:102E3000000C60000C6000000000000000000000BA
:102E40000000000000000000000000000000000082
:102E500000000000000000000000000000003E7CB8
:102E6000003E7C000C300006600003C000018000C2
:102E700003C0000660000C30003E7C003E7C000079
:102E80000000000000000000000000000000000042
:102E90000000000000000000000000000000000032
:102EA0000000000000007E1F007E1F00180C000CB8
:102EB00018000C180006300006300003600003E024
:102EC0000001C00000C0000180000180000300007C
:102ED0003FC0003FC00000000000000000000000F4
:102EE00000000000000000000000000000001FF8CB
:102EF000001FF80018300018600000C000018000BA
:102F00000300000618000C18001FF8001FF800004E
:102F100000000000000000000000000000000000B1
:102F20000000000000000000000000E00001E000E0
:102F3000018000018000018000018000018000010B
:102F400080000380000700000380000180000180F2
:102F50000001800001800001800001E00000E0002D
:102F60000000000000000000000000000000000061
:102F700000000180000180000180000180000180CC
:102F800000018000018000018000018000018000BC
:102F900001800001800001800001800001800001AB
:102FA000800001800001800000000000000000009F
:102FB0000000000000000000000007000007800083
:102FC000018000018000018000018000018000017B
:102FD000800001C00000E00001C00001800001800D
:102FE00000018000018000018000078000070000D0
:102FF00000000000000000000000000000000000D1
:1030000000000000000000000000000000000000C0
:10301000000000000E00001F18003BB80031F00057
:1030200000E00000000000000000000000000000C0
:103030000000000000000000000000000000000090
:1030400000000000808182838485868788898A8B3E
:103050008C8D8E8F90919293949596979899AD9B25
:103060008C9DAE9FA021A2A3A4A5A6A7A8A9AAABA8
:10307000ACADAEAFB0B1B2B3B4B5B6B7B8B9BABB18
:10308000BCBDBEBFC0C1C2C3C4C5C6C7C8C9CACB08
:10309000CCCDCECFD0D1D2D3D4D5D6D7D8D9DADBF8
:1030A000DCDDDEDFC0C1C2C3C4C5C6C7C8C9CACB68
:1030B000CCCDCECFD0D1D2D3D4D5D6F7D8D9DADBB8
:0430C000DCDDDE9FD6
:0830C40010E1FE0F0100000005
:1030CC0018F4001024F4001030F400103CF400103C
:1030DC0048F4001054F4001060F40010C4F4001014
:1030EC00034600B50268EFF3108C72B6D2E8CFEF4E
:1030FC000120BEF1000FF9D1C2E84E0FBEF1000F56
:10310C00F4D1BFF35F8F93F90420002A09DB01B1DE
:10311C000A60002000221B68C3E88F2F8CF31088F4
:10312C0000BD4FF05042126801201A71F2E700BF47
:10313C004FF050412DE9F8431F460B6804461646E4
:10314C0000259946DFF874802368EFF3108272B67D
:10315C00D3E8CF0F01210028FAD1C3E8401F002883
:10316C00F6D1BFF35F8F94F904302168002B1BDB81
:10317C0098F80030DBB2C1E88F5F82F3108898F8C2
:10318C0000209A4208D03046394601F071FA0028E6
:10319C00DAD00020BDE8F88320BF3046394601F074
:1031AC0067FA0028D0D0F4E7002384F80490C1E833
:1031BC008F3F82F310880120BDE8F883D48402206D
:1031CC0070B582B001A9064614461D46FFF788FF6C
:1031DC0038B94FF050439DF9042093F900309A42CE
:1031EC0001D102B070BD22462B46304602B0BDE87C
:1031FC007040FFF79DBF00BF70B505460C4601F04F
:10320C003BFA02460B464FF47A704FF0FF3E6FF0DC
:10321C00004CE4FB002396457CEB030138BF72465F
:10322C002846BDE8704038BF6346FFF781BF00BF3A
:10323C000368EFF3108172B6D3E8CFCF0122BCF153
:10324C00000FF9D1C3E84C2FBCF1000FF4D1BFF340
:10325C005F8F4FF0FF0C074A80F804C013780133DE
:10326C00137000230268C2E88F3F81F3108840BFBF
:10327C00704700BFD4840220002108B5134B4FF4D3
:10328C00707299601248D960196159619961D9615C
:10329C00196259629962D962196359639963D96346
:1032AC00196459649964D964196559659965D96526
:1032BC00196659669966D966196759679967D96706
:1032CC0001F012F9034B044A1A6008BD00001050BB
:1032DC00D8250020D02B0020800110502DE9F0477C
:1032EC001E4B84B0D3F858A0BAF1000F21D00024A3
:1032FC0001254FF4E069DFF86C80194F05E00134CB
:10330C00E4B2202C4FEA450513D01AEA050FF6D08B
:10331C00E34304F0FE0603F001031E4407EB4616DC
:10332C003046C8F8585000F001FC28B93AEA050AB2
:10333C00E5D104B0BDE8F087B378F28A8DF8083097
:10334C00002301A80121ADF8049003928DF80930F7
:10335C0000F00AFC304600F08DFBE7E7000011504E
:10336C00982500200030115070B5B24B86B0D3F8C0
:10337C00984014F4003574D0AF4AB04B906A93F86F
:10338C003B20AF49022A086000F0E680002593F844
:10339C007B20022A00F0B28193F8BB20022A00F0B5
:1033AC00A28193F8FB20022A00F0928193F83B2132
:1033BC00022A00F0818193F87B21022A00F07181AE
:1033CC0093F8BB21022A00F0618193F8FB21022AB9
:1033DC0000F0508193F83B22022A00F03F8193F8D1
:1033EC007B22022A00F01A8193F8BB22022A00F0F9
:1033FC00098193F8FB22022A00F0F88093F83B2312
:10340C00022A00F0E78093F87B23022A00F0B780B1
:10341C0093F8BB23022A00F07C8193F8FB23022A49
:10342C0000F0C7803DB9874B1B7823B94FF40032AD
:10343C00854BC3F890204FF440727E4B01219B6C5E
:10344C0003A8C3F30A030493ADF80C2000F08CFB23
:10345C00E3064FF400357D4E07D5FFF73FFF3546A9
:10346C0003E0E3064FF01006F7D4E0031DD57348D4
:10347C000226837E45F4803533BB4FF00103012EC9
:10348C00C37000F120001BD14FF4C062704BADF83B
:10349C000C2093E80300CDE90401314603A800F0A9
:1034AC0063FB4FF40032684B1A65E1043ED46204AE
:1034BC002ED423041DD4A54240F0BB8106B070BDB0
:1034CC00837E0126002BD8D0624B5A4A1E66536E5F
:1034DC0036EA0303FBD14FF440520021019000F077
:1034EC00CFFA019800F0C6FA574B01985E661E663B
:1034FC00C3E74FF4A063012103A8ADF80C3000F032
:10350C0033FB4FF40062504B45F400451A65D2E78B
:10351C004FF48063012103A8ADF80C3000F024FBBC
:10352C001022494B45F480451A65C2E70026414BF1
:10353C0045F480551E60FFF79FFE4FF48073012108
:10354C0003A8ADF80C308DF8106000F00DFB4FF4B3
:10355C0000223D4B1A65AAE793F83A50002D3FF430
:10356C0016AF93F83C20002A3FF411AF002203F170
:10357C00200083F83C2000F0A7FA304B07E793F8C3
:10358C007A63002E3FF444AF93F87C23002A40F07A
:10359C00408193F8BB23022A40F0C48093F8BA23ED
:1035AC00002A40F0BB8093F8FB23022A7FF443AF40
:1035BC00354693F8FA23002A3FF434AF93F8FC23F2
:1035CC00002A3FF438AF0022234883F8FC2300F094
:1035DC007BFA30E793F83A63002E3FF414AF93F87C
:1035EC003C23002A40F0A98035460CE793F8FA6298
:1035FC00002E3FF403AF93F8FC22002A40F0AF807A
:10360C003546FBE693F8BA62002E3FF4F2AE93F81F
:10361C00BC22002A40F09A803546EAE693F87A629A
:10362C00002E3FF4E1AE93F87C22002A40F0CD80CE
:10363C003546D9E60000115000000B4098250020BB
:10364C007C240020CE840220003011501000020097
:10365C0000001050002011507829002093F83A6295
:10366C00002E3FF4BCAE93F83C22002A40F0A4801C
:10367C003546B4E693F8FA61002E3FF4ABAE93F8FE
:10368C00FC21002A40F08F803546A3E693F8BA61FE
:10369C00002E3FF49AAE93F8BC21002A7AD135461D
:1036AC0093E693F87A61002E3FF48AAE93F87C216E
:1036BC00002A66D1354683E693F83A61002E3FF432
:1036CC007AAE93F83C21002A40F09180354672E6A0
:1036DC0093F8FA60002E3FF469AE93F8FC20002AB0
:1036EC007CD1354662E693F8BA60002E3FF459AEB1
:1036FC0093F8BC20002A3BD1354652E693F87A6009
:10370C00002E3FF449AE93F87C20002A78D1354640
:10371C0042E693F8BA23002A3FF47FAE93F8BC2319
:10372C00002A7ED193F8FB23022A7FF484AE93F80F
:10373C00FA23002A3FF47FAE40E700223F4883F88B
:10374C003C23354600F0C0F93D4B5CE600223D4879
:10375C0083F8BC22354600F0B7F9394B49E6002214
:10376C00394883F8FC22354600F0AEF9344B45E677
:10377C000022364883F8BC20354600F0A5F9304BC2
:10378C000FE60022324883F87C21354600F09CF984
:10379C002B4B15E600222F4883F8BC21354600F050
:1037AC0093F9274B11E600222B4883F8FC21354670
:1037BC0000F08AF9224B0DE60022284883F83C22BF
:1037CC00354600F081F91E4B09E60022244883F8A7
:1037DC007C22354600F078F9194B05E60022214889
:1037EC0083F8FC20354600F06FF9154BDEE500221E
:1037FC001D4883F83C21354600F066F9104BDAE59C
:10380C0000221A4883F87C20354600F05DF90C4BF9
:10381C00C2E50022164883F87C2300F055F9084BCA
:10382C00B7E60022134883F8BC2300F04DF9044B93
:10383C0078E7114885EA040100F012FFB82800204F
:10384C0098250020382800207828002038260020D1
:10385C00F82600203827002078270020B8270020E1
:10386C00F827002078260020B8260020F825002014
:10387C00F828002038290020F4F000102DE9F0433E
:10388C00828AB0F818E003469645C07828BF964661
:10389C00041E18BF012480F001000D46A2EB0E029D
:1038AC005978D87092B24EF480609A8240EA4430D3
:1038BC00A1BB1969BEF1000F2CD00EF1FF34DA68F0
:1038CC00052CA14602EB85182FD9A8EB0104013C6D
:1038DC00022CC4460A4628D94FEA9E0701EB8706FC
:1038EC0052F8044B96424CF8044BF9D1BEEB870FBF
:1038FC000ED011F82720B9EB870108F8272008EB28
:10390C00870205D074780129547001D0B178917078
:10391C0019699A8A7144196140F400400AB940F45B
:10392C00804005B10004BDE8F08308F1FF3201EBE3
:10393C000E0611F8014BB14202F8014FF9D1E7E73D
:10394C0083682DE9F0410546186801B1000C6A78CE
:10395C00C0F309004AB9EB8A0344EB822B8B8342F8
:10396C0084BF0023AB82BDE8F081D5F810C088B3CA
:10397C00421EEB68052A164603EB811E31D98901DC
:10398C004C1C1C44ACEB0404022C624629D900F4F8
:10399C007F7173460F464FEA90085C1853F8041B6E
:1039AC00A34242F8041BF9D1B84211D01EF82830BA
:1039BC00BE440CF82830F31BBC4409D09EF80120FF
:1039CC00012B8CF8012003D09EF802308CF80230C9
:1039DC00D5F810C0EA8A0CEB00030244EA822B6192
:1039EC00BCE70CF1FF3C0EEB00021EF8013B7245EC
:1039FC000CF8013FF9D1EBE710B5044683680021C0
:103A0C001B68FFF79DFF63681B685B0002D5238B67
:103A1C00834200D010BD2046BDE810400121FFF7C5
:103A2C008FBF00BF084B1B6C13F0020302D18278CE
:103A3C00D20901D100207047C07EA0F10200B0FA7B
:103A4C0080F04009704700BF0000115008B5FFF727
:103A5C00E9FF50B1054A064B906A1B68A0F5487007
:103A6C00C01AC6288CBF0020012008BD00000B40E6
:103A7C007C2400200023C0E904338376704700BF08
:103A8C0008B5836819B1D3F800C001EA0C018AB1FA
:103A9C00114352050ED51A6852050DD4084A21F46B
:103AAC00806CC3F800C0126C920703D40C23033B48
:103ABC00FDD28368196008BD8178024800F0D0FD02
:103ACC000000115008F1001030B54368002183B09C
:103ADC0005461C68FFF7D2FE134B40F48052196C5C
:103AEC00AB7889070ED55B060ED024F0A04444F0C9
:103AFC000054002128466B681C6003B0BDE83040C0
:103B0C00FFF7BEBFDB09F0D0AB8A002BEDD0012153
:103B1C0028460192FFF7B2FE019A24F000540243AA
:103B2C0044F0A044E5E700BF0000115038B5857E95
:103B3C00044695B1FFF760FFA38A0BB9284638BD40
:103B4C002046FFF783FF20B1012323770025284669
:103B5C0038BD2046FFF7B8FFF8E78178014800F040
:103B6C007FFD00BF28F1001070B543780446023B7E
:103B7C000E4686B0042B13D8DFE803F003496770B8
:103B8C0044000021774B1A7822F001021A701A783F
:103B9C0022F002021A7059701A7861F382021A70BC
:103BAC00714B1B685A69EFF3108072B6D2E8CFCF15
:103BBC000121BCF1000FF9D1C2E84C1FBCF1000F80
:103BCC00F4D1BFF35F8F214698611846019300F042
:103BDC0057FD019B00225969C1E88F2F9B6983F324
:103BEC00108840B94FF0E023D3F8F03DDB0707D540
:103BFC0000BE06B070BD32466178207800F034FD0E
:103C0C0006B070BD594A137801331370C8E700220F
:103C1C00574B1878134611E05649096811EB4313BA
:103C2C0008D0DB6933B12078616801929847504B1A
:103C3C00019A18780132D3B2834218D89842EBD843
:103C4C004D491B1A01EB4313EBE7464B1A78D2078D
:103C5C00D6D51A7842F004021A70A1E7414B1A78B3
:103C6C00D507CDD51A7822F004021A7098E73D4B8F
:103C7C001A78500733D4DB78DA07C1D503223A4BD4
:103C8C00207861681B688DF80C008DF80D205A693E
:103C9C000491EFF3108172B6D2E8CF4F0120002CC3
:103CAC00FAD1C2E8440F002CF6D1BFF35F8F9961B3
:103CBC00184603A9019300F0E3FC019B002259690B
:103CCC00C1E88F2F9B6983F3108800288AD0324675
:103CDC009DF80D109DF80C0000F0C6FC90E7002537
:103CEC0005201978CDE9045521F0040103951970CC
:103CFC008DF80D001C4A217812688DF80C10516952
:103D0C00EFF3108072B6D1E8CFEF5FF0010CBEF18B
:103D1C00000FF8D1C1E84ECFBEF1000FF3D1BFF3C5
:103D2C005F8F906103A91046019200F0A9FC019AE3
:103D3C005169C1E88F5F926982F31088094B38B9D9
:103D4C004FF0E022D2F8F02DD10794D500BE92E7C7
:103D5C0032469DF80D109DF80C0000F085FC014BCF
:103D6C0089E700BF5C1D0020B41D0020CF84022019
:103D7C00CD840220541C00203CF6001030B50C46BB
:103D8C0019469E46F1B1B3B1D0F80CC003F1080549
:103D9C001CF0020F05D0A9422CD214F8015B013B98
:103DAC008560C5686D07EED58568013902F8015B41
:103DBC000029E8D106E0C5686D07F5D4C5686D0724
:103DCC00F2D4F8E76BB1C2689107FCD513F1080F78
:103DDC0009D0214611F8012B013B0C468260002BC7
:103DEC00F1D1704630BDC2689207ECD5C26892071B
:103DFC00F9D4E8E7C5686D07D6D4C5E781F0004172
:103E0C0002E000BF83F0004330B54FEA41044FEAB3
:103E1C00430594EA050F08BF90EA020F1FBF54EA4E
:103E2C00000C55EA020C7FEA645C7FEA655C00F0EA
:103E3C00E2804FEA5454D4EB5555B8BF6D420CDDBB
:103E4C002C4480EA020281EA030382EA000083EA3E
:103E5C00010180EA020281EA0303362D88BF30BDDE
:103E6C0011F0004F4FEA01314FF4801C4CEA113134
:103E7C0002D0404261EB410113F0004F4FEA033393
:103E8C004CEA133302D0524263EB430394EA050F1E
:103E9C0000F0A780A4F10104D5F1200E0DDB02FA8D
:103EAC000EFC22FA05F2801841F1000103FA0EF221
:103EBC00801843FA05F359410EE0A5F120050EF1E7
:103ECC00200E012A03FA0EFC28BF4CF0020C43FA18
:103EDC0005F3C01851EBE37101F0004507D54FF025
:103EEC00000EDCF1000C7EEB00006EEB0101B1F575
:103EFC00801F1BD3B1F5001F0CD349085FEA3000BB
:103F0C004FEA3C0C04F101044FEA445212F5800FC5
:103F1C0080F09A80BCF1004F08BF5FEA500C50F162
:103F2C00000041EB045141EA050130BD5FEA4C0C45
:103F3C00404141EB0101013C28BFB1F5801FE9D2A2
:103F4C0091F0000F04BF01460020B1FA81F308BFC5
:103F5C002033A3F10B03B3F120020CDA0C3208DD91
:103F6C0002F1140CC2F10C0201FA0CF021FA02F16C
:103F7C000CE002F11402D8BFC2F1200C01FA02F1DC
:103F8C0020FA0CFCDCBF41EA0C019040E41AA2BF01
:103F9C0001EB0451294330BD6FEA04041F3C1CDAC9
:103FAC000C340EDC04F11404C4F1200220FA04F0E9
:103FBC0001FA02F340EA030021FA04F345EA030193
:103FCC0030BDC4F10C04C4F1200220FA02F001FA55
:103FDC0004F340EA0300294630BD21FA04F02946D7
:103FEC0030BD94F0000F83F4801306BF81F4801170
:103FFC000134013D4EE77FEA645C18BF7FEA655CE3
:10400C0029D094EA050F08BF90EA020F05D054EAB4
:10401C00000C04BF1946104630BD91EA030F1EBFB9
:10402C000021002030BD5FEA545C05D140004941BD
:10403C0028BF41F0004130BD14F580043CBF01F5B0
:10404C00801130BD01F0004545F0FE4141F4700196
:10405C004FF0000030BD7FEA645C1ABF1946104671
:10406C007FEA655C1CBF0B46024650EA013406BF72
:10407C0052EA033591EA030F41F4002130BD00BF31
:10408C0090F0000F04BF0021704730B54FF48064EE
:10409C0004F132044FF000054FF0000150E700BF6F
:1040AC0090F0000F04BF0021704730B54FF48064CE
:1040BC0004F1320410F0004548BF40424FF00001BB
:1040CC003EE700BF42004FEAE2014FEA31014FEAFE
:1040DC0002701FBF12F07F4393F07F4F81F060514D
:1040EC00704732F07F4208BF704793F07F4F04BF98
:1040FC0041F40021704730B54FF4607401F0004575
:10410C0021F000411CE700BF50EA010208BF7047D4
:10411C0030B54FF000050AE050EA010208BF7047C5
:10412C0030B511F0004502D5404261EB41014FF42E
:10413C00806404F132045FEA915C3FF4D8AE4FF036
:10414C0003025FEADC0C18BF03325FEADC0C18BF19
:10415C00033202EBDC02C2F1200300FA03FC20FA6A
:10416C0002F001FA03FE40EA0E0021FA02F11444B7
:10417C00BDE600BF53B94AB9002908BF00281CBFCF
:10418C004FF0FF314FF0FF3000F0ACB9ADF1080C3F
:10419C006DE904CE00F006F8DDF804E0DDE9022359
:1041AC0004B070472DE9F047064682B01746084622
:1041BC000A9AB4460D46002B4DD18F42BE4665D9A6
:1041CC00B7FA87F149B1C1F120038D4007FA01FE1E
:1041DC0006FA01FC26FA03F31D434FEA1E461FFAAA
:1041EC008EF04FEA1C43B5FBF6F406FB145543EA7C
:1041FC00054304FB00F59D4206D91EEB030302D2D6
:10420C009D4200F24C81013C5B1B1FFA8CFCB3FB02
:10421C00F6F506FB153305FB00F04CEA034C604544
:10422C000AD91EEB0C0C2CBF01230023604502D9CC
:10423C00002B00F03781013DACEB000C45EA04404B
:10424C00002422B12CFA01F30021C2E900312146ED
:10425C0002B0BDE8F0878B4208D90AB1C2E900610F
:10426C0000242046214602B0BDE8F087B3FA83F45F
:10427C00002C4DD18B42C0F00581B74240F2028137
:10428C002046002AE3D0C2E900C5E0E7002F00F089
:10429C00A2801946B7FA87F3002B40F0B480C31BF9
:1042AC001FFA8EF83F0C01244FEA1C40B3FBF7F5C4
:1042BC0007FB153340EA034308FB05F098420AD983
:1042CC001EEB03032CBF01260026984202D9002EB8
:1042DC0000F0E280013D1B1A1FFA8CFCB3FBF7F0D7
:1042EC0007FB10334CEA034C08FB00F363450AD977
:1042FC001EEB0C0C2CBF01260026634502D9002EA8
:10430C0000F0C7800138ACEB030C40EA054098E79D
:10431C00C4F12008A34006FA04FAA14027FA08FCCD
:10432C0020FA08F007FA04F94CEA030C26FA08F311
:10433C004FEA1C460B431FFA8CFE190CB0FBF6F728
:10434C0006FB170041EA004107FB0EF088420AD930
:10435C001CEB01012CBF01250025884202D9002D40
:10436C0000F0B280013F091A9BB2B1FBF6F006FBDC
:10437C00101100FB0EFE43EA01439E450AD91CEBCB
:10438C0003032CBF012100219E4502D9002900F016
:10439C009E80013840EA0740A3EB0E03A0FB09E125
:1043AC008B4276460F4602D307D1F24505D2BEEBBF
:1043BC00090661EB0C0101380F4652B1BAEB06014C
:1043CC0063EB070303FA08F5E140E3400D43C2E950
:1043DC00005300243BE77308B8464908019743EAA9
:1043EC00C0734FEAC67C1C0C9BB244EA014443EAFE
:1043FC000443B4FBF7F4B1FBF7F51F21019844EA31
:10440C0005441B1A50E7194607FA03FEC3F12003B3
:10441C0000FA01F44FEA1E47D84026FA03F31FFABC
:10442C008EF806FA01FC2343B0FBF7F51C0C07FBD6
:10443C00150044EA004005FB08F484424AD91EEBFF
:10444C0000002CBF01260026844200D98EB3001B2D
:10445C00013DB0FBF7F404FB08F6A146019607FBFF
:10446C0019009BB2019E43EA0043B342C6D21EEB35
:10447C0003032CBF01200020B34200D2A8B109F1E4
:10448C00FF34BBE7B6EB070C60EB030301201D46C2
:10449C00F7E6F444023836E7023D73441BE7023C6E
:1044AC007344B1E6F444023DC6E6A9F10204734438
:1044BC00A4E7AEEB0404023D2044B0FBF7F404FB8C
:1044CC0008F6A1460196CAE7023F61444BE7023861
:1044DC0063445FE7001BB0FBF7F404FB08F6A1464E
:1044EC000196BCE7704700BF30B58407864603468B
:1044FC0006D0A2B303F8011B980702F1FF32F8D1E2
:10450C00032A26D95FFA81FC0F2A0CEB0C2C0CEB3E
:10451C000C402AD922F00F0C9C44C3E90000C3E9DB
:10452C00020010336345F8D112F00C0F02F00F05A6
:10453C0017D04FEA950C1A460CF1FF3403EB8C0C98
:10454C0042F8040B6245FBD1043305F0030203EB84
:10455C00840322B11A4403F8011B9A42FBD1704622
:10456C0030BD2A46002AF5D1F9E71546E1E700BF30
:10457C00844641EA000313F0030349D1403A23D3A4
:10458C000B6803604B6843608B688360CB68C360C7
:10459C000B6903614B6943618B698361CB69C361AF
:1045AC000B6A03624B6A43628B6A8362CB6AC36297
:1045BC000B6B03634B6B43638B6B8363CB6BC3637F
:1045CC0040304031403ADBD230320BD30B680360C1
:1045DC004B6843608B688360CB68C36010301031CC
:1045EC00103AF3D20C3205D351F8043B40F8043B9B
:1045FC00043AF9D2043208D0D2071CBF11F8013B9F
:10460C0000F8013B01D30B8803806046704700BF64
:10461C00082A13D38B07B1D010F00303AED0C3F12B
:10462C000403D21ADB071CBF11F8013B00F8013B55
:10463C00A4D331F8023B20F8023B9FE7043AD9D3CC
:10464C00013A11F8013B00F8013BF9D20B780370E9
:10465C004B7843708B788370604670470000000085
:10466C005FF800F0950200105FF800F04540001074
:10467C005FF800F0191000105FF800F079110010CD
:10468C005FF800F0855600101000000000000000DC
:10469C00000001000000000000000000000002000B
:1046AC0000000000000000000000030000000000FB
:1046BC0000000000000004000000000000000000EA
:1046CC000000050000000000000000000000FF00DA
:1046DC000000000001B5486801318E460047704665
:1046EC0009380149884701BDF1060010000000009F
:1046FC00FFFFFFFFFFFFFF7F000000000000000036
:10470C0000000000000000000000000068180020FD
:10471C00E13600108D36001005360010753500108E
:10472C000000000000010000B81D002010000C006B
:10473C00000000000000000000000000000000006D
:10474C0000000000FF00000060F6001007000C00E5
:10475C00D4FA00100B001000B40601100E00140067
:10476C008C15011011001800000000000000000062
:10477C00D3DEFFFFFE010000FF010000BCB9FEFF0D
:04478C00793512ABBE
:040000051000014D99
:00000001FF
