:020000041000EA
:10000000002008205B0100101B0100101D010010E2
:100010001101001011010010110100101101001058
:100020001901001019010010190100101F01001022
:10003000110100101901001021010010230100100E
:100040001101001011010010110100101101001028
:100050001101001011010010110100101101001018
:100060001101001011010010110100101101001008
:1000700011010010110100101101001011010010F8
:1000800011010010110100101101001011010010E8
:1000900011010010110100101101001011010010D8
:1000A00011010010110100101101001011010010C8
:1000B00011010010110100101101001011010010B8
:1000C00011010010110100101101001011010010A8
:1000D0001101001011010010110100101101001098
:1000E0001101001011010010110100101101001088
:1000F0001101001011010010110100101101001078
:100100001101001011010010110100101101001067
:10011000EFF30580103800BE00BE00BE00BE00BE7A
:1001200000BE00BEF2EB88713C7A00105C7A0010D1
:100130009C01001090A31AE7D3DEFFFF42012110BB
:10014000FF0100001C8C0000793512AB00201E4915
:10015000086006C881F3088810474FF050400068D7
:1001600008B10020F3E70DA40ECC002902D000F066
:1001700012F8F9E71549164A002000E001C1914242
:10018000FCD114498847144988471449884700BE60
:10019000FDE701C901C29A42FBD370475C7A0010A7
:1001A0001001002008140020548D001000000820C9
:1001B00000000820548D00100010082000100820B6
:1001C000000000007047000008ED00E00814002067
:1001D000581D0020D1310010E1010010C93100107C
:1001E00000B583B003F01EF940F6B83000F028FFE8
:1001F00007F002F94FF44871002005F00DFD304D75
:10020000304C314803F052F9EB6F266C0F21009609
:100210002E4A2F4803F0C8F96B6C666A08210096D5
:100220002C4A2B4803F0C0F9EB6CA66A0921009612
:10023000294A274803F0B8F96B6DE66A0A2100964F
:10024000264A234803F0B0F9EB6D266B0B2100968C
:10025000234A1F4803F0A8F96B6E666B0C210096C9
:10026000204A1B4803F0A0F9D5F88430666C1021B1
:100270001D4A0096164803F097F9D5F8B430E46D9E
:1002800016210094194C1A4A114803F08DF921687F
:1002900062682369646A1748009403F085F9164B75
:1002A0001648996C03F080F9154B164819689A683E
:1002B00003F07AF940F6B83000F0C2FEA0E700BFC4
:1002C000008002400080034068750010A075001097
:1002D000A4750010D4750010D8750010DC750010DE
:1002E000E0750010E8750010F075001000800840FF
:1002F000F875001000760010000001403C760010F8
:10030000000002405C7600104FF4807C0C4B00B57E
:1003100053F8202003EB8003C00082F0400200F17C
:10032000804003F5805E02F0C00200F5203003F546
:100330004053CEF800204160C3F800C000BD00BFAC
:1003400004800340DFF81CC0C90041EA82015CF868
:1003500020200CEB8003514003F5805301F00C0189
:1003600019607047048003404FF0000300B543EC70
:10037000440043EC40004FF0050E4FF4807C0C4BE2
:10038000C20053F8201003EB800081F0400102F11D
:10039000804303F5203301F0C00200F5805100F5E1
:1003A00040500A60C3F804E0C0F800C000BD00BFC0
:1003B000048003400FB400B5084883B003F076F81A
:1003C000049B3BB105A91846019102F0E1FE0448E7
:1003D00003F06CF8012002F0F3FE00BF88760010F5
:1003E000D075001070B51646EFF3108472B6DFF8C2
:1003F00048E0DEE8CF2F0123002AFAD1CEE8423FC1
:10040000002AF6D1BFF35F8F012301F0070CCA0861
:1004100003FA0CF310F802C01CEA030508D14CEAF9
:10042000030C00F802C0CEE88F5F84F3108870BD23
:100430003046FFF7BFFF00BF3F170020F8B50F465B
:100440001946EFF3108672B61C4DD5E8CF4F012345
:10045000002CFAD1C5E8443F002CF6D1BFF35F8FE2
:100460008A421BD8012402E00132914222D3D308F0
:1004700010F803E002F0070C04FA0CFC1EEA0C0F63
:10048000F2D14EEA0C0E00F803E010460023C5E856
:100490008F3F86F31088984207DBF8BD0023C5E83C
:1004A0008F3F86F310884FF0FF30002FF5D006986D
:1004B000FFF780FF4FF0FF30E8E700BF3F17002055
:1004C000044A1078431CDBB2182B28BF102313708A
:1004D000704700BF4013002000B5DFF81CC083B098
:1004E00001461F231822CDF800C00248FFF7A6FFDF
:1004F00003B000BD84180020987600104FF0E02271
:10050000936843F000539360704700BF0021044B91
:1005100003F12002C3E88F1F01339342FAD17047E1
:10052000341700204FF0E0234FF08032C3F800244E
:10053000C3F80424C3F80824C3F80C24C3F8102417
:10054000C3F81424C3F81824C3F81C24C3F82024C7
:10055000C3F82424C3F82824C3F82C24C3F8302477
:1005600062B67047012300F01F029340400941B179
:10057000800000F1604000F56140C0F88031036008
:100580007047024A203042F82030704700E100E016
:100590000123064A410952F8212000F01F00834040
:1005A000134214BF01200020704700BF00E100E0AB
:1005B00001224309034900F01F008240403341F803
:1005C0002320704700E100E0054A10309268054B97
:1005D00052F82000C01A47288CBF00200120704725
:1005E00000ED00E04413002008B5EFF3108E72B662
:1005F000134BD3E8CFCF0122BCF1000FF9D1C3E8F0
:100600004C2FBCF1000FF4D1BFF35F8F0D4A1030B7
:100610009268DFF834C052F82020624501D0914240
:100620000BD1084A926842F82010BFF35F8F002276
:10063000C3E88F2F8EF3108808BD00F0DBFF00BFEA
:100640003D17002000ED00E0110100102DE9F84FEA
:100650008B461146EFF3108872B6664FD7E8CF2F5E
:100660000123002AFAD1C7E8423F002AF6D1BFF39E
:100670005F8F614B93F90040002CC0F2B88000F10D
:1006800010055E4804EB440900EB890296794FEAB5
:1006900089091E705A4B9B6853F82560331A472B03
:1006A00035D826F0010E9EF807308B4209D86FE04E
:1006B0000CEB4C0300EB830393F807A08A4551D958
:1006C0009E469EF906C0BCF1000FF1DA4BF60159C7
:1006D0000EF1040A131FA3EB0A03C3F34A036FEAE4
:1006E000C3436FEAD3438EF80640DFF820A104EB42
:1006F000440400EB8402AEF8043040F824A0A2F8D1
:10070000049082F806C0D171C2F808B01DE03D4BDC
:100710009E426CD13C4BD17109F102010144043B72
:100720005B1AC3F34A036FEAC3434FF421416FEAF4
:10073000D34320F809105380FF214BF60153C2F830
:1007400008B09171938042F001062D4B9B6843F8ED
:100750002560BFF35F8F0023C7E88F3F88F31088C1
:10076000BDE8F88FF2466FF00703A3EB09033AF8F0
:10077000049F1B1A49F30A0909F102090AEB490906
:100780009944C9F34A096FEAC9496FEAD949A1E70F
:100790006FF00703D1711C4909F1020404440439C4
:1007A000091BA3EB0903C1F34A011B1A6FEAC141FC
:1007B0007344C3F34A036FEAC3436FEAD1414FF472
:1007C00021466FEAD3435180104920F80960938095
:1007D0004AF6AA2473461B1A5B415C43240DC2F8F7
:1007E00008B0947142F00106CEF80010ADE700F0B9
:1007F00001FF00BF3D170020511D002044130020C1
:1008000000ED00E0110100108C130020014880472A
:100810002DE9F041EFF30583DBB29E46EFF310853F
:1008200072B62F49D1E8CF2F0123002AFAD1C1E8AF
:10083000423F002AF6D1BFF35F8FDFF8B48040F06B
:100840000106D8F808704AF6AA2357F82E70044615
:10085000244AA41A644163431B0DB7425BB226D0FD
:1008600092F906409C4228D092F912409C422FD027
:1008700092F91E409C422DD092F92A409C422BD0E6
:1008800092F936409C4229D092F942409C4208BFDE
:10089000052413D0144A002492F800C0137080F885
:1008A00006C0C1E88F4F85F31088BDE8F081D8F805
:1008B00008200E4C42F82E40ECE7002404EB4404E0
:1008C00002EB8402FF2494714BF601549480E1E71B
:1008D0000124F3E70224F1E70324EFE70424EDE722
:1008E0003D17002044130020511D0020110100106D
:1008F00000ED00E000B5DFF824C083B00146052319
:100900000022CDF800C00448FFF798FD0028A8BFDA
:10091000C0F1330003B000BD561D0020B4760010B6
:10092000014B0B44036070473417002070B5104C26
:10093000104DAC420ED2FF26236863B1FFF7C0FD15
:1009400001462046FFF7ECFFA680BFF35F8F083417
:10095000AC42F1D370BDFFF7B3FD01462046FFF76F
:10096000DFFF2671BFF35F8F0834AC42E4D370BD64
:10097000001400200814002010B50446FFF7A0FD65
:1009800001462046FFF7CCFFFF232371BFF35F8FA3
:1009900010BD00BF10B504460120FFF79DFD034BBD
:1009A00003442360BFF35F8F10BD00BF34170020E6
:1009B000024B0B440360BFF35F8F70473417002076
:1009C00010490B68EFF3108072B6D3E8CFCF012245
:1009D000BCF1000FF9D1C3E84C2FBCF1000FF4D1EA
:1009E000BFF35F8F084A4FF0000C1378096801339A
:1009F0001370C1E88FCF80F3108840BF0020002122
:100A0000704700BF301D0020531D00200000000073
:100A10002DE9F04F2DED028B85B0EFF30583DBB2AE
:100A2000103B9A0818BF01224FF0010103F0030B9D
:100A300018BFA94CA94B08BFA94C0BEB820253F875
:100A4000225001FA0BF204F541539FEDA18B029263
:100A50005A602FE0AB88190440F19480AB79002BE9
:100A600040F0DE80B5F90860002EC0F21C816B6991
:100A700006EB460603EBC603D3E90267B7F1FF3F77
:100A800008BFB6F1FF3F0ED004EB8B01A36A0A69E1
:100A9000D21AF31A934205D30123226A03FA0BF305
:100AA000134200D10E61204600F0EEFBB042B94186
:100AB000C0F2F980B5F90860029B002EE363C9DB40
:100AC000D5F8149006EB460A09EBCA07BB68204626
:100AD000D7F80C80019300F0D7FB019B984271EB93
:100AE0000801B7DBB8F1000FC0F2C080D7E90431CC
:100AF0007C4A934200F0F8807A88B5F9080092B2F7
:100B000042EA0040984702460B4652EA030100F0D1
:100B1000AD80002B80F2CD800199B1EB020E68EB25
:100B2000030839F93A30C7E902E8002B92DB68691B
:100B300003EB430200EBC202D2E90271BE4578EB3F
:100B4000010C4FEA430285DBAC462CF8083F06E077
:100B500003EB430100EBC1015A00D1E90271BE452C
:100B600078EB01011A4405DB30F9323000EBC20C9E
:100B7000002BEDDA29F83A30ACF80060AB881904A4
:100B80003FF56CAF2B69EFF3108272B6D3E8CF0F4D
:100B900001210028FAD1C3E8401F0028F6D1BFF395
:100BA0005F8F4FF6FF76A8880023296900B2AE80D8
:100BB000C1E88F3F82F310889842FFF64FAF074697
:100BC000A1466E6905F10808B5F9083007EB470E34
:100BD000002BC44606EBCE0215DBD2E90240AA4642
:100BE000019704E036F935309446002B09DB03EB1E
:100BF000430506EBC502D2E90271BC4270EB01016C
:100C0000F0DA5546019FACF8007036F93E7026F8D0
:100C10003E30002FD8DAAB794C46002B3FF422AFA0
:100C20000023AB71B5F90860721C33463BD068698C
:100C300005F1080E03E08E465A1C3FF415AF03EB96
:100C4000430200EBC2014F889C463F0430F932302A
:100C5000F1D5664581ED028BEED0AEF800302989E2
:100C6000664620F83210A5F808C0E5E739F83A30B2
:100C70002B812B69EFF3108272B6D3E8CF0F0121DD
:100C80000028FAD1C3E8401F0028F6D1BFF35F8FD8
:100C90006B88296929F83A3000236E80C1E88F3FBC
:100CA00082F31088D6E640BF05B0BDEC028BBDE8EC
:100CB000F08F20460393019200F0E6FA019A039B1D
:100CC00010EB020E43EB01082BE700BFAFF30080EF
:100CD000FFFFFFFFFFFFFFFF00800B40FC1C002019
:100CE00000000B40110A001008460B690391984759
:100CF0000028BBD00399D1E9002306E738B5384B6B
:100D00001C692CB1BDE838400A213648FFF708BEFF
:100D10000321354800F0A6FA334D314BDD60FFF773
:100D2000CFFB324A4FF0504E024403202C4B4FF081
:100D30000F0C18701A61DEF800204FF6FF715A7020
:100D40005A69A3F802C014834FF00204A2F8484085
:100D50004FF00404A2F878404FF00504A2F8904048
:100D60004FF00604A2F8A8404FF00704A2F8C040D4
:100D70004FF00904A2F8F0404FF00A04A2F808412D
:100D80004FF00B04A2F820414FF00C04A2F83841B8
:100D90004FF0010414864FF00804A2F8D840144C18
:100DA0004FF00D0E4FF00E0C9C6008249980A2F8B5
:100DB00050E1A2F868C1A2F8600011800D4A2C62CF
:100DC0000D49D360FFF710FC01210320FFF7CAFB98
:100DD0000A4B0A211C640348BDE83840FFF7A0BD58
:100DE000B0130020301D002000000B4034170020FD
:100DF000FFFF1000FC1C0020110A001000200B4017
:100E000000487047B0130020F0B583B09DF828402B
:100E10001D46034654B9CDE9000200F03DFA019A9F
:100E2000009B824265EB0101A1425BDB1969EFF394
:100E3000108072B6D1E8CF6F0124002EFAD1C1E83C
:100E4000464F002EF6D1BFF35F8FB3F902401F6902
:100E5000002C3EDBD3F814C004EB440E3CF83E10EB
:100E6000002659800CEBCE01C7E88F6F80F3108805
:100E70004888C1E902250130C0F30E00012838BFBF
:100E80000120089A48800A61099A40EA04404A61B0
:100E90001A69EFF3108172B6D2E8CF7F0125002FD7
:100EA000FAD1C2E8475F002FF6D1BFF35F8F9A886F
:100EB0002CF83E201A699C80C2E88F6F81F310885D
:100EC00001211C78DA68A14002F50153596003B092
:100ED000F0BD0023C7E88F3F80F310884FF0FF304C
:100EE00003B0F0BD204603B0F0BD00BFF0B516461C
:100EF0001F4602690346EFF3108072B6D2E8CF4F67
:100F00000121002CFAD1C2E8441F002CF6D1BFF316
:100F10005F8FB3F902101D69002945DBD3F814E097
:100F200001EB41023EF832400EEBC20C5C80002423
:100F3000C5E88F4F80F3108805983546CCF810002F
:100F400006983E46CCF81400BCF80200CCE90256E4
:100F50000130C0F30E00012838BF0120ACF80200B8
:100F600040EA0140D3F810C0EFF3108572B6DCE818
:100F7000CF7F0126002FFAD1CCE8476F002FF6D1A2
:100F8000BFF35F8FB3F804C02EF832C099801A699E
:100F9000C2E88F4F85F3108801211C78DA68A140E0
:100FA00002F501535960F0BD0023C5E88F3F80F37F
:100FB00010884FF0FF30F0BD03464089B0EB214F61
:100FC0003ADD58690A1402EB420210B5D3F810C09A
:100FD00000EBC200EFF3108E72B6DCE8CF4F0122B7
:100FE000002CFAD1CCE8442F002CF6D1BFF35F8F50
:100FF000428889B292B28A4207D000221B69C3E8B4
:101000008F2F8EF31088002010BD6FEA42426FEAE6
:10101000524242800121002218699971C0E88F2F45
:101020008EF3108893F800C0DA68084602F5015381
:1010300001FA0CF1596010BD0020704740787047EC
:101040002DE9F04383B0064600F026F94FF47A7399
:1010500004464FF0FF306FF00042E6FB0341A04230
:1010600072EB01033ABF044615460D46A61F45F133
:10107000FF37B44275EB07033CBF0026374600F04C
:101080000BF9301A67EB0101012871F1000106DA52
:101090002046294603B0BDE8F04300F007B900F050
:1010A000FBF8864267EB010100290ADB00211D4B9A
:1010B000324600931C483B460191FFF717FF013071
:1010C000E6D04FF0000E194ADFF868C01849536A9D
:1010D0009F4204D8906AB042DAD29F42D8D1DCF85D
:1010E0000030EFF3108072B6D3E8CF9F5FF00108B5
:1010F000B9F1000FF8D1C3E8498FB9F1000FF3D16E
:10110000BFF35F8F0B785FFA83F8DCF80030C3E839
:101110008FEF80F310880878804500D120BF20BF72
:10112000D5E700BFC1090010B013002000000B403C
:10113000531D0020301D0020F0B5024685B0EFF3AE
:101140000585EDB2002D61D10B46424CD4E900017A
:10115000994208BF90424AD0CDE902233E4BDF6856
:101160001E78384600F090F806F1040C57F82CC0B1
:10117000029A039BACEB000C101A63EB0101604573
:1011800071F1000133DACDE9022300F085F8029A0B
:10119000039B824263EB0101002949DB2F492E4862
:1011A00000910195CDE90232FFF7A0FEDDE90232A0
:1011B000011E3DDD2A48C4E90023446A9C4246D30F
:1011C000806A904241D32448CDE90232FFF7F4FE11
:1011D0002349029B486A98421CD314BF0120002077
:1011E0008B6A039A934228BF40F001000CE020BFB5
:1011F0001B49486A98420DD314BF012000208B6A16
:10120000934228BF40F0010005B0F0BD1448436A86
:101210008B4202D2002005B0F0BD14BF0123002391
:10122000816A914234BF184643F0010005B0F0BD19
:101230000B49486A9842EDD3C01A18BF01208B6A47
:10124000934228BF40F00100DEE79C42BBD120BFA3
:10125000B9E700BFA8130020B0130020C109001097
:1012600000000B4010B4054B054C064AA04214BFC9
:101270001846581C10BCFFF7B5B800BF88180020EE
:1012800000800B40D07600100346416A0A46986AF7
:10129000596A8A42FAD17047034B596A0A46986ADA
:1012A000596A9142FAD1704700000B40074A536ACD
:1012B0009942FCD8994207D1044B02E05A6A914204
:1012C00002D19A6A9042F9D8704700BF00000B40E3
:1012D00000EB400C4FEA8C0C0CF1804C0CF5803C80
:1012E00070B51E46DCF80430041FB3F5803F38BFEC
:1012F0004FF48033E4B238BFCCF80430012C2ED93F
:101300004FF40065284B0CF5405ECEF8005053F8C2
:1013100020E0BEF1000F17D1DCF800E0012C8EEACE
:10132000421202F0E0020CF5805ECEF800202BD9CC
:101330004FF4006143F820604FF480330CF5005205
:101340001160CCF8043070BD5D69B5FBFEFE0EF196
:10135000010E0EEB4E0EBEF1030EFCD2DCE70129AE
:10136000CED103240CF540531C60DCF80830DB07B9
:10137000FBD5DCF800300CF5805E83EA421303F005
:10138000E003CEF80030084B0122DCF800404C406E
:1013900004F00304CEF8004002FA01F1DCF8082062
:1013A0000A42FBD0C4E700BF8C180020014B53F861
:1013B000200070478C18002010B5029C8E464FEA22
:1013C000043C4CEA034C1C4BB3FBF1F30168B2FB49
:1013D000F3F4002920DB194A194B904214BF4FF453
:1013E00080424FF4004217491A6003F580531A6097
:1013F0008B6832EA0303FBD1212200F5405304330A
:10140000C0F800E084601A600268002AFCDA082252
:10141000C0F80CC01A6010BD036803F03F037345A9
:10142000D9D18368C3F30B03A342D4D1C36803F4B7
:10143000EE236345CFD110BD001BB70000800540EF
:1014400000200240000002404FF0804C214B00B5CC
:10145000C3F800C0002839D0DFF888C0A3F5405396
:10146000C3F81CC0DFF880C040F0010080EA0C0C1B
:10147000C3F820C0596298624FF0804E4FF0E0618F
:10148000144B1548DFF864C0C3F800E0C0F808C08A
:1014900019602AB94FF00042A3F580531A6000BDCD
:1014A0004FF47A7303FB02F2B2F1807F2ABF6FF030
:1014B0007F4313461A464FF08041DFF834C0074897
:1014C000CCF80030064B4260196000BD034BD86178
:1014D000D2E700BF00B00D4000A0014000800D40E9
:1014E00000A00D40D3C007B02D3FF84FF3FFFF0120
:1014F000EC1C0020012300EB4000800000F1804044
:1015000000F5841041600360704700BF4FF0000C8D
:1015100030B5134683B004460D46BCF816200021B2
:1015200041E800F101934B0254BF1021042144F221
:101530005220904786462A460A212046F446019BBF
:1015400003B0BDE8304060470023DB8A002242E858
:1015500000F2520201D4102118470421184700BF9D
:10156000002808B50EDB52B941F020010023DB7CD6
:10157000022B0AD002464FF48170FFF7C7FF41F0FB
:101580003001F3E78B06F5D5F0E702464FF4917092
:10159000FFF7BCFF034AD2F82838002BFBD0BFF37B
:1015A0005F8F704700000E400021044B044ABFF3D8
:1015B0005F8F43F8041B9342F9D170470C080E402B
:1015C0002C080E404FF42A6C4FF48D70054A064BE0
:1015D0000649C2F800C0D06019605368002BFCDADD
:1015E000704700BF0080044000A0044000B0FA0033
:1015F000704700BF08B50148FEF7DCFEF476001026
:1016000038B5054C054DAC4204D254F8043B98471C
:10161000AC42FAD338BD00BF2075001060750010D1
:101620000648DFF828C0064B064A0749C0F800C044
:101630001A608B6832EA0303FBD170470020024036
:1016400000300240F6FFF303000002407F3BEFEF63
:10165000044BDB6CB3F5004F03D14FF48022024BF7
:10166000DA64704700001150002011504FF0E02262
:10167000044BD2F8881D0B43C2F8883D10EE3004AD
:10168000704700BF030330006FF06041044B054A10
:1016900019609368DB4333F06043FAD1704700BFB1
:1016A000003002400000024010B545F25320FFF721
:1016B0004BFFBDE8104003460420184710B545F223
:1016C0005320FFF741FFBDE81040034601201847B3
:1016D000FEF71CBF1349144B70B55C1AA508442DC6
:1016E0002A4628BF4422114E9200304605F00CFFD6
:1016F000432D13D80E4A0FD0C5F1440033194108C9
:1017000003EBC101C3E9002208338B42FAD1C307BE
:1017100004D520F00100054446F82520054B9E60C5
:1017200070BD00BF0000001010010010000000207C
:101730001101001000ED00E0002370B52B4C82B0C9
:10174000C4F88430FFF73EFF0122294BDA63636C53
:10175000012BFCD10321264A244B11639C6B012CE5
:10176000FCD10226052521460523224A224800965F
:10177000FFF722FE21462B46204A21480095FFF71D
:101780001BFE0022042031461E4BFFF7A1FD21461F
:10179000284600221C4BFFF79BFD00220820114623
:1017A0001A4BFFF795FD002209201146174BFFF752
:1017B0008FFD002206201146134BFFF789FD002202
:1017C000114B07201146FFF783FD0420FFF7EEFDC4
:1017D00000240F4BA3FB0035AD0CE0B229460134C9
:1017E000FFF788FE062CF8D102B070BD0000014062
:1017F00000300140002F685900000540008C8647EA
:1018000000800540001BB70080D1F008006CDC02AE
:1018100083DE1B4386B003B451FC0804CDE902010A
:1018200051FC0904CDE9040151EC0A04CDE906019B
:1018300003BCF047BDE800504EEC00C4BDE80050CA
:101840004EEC01C4BDE800504EEC02C400BD0000E7
:1018500000B5FFF7DFFF02E010FE30F4F8D441ECF2
:10186000100443EC112400EE010410EE010480EE9C
:10187000200451EC1004704700B5FFF7CBFF02E0E5
:1018800010FE30F4F8D441EC100443EC112400EEC7
:10189000010410EE210480EE200451EC3004704766
:1018A00000B5FFF7B7FF02E010FE30F4F8D410B532
:1018B00041EC100443EC112451EC040453EC0524D6
:1018C000A0FB024C5FF0000EE0FB03CEE1FB02CE7A
:1018D0004CEC20440024E1FB03E444EC30E480EED3
:1018E000200451EC500410BD00B5FFF793FF02E057
:1018F00010FE30F4F8D441EC100443EC112451EC08
:101900002104A0FB01126FEA820252FB100052FB7D
:1019100012F252FB1000A0EBD07C53EC04245CFBD1
:1019200013F153EC1524A1FB022001FB030053EC3F
:101930004424A2EB000050FB1CF24FEA111312EBFF
:10194000017043EBE27140EA515020EA915020F0DF
:10195000070053EC7524A0FB023C53EC752400FBFC
:1019600003CC01FB02CC53EC0424ACEB824C40EAE8
:101970005C70A0F1010041EC400480EE200451ECC9
:101980007004704700B5FFF745FF02E010FE30F429
:10199000F8D440EC700400EE010410EE210480EE57
:1019A000200451EC3004704700B5FFF733FF02E02C
:1019B00010FE30F4F8D440EC600400EE010410EEA8
:1019C000210480EE200451EC3004704700B5FFF78D
:1019D00021FF02E010FE30F4F8D441EC800400EE68
:1019E000010410EE010480EE400410EE1304704771
:1019F00000B5FFF70FFF02E010FE30F4F8D441EC21
:101A0000800400EE010410EE010480EE400410EEAC
:101A10003304704700B5FFF7FDFE02E010FE30F41E
:101A2000F8D441EC100443EC112400EE010410EE54
:101A30003004C0F30070704700B5FFF7EBFE02E022
:101A400010FE30F4F8D443EC102441EC110400EE05
:101A5000010410EE30F48CBF01200020704700BF5D
:101A600000B5FFF7D7FE02E010FE30F4F8D443ECE7
:101A7000102441EC110400EE010410EE30F42CBFF0
:101A800001200020704700BF00B5FFF7C3FE02E051
:101A900010FE30F4F8D441EC100443EC112400EEB5
:101AA000010410EE30F42CBF01200020704700BF6D
:101AB00000B5FFF7AFFE02E010FE30F4F8D441ECC1
:101AC000100443EC112400EE010410EE30F48CBF3E
:101AD00001200020704700BF704700BF2DE9F04F84
:101AE00083B00F461146DDE90EB292079846DDE954
:101AF0000C93064629D00D469BB109EB030405EB78
:101B0000040A01950D460D93AAEB040214F8010D89
:101B100043463946B047A145F6D129460D9B019D64
:101B20001D440F9B9B070CD56C1AA34509D92A4667
:101B30004346394620200134B0475C4505F1010594
:101B4000F5D3284603B0BDE8F08F5B4515D28A4631
:101B50001C468946ABEB03050D44524643463946C5
:101B600020200AF1010AB047AA45F6D1494623468A
:101B7000DDF83090002CC0D1E3E70D46002BBCD13E
:101B8000DFE700BF2DE9F04F0F460F9906469DF89D
:101B90002C008D079046DDE90CA299468346099CEE
:101BA000DDF828C00E9B49D4002B42D1944545D284
:101BB00001F0010504F1FF3E3020E64405E00CF1A0
:101BC000010C62450EF8010F02D9BCF1200FF6D1CD
:101BD000002D00F08780634530D9601E4FF0300E35
:101BE000604405E00CF1010C9C4500F801EF25D0A4
:101BF000BCF1200FF6D1CD060ED5480551D4624573
:101C000064D0634562D0BAF1100F4DD0BAF1020F23
:101C100055D0BCF1200F2DD12022CDE90B310A92F5
:101C20004B464246394630460994BDE8F04FFFF72F
:101C300055BF11F001052ED19445BBD3CD061ED55D
:101C40004805E0D4BCF1000FD9D1BAF1100F5FD034
:101C5000BAF1020F74D030224FF0010C2270BBF1A8
:101C6000000F12D1480742D52B2204F80C200CF1AA
:101C70000102D2E762460CF1010C3020A054BCF105
:101C8000200FC9D0BBF1000FECD02D2204F80C209E
:101C90000CF10102C1E798B3944503F1FF3389D3F6
:101CA00099E7BAF1100FB7D18D063DD5BCF1200FE1
:101CB000B2D0582204F80C200CF1010CA9E7BCF1B9
:101CC000200FA9D062460CF1010C08E0BCF1010222
:101CD000BBD0BAF1100F35D0BAF1020FCDD16220CE
:101CE000A05496E7CD06CAD5480588D58BE70A07E4
:101CF00049BF2022624604F80C200CF101028CE757
:101D000011F00C0F00D0013B9445FFF453AF62E794
:101D10008A0613D47822227030224FF0020C6270AF
:101D2000BBF1000F9ED0B0E7BCF1200F3FF474AFC1
:101D3000782204F80C200CF1010C6AE75822EAE73B
:101D40006222E8E78D06ACF1020004D54FF0580E90
:101D500004F800E091E74FF0780E04F800E08CE71B
:101D600000B9704701F060BB10B1D1E900311847EC
:101D7000704700BF000000002DE9F04F97B09DEDC7
:101D8000207BDDE9225B8046894651EC170B9A46A1
:101D9000249B0C92079302460B468DED047BFFF7C4
:101DA0003DFE002840F0E381DDE904014FF0FF3201
:101DB0006FF48013FFF744FE002840F0CB80DDE98C
:101DC00004014FF0FF32B24BFFF776FE002840F0DF
:101DD0009F80DDE90467AAA3D3E900233046394692
:101DE000FFF76AFE002840F08280A7A3D3E9002312
:101DF00030463946FFF724FE002878D13046394670
:101E000000220023FFF71CFE002840F098800D9070
:101E1000079B302113F4806F08BF06250EAA2B46BE
:101E2000A5F1200605E0013BB34202F8011B00F0DA
:101E30006581092BF7D81E46ED1ADDE90401FFF78D
:101E4000C9FD944B044603EBC60393ED007B8DED77
:101E5000087BFFF79BFD02460B46DDE90401FFF717
:101E60000FFDDDE90823FFF71FFDCDE90A01FFF7AC
:101E7000C3FD0746FFF79CFD02460B46DDE90A015C
:101E8000FFF7FEFC0022844BCDE90A01FFF714FEA8
:101E9000002800F0888001373846FFF789FD0246A8
:101EA0000B46DDE90801FFF7DFFD08B1002701342B
:101EB000002E00F088800DF13703DFF8F0C15819CB
:101EC0000DE0ACFB0721C90801EB8102A7EB420240
:101ED0003032092F00F8012F40F2FB800F46202DF1
:101EE00006F1FF3605F10105EBD1202586E0079BC1
:101EF0009DED047BCDE923B34946534640460C9AF9
:101F00008DED207B229517B0BDE8F04F00F080B931
:101F1000079B494658074CBF04230323404621939F
:101F20005346079A48BF5D4CCDE922B258BF5C4C7E
:101F30000C9A209417B0BDE8F04FFFF7CFBD3B4699
:101F4000324600200021FFF79BFC0123CDE904016C
:101F50000D935DE7079B03F002029C07049200F0DB
:101F6000F4800C9F3D464F4E341D14F8010D2A4657
:101F700053464946C047A64205F10105F5D1049BE9
:101F80003C1D63B10C9D631B9B4508D922465346FB
:101F9000494620200134C047631B9B45F6D82046A4
:101FA00017B0BDE8F08F0022DDE90A013A4BFFF7D8
:101FB00047FD00287FF47CAF002F40F0C28001373E
:101FC000002E7FF478AF2046FFF7E0FC02460B4678
:101FD000DDE90401FFF754FC00222F4B06460F46B3
:101FE000FFF72EFD40B93046394600222A4BFFF755
:101FF00063FD002800F0A1800DF137032A4859192C
:102000000EE080FB0476C2EBA60202EB8206A4EB94
:10201000460630361446013501F8016F002A47D0D4
:10202000202D4FEAE472ECD1079A02F00302012A54
:1020300014D1BBF1000F11D00D9A002A60D00BF122
:10204000FF3BBBF1200F09D930222B4404E00135BE
:102050005D4503F8012F31D2202DF8D1079B0EAC3E
:10206000CDE902B300945346494640460C9A019587
:10207000FFF734FD0446204617B0BDE8F08F00BFDF
:102080000000000065CDCD410000000065CDCDC150
:10209000FFFFEF7F487800100000E03F3C77001022
:1020A000447700104C77001067666666CDCCCCCCC8
:1020B000079A02F00302012A00F09680202DCDD06D
:1020C0000D9B3BB32D220DEB050383F83820013522
:1020D000C4E7202D3FF409AF30212E445A1905E002
:1020E0000135202D02F8011F3FF4FFAEAE42F7D1BB
:1020F0002E226E44013586F838207FE720259CE6A5
:10210000079A12F00C0F5AD00BF1FF3BAB459BD84E
:10211000202DA3D0079B5A0706D52B220DEB0503D4
:1021200083F83820013599E71B0797D520220DEB5E
:10213000050383F83820013590E7013424F00104C9
:102140005AE7F9077FF5B4AE39E7BBF1040F7FF624
:1021500008AF0C9B1D46043B03EB0B072A46534676
:10216000494620200135C047AF42F7D1FAE6079B28
:1021700003F002029D07049225D00C9F3D46224E9B
:10218000F41C14F8010D2A4653464946C047A6429E
:1021900005F10105F5D1049BFC1C002B3FF4FFAEBB
:1021A0000C9D631B9B457FF6FAAE2246534649467B
:1021B00020200134C047631B9B45F6D8EFE6AB45B2
:1021C0003FF642AF4AE7BBF1030FD6D90C9B1D4641
:1021D000033B03EB0B072A465346494620200135B3
:1021E000C047BD42F7D1C9E7BBF1000F3FF466AF6E
:1021F0000D9A002A84D00BF1FF3B5D45FFF424AF1C
:10220000202D7FF45FAF29E7487700100000000021
:102210002DE9F04F9FB01E46DDE928ABDDE92B9894
:102220002A9B04460D460B920A9352465B46504643
:102230005946FFF7F3FB002840F0C6805046594648
:102240004FF0FF327B4BFFF737FC002840F0BC809B
:10225000504659464FF0FF326FF48013FFF7F0FB02
:10226000002840F0B1805046594600220023FFF775
:10227000E7FB002840F0DD81CDE908ABDDE908127D
:1022800018F480600B460F4608F400610C9214911C
:10229000159040F0A880134340F0D080002940F012
:1022A000EC8106230A9318F00202109240F0DD81BF
:1022B0004B46042B38BF04230E920422043B129297
:1022C00014935046594600220023FFF7B9FB00281B
:1022D00040F02A829DED087B149B0B9A03930A9B86
:1022E0008DED007B029328F4006304932946334666
:1022F0002046FFF741FD024618F0200F33462946DD
:102300000CBF6520452002F10108A047129B0DF18A
:10231000580A03F1FF3B0E9B002283EAE37C504600
:10232000DFF814E10B9FACEBE37CD90FCDF82080F4
:1023300002E0202AC44610D0AEFB0C384FEAD80881
:1023400008EB8803ACEB430301303033BCF1090FD9
:1023500002F1010200F8013CEBD805234FF0000C1C
:1023600006930A23DDF82080CDE90121CDE9033C65
:10237000CDF800A03346424629462046CDF814B099
:10238000FFF700FC109B8246D3B1A0EB0708C145C4
:1023900016D907EB080233462946202008F1010828
:1023A000A047C145F5D87B1E4B44C7F10102A3EB02
:1023B0000A035244914538BF00230AF1010A9A44A6
:1023C00050461FB0BDE8F08F334629462046CDE980
:1023D00028AB0A9CCDE92B980B9A2A941FB0BDE834
:1023E000F04FFFF7C9BC57EA020329D100293FF497
:1023F0005AAF00230E930A9B0E9A934200F3BA81C0
:1024000000275046594600220023FFF719FB0028F9
:1024100040F015819DED087B28F4006343F4806350
:102420002C938DED287B334629462046CDE92A7929
:102430000B9AD3E7FFFFEF7FCDCCCCCC06230A93DA
:102440000C9BC3F30A50A0F2FF30FFF79FFAB2A330
:10245000D3E90023FFF728FAB1A3D3E90023FFF75C
:10246000FBF90C9BCDE90E01C3F3130343F07F513D
:1024700038460022A24B41F44011FFF701FA94A321
:10248000D3E90023FFF710FA02460B46DDE90E01FF
:10249000FFF7E2F9FFF79EFA0E90FFF777FA8EA3A7
:1024A000D3E90023CDE90C01FFF7FEF90022954B9B
:1024B000FFF7D2F9FFF78EFA89A3D3E90023074685
:1024C000DDE90C01FFF7F0F9CDE90C013846FFF723
:1024D0005DFA85A3D3E90023FFF7E6F902460B4630
:1024E000DDE90C01FFF7CCF902460B46CDE90C23E0
:1024F000FFF7DAF9CDE91001DDE90C0102460B46E0
:10250000FFF7AAF90022CDE91201DDE910017E4BA7
:10251000FFF7EEF900227D4BFFF79EF902460B46CE
:10252000DDE91001FFF7E4F90022794BFFF794F998
:1025300002460B46DDE91001FFF7DAF9CDE910019B
:10254000DDE90C2300204FF08041FFF799F90246A6
:102550000B46DDE91001FFF77FF902460B46DDE986
:102560001201FFF7C5F900226A4BFFF775F907F270
:10257000FF3C00224FEA0C53FFF796F902460B4648
:10258000DDE90801CDE90C23FFF75AFA50B1DDE986
:102590000C010E9B0022013B0E935C4BFFF7A8F948
:1025A000CDE90C01DDE90C010E9B02466333C62B1D
:1025B00008F002031093149B2DD8002B5FD0042346
:1025C00012930A433FF417AFDDE9080148A3D3E9AA
:1025D0000023FFF75DFA48B1DDE9080146A3D3E91E
:1025E0000023FFF72DFA00287FF405AF0A9B002B8C
:1025F00051D0159A002A00F0AC80013B0A93129B3F
:10260000994505D9109B002B00F0AF800223109351
:102610000023149344E02BBBB9F1050F4FD908F008
:102620000203002B49D105231293A9F1050314934A
:102630003AE00BF10043CDF820A009931EE628F400
:10264000006343F480632046CDE92A792C93334616
:10265000DDE908673446294607F10045CDE92845FC
:102660000B9ABBE605231293ABE7022200231092DC
:102670000422149312920E9323E60527C1E6B9F1C2
:10268000040F1FD9109B002B77D104231293A9F1BB
:102690000403149304E0129B99455FD80A9B14939A
:1026A0000E9B002B3FF40DAEDDE90801DDE90C23A4
:1026B000FFF71EF9CDE9080103E602231093052375
:1026C0001293F1E704231293EAE700BFAFF300800F
:1026D00061436F63A787D23F71A379094F930A4083
:1026E0001655B5BBB16B0240EF39FAFE422EE63FFC
:1026F0002D431CEBE2361A3F0000000080842E417F
:102700000000F83F0000E03F00002C4000002440A3
:10271000000018400000F03FFB799F501344D33F66
:10272000B3C8608B288AC63F149BDDE908A70393D2
:102730000A9B07F1004B029328F400630B9A049361
:10274000294633462046CDE900ABFFF715FB02468C
:10275000D2E5129B994515D81492A1E7109B23B19D
:102760000A9B1493022310939AE7129BA9EB03038D
:10277000149395E79B1A5F1E43E6042312930223EA
:1027800010938DE7109B002BEFD00223149210932F
:1027900086E700BF2DE9F04F91469A4C9A4AB1F175
:1027A000000A9BB018BF834614601878974ADDF87A
:1027B000908008BF9346002800F08A821D460026BC
:1027C000CDF8209008E032465146089BD8470136A4
:1027D0002878002800F0C780252805F10105F2D1EE
:1027E00000222B4613F8011BA1F1200010280AD863
:1027F000DFE800F03F09093B090909090909093720
:10280000093309092F00A1F13000092840F289801D
:102810002A2900F0E98000242E2900F09480002766
:10282000A1F1680012282CD8DFE810F04E012B002F
:1028300049012B0040012B002B002B002B002B000B
:102840002B002B0027002B002B002B002B002B0034
:1028500027001D4642F00102C3E71D4642F0020276
:10286000BFE71D4642F00402BBE71D4642F01002DE
:10287000B7E71D4642F00802B3E7697842F4807278
:10288000013367291D467ED8242940F2B880A1F182
:102890002503422B00F2B380DFE813F05101B100B1
:1028A000B100B100B100B100B100B100B100B100A0
:1028B000B100B100B100B100B100B100B100B10090
:1028C000B100B100B100B100B100B100B100B10080
:1028D000B100B100B100B100B100B1001E013A0178
:1028E0001E01B100B100B100B100B100B100B100F2
:1028F000B100B100B100B100B100B100B100B10050
:10290000B100B401B100B100B100B100B100B1003B
:10291000B100B100B100B4015801B4011E013A0187
:102920001E01002404EB840401EB440419781D46C5
:10293000A1F130000928A4F1300403F10103F1D919
:102940002E297FF46CAF69781846A1F13007092F62
:1029500042F4806240F225812A2900F032811D462E
:10296000002701335CE73446DDF82090B14501D8FB
:1029700009F1FF364B46324651460020D8472046E3
:102980001BB0BDE8F08FA1F16903DBB20F2B36D885
:10299000012049F2410C984010EA0C0040F0F4800C
:1029A0000A2B35D0072B2AD158F8041B002940F0F8
:1029B000108122F0100412F4806144F0210400F030
:1029C0000A8112AA082305931023CDE9002032467C
:1029D0000694049703930023029351465846089B9C
:1029E000FFF7D0F80646F3E658F8044B6978002C58
:1029F0001D46BCBF42F00202644201330CE70846A8
:102A0000E1E600BF95270010E81C0020D91A00104D
:102A100058F8049B002F99F8000014BF3B464FF074
:102A2000FF33002800F08283494603EB090C04E0E1
:102A300011F8013F002B00F043818C45F8D1ACEB3D
:102A40000901530540F12081B94228BF394612F0EF
:102A5000020300F083820223CDE90948324688460A
:102A6000089C37440B9307E023465146D84719F892
:102A7000010F013610B13246B742F5D10B9B4146EA
:102A8000099CDDF82880002B3FF4A2AE37468C422B
:102A90007FF69EAE2644089C761A3A462346514657
:102AA00020200137D847B742F7D191E669786C29E1
:102AB0007FF4E4AEA97842F44072EB1CE1E6697859
:102AC00042F400720133DCE66978682900F0FB808B
:102AD00042F080020133D4E6672900F0C98047291B
:102AE00000F0CD80452900F0CC80CDE9034208F10B
:102AF0000708029728F007083246F8E802675146AF
:102B0000CDE900675846089BFFF782FB06465FE663
:102B1000462908BF42F02002CDE9034208F1070828
:102B2000029728F007083246F8E802675146CDE9D7
:102B300000675846089BFFF71FF9064648E63246ED
:102B400051462520089BD847013641E608F1040389
:102B50009207099306F1010740F1C38032465146BE
:102B600098F80000089BD847012C40F2B481264415
:102B7000089C3A462346514620200137D847B742A1
:102B8000F7D1DDF8248023E66F2974D040F241822A
:102B9000782900F086814FF00A0922F010024B4696
:102BA00038E0002707EB870701EB4701A1F1300769
:102BB00010F8011FA1F13003092BF3D90546431C7E
:102BC0002EE658F8047BA97802356B1C27EAE777D4
:102BD00026E642F0210412AA944602E020283FF49F
:102BE000F1AE01F00F03092B94BF303337330F29B7
:102BF0008CF8003000F101000CF1010C4FEA1111CA
:102C0000ECD8DFE6582966D0622940F089804FF081
:102C100002094B4612F4806C00F0D48022F00D02C1
:102C2000099212F4007140F07B8112F4807008F177
:102C3000040940F03882510640F13A8198F80010BA
:102C4000002940F04A81099A22F010020992BCF151
:102C5000000F00F04281084612AA0999CDE9033716
:102C6000CDE9054101900023009202933246A1E094
:102C700042F4006239E74FF008094B46CAE742F4D4
:102C8000006242F0200230E712F0020300F08C8173
:102C90000223CDE909481F468846089C3246234650
:102CA0005146D84719F8010F01360028F6D13B46A6
:102CB0004146099CDDF82880002B3FF489ADE5E60C
:102CC000A1EB0901BDE6A97842F0C002EB1CD8E5F2
:102CD000044606464AE64FF0100942F020024B46F1
:102CE00098E7012C40F2F180374606F1FF39CDF824
:102CF0002880DDF82080A1443A46434651462020F2
:102D00000137D8474F45F7D1DDF828803A4698F883
:102D100000005146089BD8472644DDF8248057E53B
:102D200012F4806300F0C1804FF4806322F0110040
:102D300010F4007E4AD110F4807C08F1040940F0C0
:102D40003781410600F1A980020640F1E381B8F91C
:102D5000002082EAE271A1EBE2711FFA81FED10F3D
:102D60000991002A00F05F81734612AA9646DFF8A7
:102D7000A0830A9403E0BCF1200F23460FD0A8FBE8
:102D80000314E40804EB8401A3EB41010EF1010EEE
:102D90003031092B0CF1010C0EF8011CEBD80A9C08
:102DA000099B0092CDE901C30A233246CDE90540D3
:102DB0000497039351465846089BFEF7E3FEC84626
:102DC000064605E522F00C0209922AE708F10708F9
:102DD00028F00708D8F8042058F808CBD10F5CEA8F
:102DE000020E6CD0002A634602DA5B4262EB4202BA
:102DF0009146099312AA94464FF0000ECDE90A18A5
:102E0000CDE90C470E960F9203E0BEF1200F3B4632
:102E100030D04FF0CC3213EB0901BD4F41F100012E
:102E2000A7FB014626F0030404EB9604091B5C1A79
:102E300002FB04F63A4669F1000802FB0866052227
:102E4000A4FB077407F001082644A8FB0248641895
:102E50000A2B0CF1010C4FEA570704F1300479F109
:102E600000090EF1010E0CF8014C47EAC6774FEA53
:102E70005609CAD27346DDE90A18DDE90C470E9EF1
:102E80000F9ACDF824E0CDE901310A230092CDE973
:102E900005403246049703939FE598F80020964634
:102EA0005DE74FF010094B46B4E622F010003FE713
:102EB00011064CBFB8F80010D8F80010C0E6002B7F
:102EC00040F042819946099394E73246514698F87A
:102ED0000000089BD8473E4653E6099A0A9412F030
:102EE000200F14BF4FF041084FF0610812AA94461A
:102EF000A8F10A0802E0202871460FD0B1FBF3FECA
:102F000003FB1E14092C94BF3034444499428CF8BE
:102F1000004000F101000CF1010CECD20A9C9CE68F
:102F200008F1070828F00708D8F8042058F8081B0B
:102F30000A920A438E467BD1099A22F01002099226
:102F4000BCF1000F74D0002012AA0999CDE900202D
:102F5000CDE905413246CDE903373CE58C4298BFC7
:102F600001317FF679AD4FF48063CDE9099499463C
:102F7000A2190B97089F541A32463B46514620200F
:102F80000136D847A642F7D1DDE90A474B46DDF8BE
:102F9000249099F8000000283FF41AAC611C002B23
:102FA0003FF477AE002357E58C42DED8013170E65E
:102FB000D8F80020D10F002A00F0B38082EAE27333
:102FC000A3EBE27312AA9446CDE90914DFF840811D
:102FD00003E0BEF1200F23460FD0A8FB0314E40842
:102FE00004EB8401A3EB41010CF1010C3031092BFE
:102FF0000EF1010E0CF8011CEBD8DDE909140A23CF
:103000000092CDE905403246CDE901E104970393F2
:10301000D0E6692922F0100040F0918012F480631C
:103020003FF486AE80E6002B3FF49FAE12AAB7E6CF
:10303000099ACDE90B8412F0200F14BF41216121C0
:10304000CDE90D76CDE90F3BCDF844A00027F04641
:103050000A9C12AE0DF1480BA1F10A0A03E0202FE1
:1030600080460C4613D021464A460023404604F0D1
:1030700023FAD2B2092A94BF30325244C84574F1BF
:103080000004327007F1010706F10106E7D2384665
:10309000DDE90B845A460E9E0D9F0F9BDDF844A080
:1030A000DDF840B051E7D8F800E0BEF1000F0DD1D7
:1030B00022F010020992BCF1000F07D012AA099861
:1030C000CDE90337CDE905400191CCE5099A12F02D
:1030D000200F14BF4120612012AA94460A92A0F149
:1030E0000A0202E02029C6460FD0BEFBF3F803FB1C
:1030F00018E0092894BF303080189E458CF80000F5
:1031000001F101010CF1010CECD20A9AD7E700BFE2
:10311000CDCCCCCCD8F8002082EAE27EAEEBE27EC9
:103120001DE6002B3FF44EAF12AA68E712F480614F
:103130000ED012F0020114D001463746A7E44FF03A
:103140000A0902464B4665E5002312AA09939AE64E
:1031500012F002037FF49AAC002C7FF406AFFFF765
:1031600037BB002C7FF4FFAEFFF732BB8C4610B5A7
:1031700084B000930290134602A94FF0FF32034837
:10318000CDF80CC0FFF706FB04B010BD691D0010A0
:1031900010B5094A84B014684CB1034600914FF051
:1031A000FF3203A90548A047012004B010BD00F07C
:1031B0007DF9204604B010BDE81C0020611D001000
:1031C00000BEFDE7704700BF08B5FFF7F9FF00BF7D
:1031D00038B5064C064DFEF713FAAC4204D254F84B
:1031E000043B9847AC42FAD338BD00BF607500106D
:1031F00064750010036808461146184770B5054607
:103200000846697D82B000294FD0002A25DD037869
:1032100014460A2B064622D0012C4FF0000E0DD08A
:103220003246012312F801CF1946BCF10A0F03F10F
:10323000010320D09C42F5D1744505DD2B68A4EB39
:103240000E0106EB0E009847311911F8013CA3F16D
:103250000D03B3FA83F35B092B7502B070BD2B7DB0
:10326000002BD9D102212B6813489847012CEBD0B1
:103270004FF0010ED4E712F8010C0D28DAD08E457C
:1032800006EB0E00A1EB0E0105DACDE900322B684A
:103290009847DDE90032CDE9003202212B6806486B
:1032A0009847009B019A9E46C4E711462B6802B0DE
:1032B000BDE87040184700BF987800100B685A1C92
:1032C000802A0B440A60187100D0704730B50E4B4D
:1032D0000C46186883B0A0B10D1D01E0006980B1F3
:1032E0000368002BFAD0094B1B680BB18342F5D160
:1032F000294622680190FFF781FF019800690028A4
:10330000EED1206003B030BDDC180020E4180020AE
:103310002DE9F04782B090461C460D460746FDF762
:10332000BBFF4FF0FF3C6FF000462E4A821841F180
:103330000003944576EB03013CBF624633462A48BE
:1033400004F0C2F86B1C824640D00CB3274E284BC9
:103350001C68B4B1B8F1000F1CD1DFF89C8001E00B
:10336000246974B12368002BFAD0D8F800300BB16F
:103370009C42F5D120462A463946B0472469002CA4
:10338000F0D1BAF1000F26D1284602B0BDE8F0878F
:10339000184EDCE74FF00A09DFF85C8002E0246990
:1033A000002CEED02368002BF9D0D8F800300BB1F8
:1033B000A342F4D12A4639462046B047012220468E
:1033C0000DF107018DF80790B047E8E7384604F0A3
:1033D00043F80546B9E7044804F086F8284602B0E9
:1033E000BDE8F08740420F0000140020FD310010BE
:1033F000DC180020F5310010E4180020084A13689A
:1034000023B90AE003F110021B6933B18342F9D1F9
:1034100029B9186910601961704701B110607047CF
:10342000DC18002000F070BAF0B583B006468DF8C5
:103430000700FDF731FF4FF0FF356FF00044174AEA
:10344000821841F10003954274EB03013CBF23460F
:103450002A46134804F038F8124B07461C689CB102
:10346000114D01E024697CB12368002BFAD02B6850
:103470000BB19C42F6D1204601220DF10701FFF766
:10348000BDFE2469002CEFD117B9304603B0F0BD62
:10349000034804F029F8304603B0F0BD40420F0065
:1034A00000140020DC180020E418002038B5044681
:1034B00003F0D2FF012305461A4620462946FFF7AE
:1034C00027FF084B1C682CB163682BB1984724690F
:1034D000002CF9D1284638BD2469002CF4D12846A7
:1034E00038BD00BFDC1800202DE9F041A2B00E4627
:1034F0000546FDF7D1FE4FF0FF3C6FF00044254A32
:10350000821841F10003944574EB03013CBF23464C
:103510006246214803F0D8FF0024334607462A4676
:103520001E4801A90194FFF721FE1D4E019B804614
:103530003468BBB1002C2AD01A4D01E0246974B163
:103540002368002BFAD02B680BB1A342F6D120469A
:10355000019A02A9FFF752FE2469002CF0D12346FC
:10356000346801932CB1636843B198472469002CF7
:10357000F9D12FB9404622B0BDE8F0812469F1E7C6
:10358000054803F0B1FF404622B0BDE8F081019448
:10359000EFE700BF40420F0000140020BD320010D2
:1035A000DC180020E41800200FB400B583B004A993
:1035B00051F8040B0191FFF797FF03B05DF804EB9E
:1035C00004B07047024A034B10601960704700BF97
:1035D0007C18002080180020184B70B51A68002A4B
:1035E00028D0EFF3108172B6D2E8CF4F0120002C23
:1035F000FAD1C2E8440F002CF6D1BFF35F8F00224E
:103600000F4C186859602270C0E88F2F81F3108822
:10361000002400250B4E3078FCF7BAFF20B90024B7
:1036200000252046294670BD3078FCF7C1FF2046B2
:10363000294670BD4FF47A740025EBE7F41C002096
:10364000551D0020541D0020014B1878FCF7B0BF19
:10365000541D002038B5044600200D4601F0A6FB9D
:10366000A8B3002001F0B8FB88B3FDF715FE4FF0BA
:10367000FF3E6FF0004C174A821841F10003964557
:103680007CEB03013CBF72466346134803F01CFF0A
:10369000E8B1002001F08AFB58B901464FF0FF3035
:1036A00000F08EFD6FF002040B4803F01DFF204672
:1036B00038BD002001F090FB0028EED021462A46BC
:1036C000002001F093FB04460028EDD1EAE76FF0FB
:1036D0000204ECE740420F00341D002008B5FDF75E
:1036E000DBFD4FF0FF3E6FF0004C0F4A821841F1B6
:1036F000000396457CEB03013CBF724663460B48D2
:1037000003F0E2FE70B14FF0FF30002100F058FDF1
:10371000002001F0B1FB0028F5D1BDE808400348C6
:1037200003F0E2BE08BD00BF40420F00341D002080
:103730002DE9F04107460E46FDF7AEFD4FF0FF358F
:103740006FF00044324A821841F10003954274EB55
:1037500003013CBF2A4623462E4803F0B5FE08B9B4
:10376000BDE8F081002001F021FB002845D0002EAB
:103770003EDD0025DFF8A48012E02246002001F0A3
:10378000C5FB002105444FF0FF3000F019FD00207B
:1037900001F072FBFDF780FDC8E90001AE4227DDB4
:1037A000002001F0D1FB741B8442A8BF04467919A4
:1037B000002CE2D121464FF0FF3000F001FD204601
:1037C00001F05AFB204601F0F1FA88B1204601F0E1
:1037D000BBFB0028E2D1FDF75FFD0F4AD8F80030AF
:1037E0009B18D8F8042042F1000283428A41D5D2C6
:1037F0000848BDE8F04103F077BE0020BDE8F04185
:103800000021064BC3E90001024803F06DBE00BF72
:1038100040420F00341D002020A107005016002058
:1038200010B5002184B0324803F062FE28BB314B52
:103830001A6802B3EFF3108172B6D2E8CFEF5FF0EF
:10384000010CBEF1000FF8D1C2E84ECFBEF1000F5F
:10385000F3D1BFF35F8FDFF8A8C0D3F800E09CF886
:1038600000205960D3B201228CF80020CEE88F0FDF
:1038700081F31088CBB104B010BD00214FF0FF30B0
:1038800000F09EFC002001F0A7FA0446184803F05F
:103890002BFE002CEFD0184B1B68002BEBD0174AE7
:1038A000106804B0BDE810401847FDF7A9FA0446B7
:1038B000FDF7F2FC4FF0FF3E6FF0004C10F57A720E
:1038C00041F1000396457CEB030138BF63464FF09E
:1038D00000014FF0010C38BF7246DFF828E02046A7
:1038E000CDE9011CCDF800E0FDF78EFA04B010BD63
:1038F000341D0020F41C00207C18002080180020BB
:10390000551D0020D93500104FF0504330B585B01B
:103910001C68FDF775FAFDF791FBA04202D000206C
:1039200005B030BD00212C4B08461B7801F0DCFCB3
:103930002A480368002B4BD00120FCF7DBFF03462D
:10394000274C2849C0B22370FCF74EFE2078012195
:10395000FCF708FE0E20FCF737FE60BB224B6FF031
:103960000044C3E90000FDF74BFA0546FDF794FC5F
:103970004FF0FF3C10F57A7241F10003944574EB6F
:10398000030138BF23464FF000014FF0010438BF58
:103990006246DFF860C02846CDE90114CDF800C0CA
:1039A000FDF732FA0028BADB01211048FFF726FDA7
:1039B000012005B030BD0120FCF78EFD01460A480C
:1039C000FCF7F6FF00220E200949FCF73FFEEBE76B
:1039D000FCF7D2FFB0E700BF587A0010341D00207A
:1039E000541D002021380010F41C0020C8130020B2
:1039F00049360010D935001000487047147900107E
:103A000000487047C078001000B51C4A0346117882
:103A100083B031B363B940F209424FF44173DFF828
:103A200060C0ACF802201648ACF8003003B000BD0E
:103A3000052B20D8134ADFF848C052F823106046FF
:103A40000023013903E0132B20F8022F10D011F8C6
:103A5000012F0133DBB2002AF5D15B0043F4407340
:103A6000E1E701901121104600F024F8019BD1E715
:103A70004FF44A73D7E70020D8E700BF3C1D002071
:103A8000B4180020A878001000B545F247308BB07C
:103A9000FDF75AFD01220346092101A89847DDE9F7
:103AA0000332034912BA1BBAC1E900230BB000BDAF
:103AB0001C1D0020012900F0BB80614A01391378E8
:103AC0004FEA231CBCF1090FCCBF0CF1370C0CF1F1
:103AD000300C012980F800C000F0AD8003F00F0326
:103AE000092B8CBF373330330229437000F0A38099
:103AF00053784FEA231CBCF1090FCCBF0CF1370CF3
:103B00000CF1300C032980F802C000F0948003F01F
:103B10000F03092B8CBF373330330429C37000F0F7
:103B20008A8093784FEA231CBCF1090FCCBF0CF1BB
:103B3000370C0CF1300C052980F804C07BD003F061
:103B40000F03092B8CBF373330330629437172D0F2
:103B5000D3784FEA231CBCF1090FCCBF0CF1370C12
:103B60000CF1300C072980F806C064D003F00F0375
:103B7000092B8CBF373330330829C3715BD01379DD
:103B80004FEA231CBCF1090FCCBF0CF1370C0CF130
:103B9000300C092980F808C04DD003F00F03092B21
:103BA0008CBF373330330A29437244D053794FEAFC
:103BB000231CBCF1090FCCBF0CF1370C0CF1300CFD
:103BC0000B2980F80AC036D003F00F03092B8CBFF5
:103BD000373330330C29C3722DD093794FEA231C2D
:103BE000BCF1090FCCBF0CF1370C0CF1300C0D29D6
:103BF00080F80CC01FD003F00F03092B8CBF3733A4
:103C000030330E29437316D0D3791A11092ACCBF49
:103C1000373230320F2982730DD003F00F03092B96
:103C200094BF303337331029C37318BF103002D01C
:103C3000002303707047002308440370704700BFDF
:103C40001C1D0020704700BF0022014B1A707047F6
:103C5000521D00204B79FF2B0BD1887948B9CB79C5
:103C6000012B07D1082A05D9034B8A7809201A703D
:103C700070470020704700BF521D00200120704790
:103C8000012901D00120704708B5104B91881B789D
:103C9000994201D0002008BD5378012B08D0022B97
:103CA000F8D1002164220846FDF7CEFB012008BDB3
:103CB000518811F480721ABFC1F3C012480A4FF044
:103CC000FF3001F00301FDF74BFC00BF521D002047
:103CD00000487047D0790010012907D15378012B93
:103CE00002D19388072B03D0002070470120704732
:103CF0001146A623014A00F01FBF00BF287900101B
:103D00000346012201481A70704700BFF479001081
:103D100008B50B68B3F5966F00D008BD00224FF0D0
:103D2000FF301146FDF71CFC10B500F02DF90C23F7
:103D30001C4CFF22A3670E201B49FCF787FC402286
:103D400000211A4803F0DCFB4FF0800C0120174AD9
:103D50000023A2F822C0507010464022144902836A
:103D60000287144A81604360C2F88430C2F8803010
:103D700080F8213080F83B3043620F4BC360C36250
:103D8000803B836203F0ACFB4FF0005C4FF4803269
:103D900001200A490A4B2064C4F84CC0C4F89010B2
:103DA000DA6410BD0000115099030020E8180020CB
:103DB00084001050000010500001105010D001007D
:103DC0000020115001210E20FCF7CCBB002202483C
:103DD000114600F0F9B800BF08190020044B197013
:103DE00021B14FF40032034BC3F89020704700BF5D
:103DF0004E1D0020002011500B785B0600D070474C
:103E00004B78052BFBD14B88014ADBB21360F6E7F8
:103E100000001150CB782DE9F04103F0030EBEF104
:103E2000010FC3F3010057D000268C78DFF8D4C00F
:103E300004F07F0253008988984603EBD4130CEBFF
:103E40004313E509D876C1F30A0185F001009C709F
:103E500019835870DE70D3006DBB254804330CEB1A
:103E600082141F18A7601E506AB3224B03EBC203D3
:103E700063603F318909BEF1020F14BF8B01CB0192
:103E80001D4908EB05020CEB421C0A681B48134451
:103E900083420B60CCF80C2028D882F0A04383F436
:103EA0008013DCF8042043EA8E6343F00043136080
:103EB0000120BDE8F0810E480CEB82140344A3629C
:103EC00040F832605AB913460D4A0CEB451CCCF849
:103ED0000C20CCF80430EBE70020BDE8F081D200E4
:103EE00002F1A04202F580126262C2E7FDF782FB96
:103EF0008000105004001050F01C0020FF0F1050E4
:103F000000011050E818002003F0EABA08B5964600
:103F1000DFF81CC001F07F02C80900EB42000CEB87
:103F200040101A46714600F04FF8012008BD00BF4E
:103F3000E818002011F07F0205D100290CBF0220F3
:103F40000120064B9866C909054B01EB420003EBC3
:103F500040104FF40062002103F0BABA0020115063
:103F6000E818002011F07F0300D1704700220548B7
:103F70005B0003EBD11300EB43106FF40061C270E0
:103F800003F0A6BAE81800204FF0805209480A4909
:103F900008B50A4B02600A609968C94311F0805164
:103FA000FAD14FF48052064803F0AAFA0922054BD1
:103FB0005A6708BD00200240003002400000024065
:103FC000000010500000115000234FF0010C10B5FC
:103FD000016180F81AC08282C382044603F07CFA31
:103FE00020B14FF40032074BC3F89020204603F075
:103FF00093FA10B10123237710BD2046BDE810408D
:1040000003F086BA002011502DE9F0414FF000086E
:104010001B4C0546424623781A4F1B4E0DE0336871
:1040200013EB421323D0DB682846984708F10108B8
:1040300023785FFA88F2934206D39342A2EB0303FC
:10404000EDD807EB4313EEE7542200210F4803F0AD
:1040500057FA4FF0FF330D4C2022C4E90133C4E975
:104060000333FF21BDE8F041094803F049BA4FF09E
:10407000E023D3F8F03DDB0700D500BEBDE8F081BA
:104080004D1D0020147A00105816002060170020E3
:1040900074170020704700BF704700BF00207047B2
:1040A00000207047704700BF704700BF704700BFD7
:1040B000704700BF024B5878003818BF0120704786
:1040C00060170020024B1878C0F38000704700BFD3
:1040D000601700202DE9F0472D4F3B78FF2B54D17E
:1040E00000293DD054228A4681460021294803F008
:1040F00007FA0022284C294B20461A70FCF73CFC9A
:10410000274B28481C60284CFCF744FC204601F053
:10411000DDFB264A264B146023B12648FFF7F0FD4D
:10412000254B18604FF00008224C43462278234E5E
:10413000214D0DE02A6812EB431311D05B687BB16F
:10414000984708F1010822785FFA88F3934211D862
:104150009342EFD39B1A06EB43135B68002BEFD11E
:104160004FF0E023D3F8F03DDB0700D500BE002080
:10417000BDE8F0875146484687F80090FFF7D4FD28
:104180000028EDD04846FFF71DFE0120BDE8F0876E
:10419000FC13002060170020581700204F1D00203E
:1041A000B4170020F4130020E0130020B8170020FB
:1041B000013D00104D1D002058160020147A0010FB
:1041C000A44B1B78FF2B00F012812DE9F04FA24C7D
:1041D000A24DDFF89C82A24E8BB027687B69EFF37B
:1041E000108272B6D3E8CF0F01210028FAD1C3E8BC
:1041F000401F0028F6D1BFF35F8FBA61384607A988
:1042000001F0AAF900237A69C2E88F3FBB6983F302
:104210001088002800F0C6809DF81D30013B072B58
:1042200000F28383DFE803F0A3AD91998A350A0495
:10423000089B002BD1D009989847CEE79DF8201015
:1042400001F07F0705EB470000EBD11090F8343008
:1042500023F0010380F8343090F8343023F0040365
:1042600080F83430002F00F0A080027D98F80030F4
:104270009A4280F08F807B4B1B6813EB421300F057
:104280008A809F699DF82120099B9DF81C00B847F2
:10429000A3E73378002B7ED03378013B337033783B
:1042A00003F0FF00002B98D1DFF8B0A19DF81CB0FF
:1042B0009AF8003043F001038AF800309AF834305D
:1042C00060F300038AF834309AF8343060F38203E4
:1042D0008AF834309AF8353060F300038AF83530C4
:1042E0009AF8353060F382038AF8353000F088FCA4
:1042F0009DF8203003F06002602A66D0402A77D013
:1043000003F01F03012B00F0B580022B7CD0002BA3
:104310005BD1202A00F0E781002A56D19DF8213098
:10432000092B52D8DFE813F0AB019B015100BD010E
:1043300051008C01620151005601E7002B78D9072A
:104340007FF54BAFFFF7B4FE47E7EB78DA077FF571
:1043500044AF0898FFF7A0FE3FE72B78D8077FF51A
:104360003CAF2878C0F3C000FFF7A0FE35E79DF80A
:104370001C00FFF749FE00F039FC9DF82030AB70BF
:104380002BE79DF81C00FFF73FFE00F02FFCFFF726
:104390008BFE22E711D04FF0E023D3F8F03DDC078D
:1043A00000D500BE0BB0BDE8F08F099B9DF8212021
:1043B0009DF81C0000F038FC0FE72B4B61E7FFF77E
:1043C0001FFB0246002840F085814FF0E023D3F820
:1043D000F03DDF0700D500BE9DF81C000021FFF76F
:1043E000A9FD80219DF81C00FFF7A4FDF5E67047AC
:1043F0001E4800F005FC0121584608AAFFF76CFC96
:1044000000287FF4EAAEE7E79DF8241011F0700F62
:10441000DBD1174801F07F0390F800C00AEB43009E
:1044200000EBD110007D604551D340F06E810E4805
:104430000090002A00F06D81009F786900F0E0FB99
:10444000012158467B6908AA984700287FF4C5AE29
:10445000C2E700BFFC130020B8170020601700203F
:104460004F1D002058160020147A0010D93C00106F
:104470004D1D00209DF824300F2BADD8B14A534478
:104480001B791278934230D3A6D1AF4F786900F0F0
:10449000B7FB012158467B6908AA984700287FF49A
:1044A0009CAE9DF8203013F0600795D19DF8213027
:1044B0000A3B012B90D800F0A3FB9DF821300A2B7A
:1044C00000F00D82584608A900F01AFB85E6DFF8D7
:1044D0007CC2DCF800C00CEB40100090002A00F019
:1044E000188100283FF478AFA6E7984A176817EBC1
:1044F0004317CBD170E79AF801209DF82230934200
:1045000000F05D819AF80120002A40F0D2818AF8FB
:104510000130002B00F05181013BD8B2FFF770FA57
:10452000002800F06E814378022B40F06A81C27946
:104530009AF80010C2F340131B01C2F3801221F05D
:10454000300143EA42130B438AF80030438800F1FC
:104550000901C3180293029B8B4240F2BD814B7844
:104560000B2B00F0C6810120042B40F04A81002271
:10457000029B01925B1A1FFA83F9724B00921B781F
:1045800003901EE0714B1B6813EB421300F039815E
:104590001F694A46584605910493B847019B08286D
:1045A00003F101030599019303D98145049B80F030
:1045B0000B81644B9DF804201B7800929342C0F05D
:1045C0002081009A9342A2EB0303DBD85E4A02EB00
:1045D0004313DDE79AF8013058468DF81A300DF193
:1045E0001A02012308A900F0A7FAF6E5BDF8220097
:1045F000030A5A1EC0B20E2A3FF6EEAE01A151F8D0
:1046000022F000BF35480010C3460010714800106A
:10461000D9430010D943001053480010C34600107E
:10462000D9430010D9430010D9430010D9430010DA
:10463000D9430010D9430010D94300102748001077
:1046400008A800F0E3FA58469DF82210FFF7BEFBD9
:104650009AF8003043F002038AF80030BDE5BDF857
:104660002230012B7FF4B8AE9AF80030584623F080
:10467000080308A98AF8003000F042FAADE5584670
:104680009AF800309A0802F00202C3F34013134371
:10469000ADF81A300DF11A02022308A900F04CFA05
:1046A0009BE5BDF82230012B7FF496AE9AF80030DE
:1046B000584643F0080308A98AF8003000F020FAB1
:1046C0008BE5022B3FF47BAEFFF7EAFC02460028A5
:1046D0003FF482AE5846538808A900F02DFA00280E
:1046E0007FF47BAD78E69DF824300F2B3FF674AE57
:1046F000144A53441B79127893421ED2134A176806
:1047000017EB43177FF499AE66E6002A7FF464AE98
:1047100000929DF821C00CF0FD02012A18D0BCF1D6
:10472000000F7FF452AE0AEB430303EBD11393F86F
:1047300034305846C3F34003AAE77FF44DAE024F2E
:104740007BE600BF4D1D0020147A00105816002093
:10475000BDF82220DAB97948BCF1010F007800F0E9
:104760008F80CDE90113FFF7E5FB029B01990AEB6E
:10477000430303EBD11393F8342042F0020283F891
:10478000342093F8342042F0010283F83420009B57
:10479000002B3FF422AD1F46586900F031FA7B69C7
:1047A000012108AA58469847002000F029FA9AF8F3
:1047B0003530DB073FF511AD84E6FFF775FC584651
:1047C00008A900F09DF908E502460398012800F0C9
:1047D000A580002800F09280002391F802E007E015
:1047E000009F8CF804705FFA83FC604540F286807D
:1047F0000EEB030C5AFA8CFC9CF804700133FF2F6B
:10480000EED04FF0E023D3F8F03DD90700D500BE3D
:104810004FF0E023D3F8F03DDA0700D500BE0023C7
:104820008AF80130D8E5FFF753FA024600287FF4F2
:1048300051AFD1E5FFF7E0F8024600283FF4C5ADDF
:104840005846122308A900F077F900287FF4C5AC78
:10485000C2E5FFF723FC024600283FF4BDAD5846F1
:10486000137808A900F068F900287FF4B6ACB3E526
:10487000BDF82410FFF7C8F802460028EFD1ABE5D9
:10488000CDE902320191FFF76DFB029B01990AEB22
:10489000430303EBD11393F83410039A62F34101FD
:1048A00083F8341093F8341062F3000183F8341065
:1048B0006DE7002158460193FFF790FA5846FFF73D
:1048C00023FB9AF8022058460092FFF79DFB009ABE
:1048D000019B8AF802201AE6FFF7E4FB6FE75846CF
:1048E000012308A90DF11A028DF81A7000F024F9BD
:1048F00073E40B78C87819444B7835E6009F10486C
:104900003B46CDE9001200F0A1FDDDE900121144A3
:104910000C4A1378BB42BFF41EAE72E7D3F810C046
:10492000094B9C4508BF022056E74FF0E023D3F81F
:10493000F03DDB077FF551AC00BE4EE4FC130020D8
:10494000741700204D1D0020515000102DE9F84F24
:104950000A9F002A40D00C461E4615464FF0000B19
:10496000DFF88090DFF8808016E0204698F802108B
:1049700099F800A000F03AFDD0B121465046FFF76B
:1049800049FAE0B1A3780BF1010BDA0920D1AB456C
:104990003B7021D023781C446378052B0FD1E1783C
:1049A00001F00301B1420AD1A37813F0700FDCD0FB
:1049B0004FF0E023D3F8F03DDA0700D500BE4FF00A
:1049C000E023D3F8F03DDB0709D40020BDE8F88FE1
:1049D0000B9AAB451370DDD10120BDE8F88F00BE06
:1049E000F3E700BFFC130020601700208B7813F062
:1049F000700F08D04FF0E023D3F8F03DDA0700D570
:104A000000BE0020704710B582B0084601910C49E5
:104A10000C4A8978147800F0E9FC48B94FF0E0239B
:104A2000D3F8F03DDB0700D500BE002002B010BD7A
:104A30002046019902B0BDE81040FFF7EBB900BF76
:104A400060170020FC1300200A46064B0648196830
:104A5000D309343302F07F0203EB4203184400F021
:104A600079BC00BFB4170020601700200A46064B2F
:104A700006481968D309343302F07F0203EB42037E
:104A8000184400F097BC00BFB41700206017002046
:104A900010B5194801F07F0400EB440000EBD11081
:104AA00090F834C01CF0010F08D04FF0E023D3F889
:104AB000F03DDA0700D500BE002010BD00F1300443
:104AC00094F804C00D484CF0010C007884F804C040
:104AD000FFF71CFA0028F0D14FF0E021227960F3B3
:104AE00000022271227960F382022271D1F8F03D36
:104AF000DB07E1D500BEDFE760170020FC130020D4
:104B0000DFF830C00023624610B58E4604460868C0
:104B10004968CCF80C3003C29EF800102046BDE86E
:104B2000104081F0FF011A4601F08001CCF80830F6
:104B3000FFF7AEBF20170020DFF8ACC070B51546F8
:104B4000624600248E4606460868496882B003C261
:104B5000CCF80850ACF80E40BEF80620934228BFAF
:104B60001346ACF80C308AB133B3DDB19CF90020A8
:104B7000402B28BF4023002A29DB21463046194A12
:104B8000FFF786FF70B1012002B070BD9EF80010E3
:104B9000134681F0FF01304601F08001FFF778FFF6
:104BA0000028F0D14FF0E023D3F8F03DDB0700D52B
:104BB00000BE002002B070BD1A469CF8001001F043
:104BC00080013046FFF764FF0028DCD1EAE71A468F
:104BD00029460448019302F097FC8021014A019B79
:104BE000EFE700BFE0160020201700200022034B53
:104BF000C3E90022C3E902221A617047201700208E
:104C0000014B1861704700BF201700200146054A7C
:104C10004FF0000C134600684968C2E902CC03C398
:104C2000704700BF2017002030B53E4CC9092278DC
:104C30000546B1EBD21F83B017D053B14FF0E0233C
:104C4000D3F8F03DDB0702D4002003B030BD00BE36
:104C5000FAE72146FFF7D0F823691BB1224603216A
:104C600028469847012003B030BD94F90020002A5F
:104C700008DBA0680028E7D01A462B49019302F010
:104C800043FC019BE089A168E288184480B2194482
:104C90008242E081A16016D03F2B14D9A28994F9F9
:104CA0000040131A9BB2402B28BF4023002C28DB66
:104CB00090424FF0000132D01B4A2846FFF7E8FE31
:104CC0000028CFD1BAE7236923B102212846154A2B
:104CD000984768B100232178284681F0FF011A46E1
:104CE00001F08001FFF7D4FE0028A7D00120BAE729
:104CF00001462846FFF71EF980212846FFF71AF9DA
:104D0000B0E7904208D01A460748019302F0FCFB36
:104D10008021054A019BD0E780210022CDE70A4689
:104D2000CBE700BF20170020E016002070B582B04E
:104D30000446FFF7BFF908B902B070BDFFF7C2F92A
:104D400002460028F8D1C82304FB03F31549254681
:104D5000CC18E0780028EFD010335E18304601926E
:104D600000F0E8FB3F28E7D9E1780198FFF76CFEF7
:104D70000028E1D0304600F0DDFB3F28E1780AD979
:104D80004023DFF824C001980CEBC51202B0BDE847
:104D90007040FFF77DBE019802B0BDE87040FFF79C
:104DA00065BE00BF081400205C16002010B5044644
:104DB000FFF780F908B9002010BDFFF783F900283C
:104DC000F9D1C822034B02FB0433187900F001002B
:104DD00010BD00BF08140020C82208B5024B02FB1A
:104DE000003000F08DFB08BD181400204FF6FF7353
:104DF0002DE9F041C8249A4228BF1A4600FB04F46A
:104E00001B4D04F1100382B0804692B258195F190D
:104E100000F0F0FB0646FFF74DF918B9304602B036
:104E2000BDE8F081FFF74EF90028F7D12544EA7874
:104E3000002AF3D00190384600F07CFB3F28EDD9E2
:104E40000198E978FFF700FE0028E7D0384600F027
:104E500071FB3F28E97807D9064A4023019802EB05
:104E6000C812FFF715FED9E70198FFF7FFFDD5E758
:104E7000081400205C160020F0B583B00546FFF74B
:104E800019F910B9002003B0F0BDFFF71BF9044673
:104E90000028F7D1C82305FB03F31A4A03F12401C4
:104EA0008F183846009300F02BFB0028EAD0154AF3
:104EB000009B2046D618B178FFF7C6FD0028E1D048
:104EC0001149384601EBC5114022009100F092FBD8
:104ED00096F802C0034670B1019061462046009AE0
:104EE000FFF7D6FD58B94FF0E023D3F8F03DDB07CC
:104EF000C8D500BEC6E76146FFF7B8FDC2E7019816
:104F0000C1E700BF081400209C16002070B50546BC
:104F10004FF6FF70C823824228BF0246094C92B266
:104F200003FB0544204600F029FC0646204600F01D
:104F3000E7FA3F2801D8304670BD2846FFF79CFFAE
:104F4000304670BD2C140020C82208B5024B02FB6D
:104F5000003000F0EFFA08BD2C14002070B50024DA
:104F600082B0C8220021184802F0CAFAFF234FF489
:104F7000E131082215480470134800940646437135
:104F80008160827300F1380101234022103000F06B
:104F900087FA0123402206F17801009306F1B80553
:104FA00006F1240000F07CFA2846FBF7E5FC06F148
:104FB000C000FBF7E1FC06F1C000C6E90745C6E901
:104FC0000C0402B070BD00BF08140020DC160020E5
:104FD0000A4B196B1A6A61B13AB10022C3E90C227B
:104FE000DA6100221A62012070470120C3E90C2215
:104FF0007047002AF7D0D961F3E700BF08140020FA
:105000000022104908B510480B7802600271DA07D7
:1050100007D59B070CD5BDE8084001210B4800F0DF
:1050200071BC103000F052FC06490B789B07F2D49B
:10503000064800F04BFCBDE808400121034800F0A1
:1050400061BC00BFDC160020081400202C140020D6
:1050500070B54B7984B0022B02D18B79022B03D02F
:105060000024204604B070BD2B4B9B783BB14FF021
:10507000E023D3F8F03DDB07F2D500BEF0E78B78F4
:105080000546254803700B78194491F801C0BCF11E
:10509000240F08BF092409D03BE00B78194491F88C
:1050A00001C02344BCF1240F9CB207D19442F4D92F
:1050B0000020FFF73BFE204604B070BD6346BCF104
:1050C000050F16D0042BF3D14B790A2BF0D1134BDB
:1050D0000A780193013300930223164611442846AF
:1050E0001A46FFF733FC0028C1D00E3433199CB2A6
:1050F000DEE728460391FFF779FC03990028B6D034
:105100008B78054A53700B781A1919444B7894B26E
:10511000D8E763460924D2E7081400200A140020C7
:10512000137803F06003202B0BD100B5DFF8BCC06F
:1051300093889CF800E083B09E4504D0002003B023
:1051400000BD002070475378203B032BF6D8DFE8E2
:1051500003F02C270D02012933D0032922D11E4B45
:1051600003B300205188AFF300801BE0012928D051
:10517000032917D15288194802F0010383F0010175
:1051800001938CF80420009200F0BCFB144949B153
:10519000009A00200199C2F34002AFF3008001E0C1
:1051A000012912D0012003B000BD01290DD003292F
:1051B000F8D10C4B002BF5D000200B49FEF7A8FDD1
:1051C000F0E71146FFF79CFCECE711460723064A7F
:1051D000FFF7B2FCE6E700BF000000002C1400203F
:1051E00000000000113D00101014002008140020E1
:1051F0002DE9F041354C0D46E27807468A421E46BD
:1052000082B02FD0A3788B4209D04FF0E023D3F89F
:10521000F03DDB0724D4002002B0BDE8F0812C4B28
:1052200013B10020AFF300800020FFF725FE002817
:1052300047D1284800F064F9002842D1002E40D020
:1052400016F03F053DD13846A178FFF7FDFB002859
:1052500037D02B462A463846A178FFF719FC30E0B4
:1052600000BED8E79AB21C4904F1100000F086FA9B
:105270001A4BD3B16279FF2A17D0B6B1164B03EBA4
:10528000060802E0434510D0627913F8011B9142F1
:10529000F8D11348019300F043F9019B0028F1D1A4
:1052A0006179AFF30080019BECE70E4B1BB10C481A
:1052B00000F036F938B10020FFF738FDA378AB4293
:1052C000ADD00120A8E7AFF30080F4E70814002078
:1052D000000000002C1400205C16002000000000DC
:1052E000181400200000000000B583B0D9B10128D7
:1052F0000ED80B7863B1DFF858C0012B0CF80030E2
:1053000002D0012003B000BDFEF7E4FE0028F8D172
:105310004FF0E023D3F8F03DDB0702D4002003B0C8
:1053200000BD00BEFAE70122084601A9ADF804203D
:10533000FEF7D0FE012238B94FF0E023D3F8F03D5C
:10534000DA07ECD500BEEAE7014B1A70E7E700BFC9
:1053500054170020037813F001031ED130B5024624
:10536000007883B00446400702D5184603B030BD2C
:1053700008460D464FF0FF31019202F0A1F8019A64
:10538000137813F001030BD1117849070AD411786F
:10539000012341F00401117004E000231846704716
:1053A000C4F380032846019302F09EF8019B18463F
:1053B00003B030BD70B50D4604464FF0FF312846AE
:1053C00002F07EF82378C3F380065B0708D52378C4
:1053D00013F0010311BF0026227863F382022270CA
:1053E000284602F081F8304670BD00BFC37882883D
:1053F00003F003000228C2F30A0215D003280AD0E2
:1054000001281CD1022940F2FF3308BF4FF480630A
:1054100093420DD37047022914BF40234FF4806399
:10542000934205D30120704702290AD0402AF9D9B6
:105430004FF0E023D3F8F03DDB0700D500BE00209D
:105440007047B2F5007FEDD0F2E700BF0A44914209
:1054500025D291F801C0BCF1050F05D091F800C02C
:1054600061448A42F5D8704700B591F802C00CF04B
:105470007F0E00EB4E0E4FEADC1C0EF80C3091F85C
:1054800000C061448A4209D991F801C0BCF1050FFE
:10549000EBD091F800C061448A42F5D800BD704756
:1054A0002DE9F041B2F5004F9DF8185024D804467C
:1054B000C06898460F46164618B14FF0FF3101F00C
:1054C000FFFF206918B14FF0FF3101F0F9FF002212
:1054D000C8F30E03E06843EAC53362812760A68003
:1054E000E380228108B101F0FFFF206908B101F0DB
:1054F000FBFF0120BDE8F0810020BDE8F08100BF86
:10550000038942899BB292B28088934236BFC2EB34
:1055100040029B1A9B189BB2984228BF18467047BE
:105520000289438990B29BB2C01AB0FA80F0400958
:10553000704700BF038942899BB2808892B2934230
:1055400036BFC2EB40029B1A9B189BB2984286BFA3
:10555000C01A80B20020704730B5044600690D467D
:1055600083B018B14FF0FF3101F0AAFF22896189A1
:1055700092B289B2A3888A4236BFC1EB4300501A67
:10558000801880B268B3834209D29A422CBFD21AE3
:10559000D21891B28B42618103D8C91A89B28B4269
:1055A000FBD9E2882368C2F30E0202FB01312846D0
:1055B00001F0AAFF6289A38892B2511C89B28A4283
:1055C0004FF0010210D9002103FA02F0091A2069F4
:1055D000618118B1019201F087FF019A104603B072
:1055E00030BD0246618989B2B1EB430F4FEA4300F7
:1055F000EDDBEBE72DE9F04105460069884682B016
:1056000028B14FF0FF31009201F05AFF009A29892A
:105610006B8989B29BB2AC88994236BFC3EB440612
:10562000CE1A7618B6B2002E4BD0B44241D3B24255
:1056300028BF32469C4296B203D81B1B9BB29C42A9
:10564000FBD9B5F806C0E01A296880B2CCF30E0287
:105650008642174602FB031125D910FB02F2404691
:1056600092B20193009201F04FFF019B009A341B0C
:10567000234408EB020013FB07F2296892B201F001
:1056800043FF6A89AC8892B293199BB29A421AD9A5
:1056900062009B1A28696B8108B101F025FF304632
:1056A00002B0BDE8F081404606FB02F201F02CFF9B
:1056B000E7E7A1422CBF091B09198BB226466B8173
:1056C000B5E76B899BB2B3EB440F4FEA4402E1DBD1
:1056D000DFE700BF70B50446C0680E4682B018B15F
:1056E0004FF0FF3101F0ECFE2589238961899BB2DF
:1056F00089B2A2888B4236BFC1EB42015B1A5B18AC
:105700009BB29A42ADB20BD8E179C90908D1E068E1
:1057100018B1019101F0E8FE0199084602B070BD90
:10572000954228BF2B4617D39B1A9BB29342FBD2BC
:10573000E2882068C2F30E0202FB0300314601F04A
:10574000E3FE6B1C9BB29D42A28811D9002351003D
:105750005B1A01212381DAE7E2882068C2F30E0296
:1057600005FB0200314601F0CFFE0135A288ABB245
:10577000B3EB420F4FEA4201EBDBE9E72DE9F047DB
:10578000154682B0002A4AD00446C068884618B13F
:105790004FF0FF3101F094FEE17926896389C90950
:1057A000A288B6B29BB23ED19E4236BFC3EB420343
:1057B000F31A9B199BB2934253D2D31A9BB2AB42BA
:1057C00028BF2B469DB27319B4F806C01FFA83F99F
:1057D000A5EB020A9642334603D39B1A9BB293422F
:1057E000FBD2D21A91B22068CCF30E02A94217461E
:1057F00002FB030052D3414605FB02F201F084FE96
:10580000A3884E454FEA430202D8B9EB430F01DBB0
:10581000A9EB0209E0682A46A4F8089028BB1046C4
:1058200002B0BDE8F087954227D29E4236BFC3EB57
:105830004201F11A891989B250002944AF1A8142F4
:10584000BA4608DB991889B24E1BB6B2B3428946F4
:1058500038D9301A86B2AB191FFA83F9B4F806C0EA
:10586000B8E70022E0680028D9D0009201F03CFEA1
:10587000009A104602B0BDE8F087002AF2D0B4F8D2
:1058800006C0AD1A99181E46CCF30E0303FB05881B
:105890004FF0000A15461FFA81F99BE711FB02F24F
:1058A000414692B20193009201F02EFE019B009AB4
:1058B000534413FB07F308EB020120689AB201F08E
:1058C00023FE9DE7B042C4DDC8E700BF10B5044623
:1058D000C06818B14FF0FF3101F0F2FD206918B136
:1058E0004FF0FF3101F0ECFD0023E068638123817C
:1058F00008B101F0F9FD206908B101F0F5FD0120C2
:1059000010BD00BF38B50446C0680D4618B14FF051
:10591000FF3101F0D5FD206918B14FF0FF3101F0E2
:10592000CFFDE379E06865F3C713E37108B101F0D7
:10593000DBFD206908B101F0D7FD012038BD00BFB3
:105940003A4B2DE9F043984214BF4FF480234FF4B3
:1059500000230546364E374C374A83B03360236008
:10596000946833EA0404FBD14FF002090620019148
:10597000FBF71CFDAE464A465EF8046F01990EF532
:1059800040574FEA412843464FEAD15C1640C7F8DA
:10599000009008E013EB080302F102024CEBD15C2B
:1059A000B2F5807F03D0984274EB0C09F2D24FF429
:1059B0008073C2EB022C01E0012B34D0B0FBFCF869
:1059C00041459946ACEB020C03F1FF33F4D209FBDD
:1059D00002F91C0202212B46B0FBF9F04FF0030C38
:1059E0002A612A680EF5005E624005F5805802F4CF
:1059F0007F42C8F80020CEF800606C68396053F828
:105A0000242B0C4082F0070202F0CF0203F5005372
:105A1000C8F80020CEF80040C3F800C0CEF800104F
:105A200003B0BDE8F0839146D4E700BF0080084092
:105A300000200240003002400000024070B5724C6D
:105A40002378522B06D0032800F2DA80DFE800F03A
:105A5000127B7F81022800F0C48003287CD00128BB
:105A600000F0C480002840F0C6800546F0214FF4C5
:105A7000A07275E022250826644A654B0021187142
:105A800008201A6001F068FC0021092001F064FC84
:105A9000B62001F0CDFC0121092001F05DFC237846
:105AA0000121522B4FF0080000F0858001F054FCDA
:105AB0000920002101F050FC002001F0B9FC002079
:105AC00001F0B6FC0121092001F046FC23780121F8
:105AD000522B4FF0080075D001F03EFC0920002148
:105AE00001F03AFC002001F0A3FC284601F0A0FCE4
:105AF0000121092001F030FC0021082001F02CFCDC
:105B00000021092001F028FC362001F091FC012140
:105B1000092001F021FC23780121522B4FF00800CD
:105B200042D001F019FC0920002101F015FC0020F1
:105B300001F07EFC304601F07BFCBDE870400121A5
:105B4000092001F009BC28266225324A95E7422542
:105B500091E728260225F8E760254FF4A071F0228E
:105B60002B4B18711980082000215A8001F0F4FB9A
:105B70000021092001F0F0FB362001F059FC012141
:105B8000092001F0E9FB23780121522B4FF0080096
:105B90001FD001F0E1FB0021092001F0DDFB002016
:105BA00001F046FC2846C6E701F0D6FB002109209B
:105BB00001F0D2FBBEE701F0CFFB0021092001F08C
:105BC000CBFB7CE701F0C8FB0021092001F0C4FBFE
:105BD0008BE701F0C1FB0920002101F0BDFB284645
:105BE000A9E7C025F0214FF4A072B9E7A0254FF432
:105BF000A071F022B4E700254FF4A071F022AFE7C6
:105C000000260025A1E700BF501D00204001E00153
:105C1000241D0020E001400170B5002582B0012163
:105C200006460F2001F098FB4FF4FA7001F012FCC9
:105C300000210F2001F090FB4FF4FA7001F00AFCF4
:105C400001210F2001F088FB4FF4FA7001F002FCF3
:105C5000092029468DF8065001F07EFB29460820D0
:105C600001F07AFBDC2001F0E3FB01230DF10702D8
:105C70000DF10601E94801F03FFC0121092001F086
:105C80006BFB9DF80730E64C522B29464FF008007D
:105C9000237000F0008401F05FFB2946092001F029
:105CA0005BFB212001F0C4FB0121092001F054FB22
:105CB0002946082001F050FB2946092001F04CFB41
:105CC000C22001F0B5FB0121092001F045FB23783A
:105CD0000121522B4FF0080000F0D68301F03CFB6D
:105CE0000920294601F038FB284601F0A1FB3320AA
:105CF00001F09EFB0121092001F02EFB002108206C
:105D000001F02AFB0021092001F026FBC52001F04B
:105D10008FFB0121092001F01FFB23780121522B69
:105D20004FF0080001F0BE8101F016FB09200021B0
:105D300001F012FB002001F07BFB002001F078FB5A
:105D40000121092001F008FB23780121522B4FF09B
:105D5000080001F09F8101F0FFFA0920002101F005
:105D6000FBFA002001F064FB1E2001F061FB012121
:105D7000092001F0F1FA23780121522B4FF008009D
:105D800001F0808101F0E8FA0920002101F0E4FA35
:105D9000002001F04DFB802001F04AFB0121092089
:105DA00001F0DAFA0021082001F0D6FA00210920DA
:105DB00001F0D2FAB12001F03BFB0121092001F0F2
:105DC000CBFA23780121522B4FF0080001F05281C9
:105DD00001F0C2FA0920002101F0BEFA002001F012
:105DE00027FBB02001F024FB0121092001F0B4FAC7
:105DF0000021082001F0B0FA0021092001F0ACFADE
:105E0000362001F015FB0121092001F0A5FA2378C5
:105E10000121522B4FF0080001F0248101F09CFA7F
:105E20000920002101F098FA002001F001FB282050
:105E300001F0FEFA0121092001F08EFA002108206C
:105E400001F08AFA0021092001F086FAE02001F031
:105E5000EFFA0121092001F07FFA23780121522B6A
:105E60004FF0080001F0F68001F076FA09200021D9
:105E700001F072FA002001F0DBFA002001F0D8FAFC
:105E80000121092001F068FA23780121522B4FF0FB
:105E9000080001F0D78001F05FFA0920002101F02D
:105EA0005BFA002001F0C4FA132001F0C1FA0121CD
:105EB000092001F051FA23780121522B4FF00800FC
:105EC00001F0B88001F048FA0920002101F044FAFD
:105ED000002001F0ADFA182001F0AAFA01210920F2
:105EE00001F03AFA23780121522B4FF0080001F01B
:105EF000998001F031FA0920002101F02DFA0020EB
:105F000001F096FA042001F093FA0121092001F032
:105F100023FA23780121522B4FF0080001F07A80F8
:105F200001F01AFA0920002101F016FA002001F010
:105F30007FFA0F2001F07CFA0121092001F00CFA10
:105F400023780121522B4FF0080001F05B8001F013
:105F500003FA0920002101F0FFF9002001F068FA9E
:105F6000062001F065FA0121092001F0F5F92378F6
:105F70000121522B4FF0080001F03C8001F0ECF9B8
:105F80000920002101F0E8F9002001F051FA3A203F
:105F900001F04EFA0121092001F0DEF923780121F8
:105FA000522B4FF0080001F01D8001F0D5F90920B7
:105FB000002101F0D1F9002001F03AFA562001F059
:105FC00037FA0121092001F0C7F923780121522B6A
:105FD0004FF0080000F0FE8701F0BEF90920002113
:105FE00001F0BAF9002001F023FA4D2001F020FA67
:105FF0000121092001F0B0F923780121522B4FF043
:10600000080000F0DF8701F0A7F90920002101F066
:10601000A3F9002001F00CFA04E000BF0080084062
:10602000501D0020032001F003FA0121092001F096
:1060300093F923780121522B4FF0080000F0BA8722
:1060400001F08AF90920002101F086F9002001F011
:10605000EFF90A2001F0ECF90121092001F07CF9A7
:1060600023780121522B4FF0080000F09B8701F0AC
:1060700073F90920002101F06FF9002001F0D8F92F
:10608000062001F0D5F90121092001F065F92378F6
:106090000121522B4FF0080000F07C8701F05CF9E1
:1060A0000920002101F058F9002001F0C1F9302049
:1060B00001F0BEF90121092001F04EF923780121F8
:1060C000522B4FF0080000F05D8701F045F90920E0
:1060D000002101F041F9002001F0AAF93E2001F071
:1060E000A7F90121092001F037F923780121522B6A
:1060F0004FF0080000F03E8701F02EF90920002142
:1061000001F02AF9002001F093F90F2001F090F935
:106110000121092001F020F90021082001F01CF9DB
:106120000021092001F018F9E12001F081F9012195
:10613000092001F011F923780121522B4FF00800BA
:1061400000F0108701F008F90920002101F004F99E
:10615000002001F06DF9002001F06AF90121092009
:1061600001F0FAF823780121522B4FF0080000F0DB
:10617000F18601F0F1F80920002101F0EDF800208E
:1061800001F056F9132001F053F90121092001F023
:10619000E3F823780121522B4FF0080000F0D2865B
:1061A00001F0DAF80920002101F0D6F8002001F012
:1061B0003FF9182001F03CF90121092001F0CCF849
:1061C00023780121522B4FF0080000F0B38601F034
:1061D000C3F80920002101F0BFF8002001F028F9E0
:1061E000012001F025F90121092001F0B5F82378FB
:1061F0000121522B4FF0080000F0948601F0ACF81A
:106200000920002101F0A8F8002001F011F9112067
:1062100001F00EF90121092001F09EF823780121F7
:10622000522B4FF0080000F0758601F095F8092018
:10623000002101F091F8002001F0FAF8062001F0A9
:10624000F7F80121092001F087F823780121522B6A
:106250004FF0080000F0568601F07EF8092000217A
:1062600001F07AF8002001F0E3F8382001F0E0F8BE
:106270000121092001F070F823780121522B4FF001
:10628000080000F0378601F067F80920002101F0CE
:1062900063F8002001F0CCF8342001F0C9F80121A6
:1062A000092001F059F823780121522B4FF0080002
:1062B00000F0188601F050F80920002101F04CF898
:1062C000002001F0B5F84D2001F0B2F801210920BD
:1062D00001F042F823780121522B4FF0080000F022
:1062E000F98501F039F80920002101F035F8002086
:1062F00001F09EF8062001F09BF80121092001F031
:106300002BF823780121522B4FF0080000F0DA859A
:1063100001F022F80920002101F01EF8002001F010
:1063200087F80D2001F084F80121092001F014F80C
:1063300023780121522B4FF0080000F0BB8501F0BB
:106340000BF80920002101F007F8002001F070F897
:106350000B2001F06DF80121092000F0FDFF2378EA
:106360000121522B4FF0080000F09C8500F0F4FF53
:106370000920002100F0F0FF002001F059F8312041
:1063800001F056F80121092000F0E6FF23780121F1
:10639000522B4FF0080000F07D8500F0DDFF092052
:1063A000002100F0D9FF002001F042F8372001F071
:1063B0003FF80121092000F0CFFF23780121522B63
:1063C0004FF0080000F05E8500F0C6FF09200021B4
:1063D00000F0C2FF002001F02BF80F2001F028F898
:1063E0000121092000F0B8FF0021082000F0B4FFCF
:1063F0000021092000F0B0FF3A2001F019F8012136
:10640000092000F0A9FF23780121522B4FF008004A
:1064100000F0308500F0A0FF0920002100F09CFF73
:10642000002001F005F8552001F002F801210920B3
:1064300000F092FF0021082000F08EFF00210920CB
:1064400000F08AFF112000F0F3FF0920012100F085
:1064500083FF782000F0FEFF0021082000F07CFF81
:106460000021092000F078FF292000F0E1FF012140
:10647000092000F071FF3046FFF7E0FAC82002B0B3
:10648000BDE8704000F0E6BF00F066FF2946092035
:1064900000F062FF2BE400F05FFF2946092000F0C6
:1064A0005BFF112000F0C4FF0121092000F054FF20
:1064B000642000F0CFFF2946082000F04DFF294658
:1064C000092000F049FF362000F0B2FF0121092029
:1064D00000F042FF23780121522B4FF0080000F01A
:1064E000E98500F039FF0920294600F035FF2846EC
:1064F00000F09EFF284600F09BFF0121092000F0DC
:106500002BFF0021082000F027FF0021092000F0C8
:1065100023FF3A2000F08CFF0121092000F01CFF2E
:1065200023780121522B4FF0080000F00C8700F077
:1065300013FF0920002100F00FFF002000F078FF7A
:10654000552000F075FF0121092000F005FF002112
:10655000082000F001FF0021092000F0FDFEB2201C
:1065600000F066FF0121092000F0F6FE23780121EA
:10657000522B4FF0080000F0DE8600F0EDFE0920FF
:10658000002100F0E9FE002000F052FF0C2000F096
:106590004FFF0121092000F0DFFE23780121522B5B
:1065A0004FF0080000F0BF8600F0D6FE0920002161
:1065B00000F0D2FE002000F03BFF0C2000F038FF7E
:1065C0000121092000F0C8FE23780121522B4FF051
:1065D000080000F0A08600F0BFFE0920002100F0B6
:1065E000BBFE002000F024FF002000F021FF01216D
:1065F000092000F0B1FE23780121522B4FF0080052
:1066000000F0818600F0A8FE0920002100F0A4FE21
:10661000002000F00DFF332000F00AFF01210920C7
:1066200000F09AFE23780121522B4FF0080000F071
:10663000628600F091FE0920002100F08DFE00200E
:1066400000F0F6FE332000F0F3FE0121092000F0F7
:1066500083FE0021082000F07FFE0021092000F0C9
:106660007BFEB72000F0E4FE0121092000F074FE5B
:1066700023780121522B4FF0080000F0348600F0FF
:106680006BFE0920002100F067FE002000F0D0FE24
:10669000352000F0CDFE0121092000F05DFE002133
:1066A000082000F059FE0021092000F055FEBB2013
:1066B00000F0BEFE0121092000F04EFE23780121EA
:1066C000522B4FF0080000F0068600F045FE09202E
:1066D000002100F041FE002000F0AAFE282000F07A
:1066E000A7FE0121092000F037FE0021082000F05C
:1066F00033FE0021092000F02FFEC02000F098FE9C
:106700000121092000F028FE23780121522B4FF0AF
:10671000080000F0D88500F01FFE0920002100F0DD
:106720001BFE002000F084FE3C2000F081FE0121D1
:10673000092000F011FE0021082000F00DFE0021CC
:10674000092000F009FEC22000F072FE012109209C
:1067500000F002FE23780121522B4FF0080000F0D8
:10676000AA8500F0F9FD0920002100F0F5FD0020C8
:1067700000F05EFE012000F05BFE0121092000F028
:10678000EBFD0021082000F0E7FD0021092000F0CA
:10679000E3FDC32000F04CFE0121092000F0DCFDE8
:1067A00023780121522B4FF0080000F07C8500F087
:1067B000D3FD0920002100F0CFFD002000F038FEBD
:1067C0000B2000F035FE0121092000F0C5FD00215D
:1067D000082000F0C1FD0021092000F0BDFDC4200B
:1067E00000F026FE0121092000F0B6FD23780121EA
:1067F000522B4FF0080000F04E8500F0ADFD09204F
:10680000002100F0A9FD002000F012FE202000F081
:106810000FFE0121092000F09FFD0021082000F05B
:106820009BFD0021092000F097FDC62000F000FE2E
:106830000121092000F090FD23780121522B4FF017
:10684000080000F0208500F087FD0920002100F0FD
:1068500083FD002000F0ECFD0F2000F0E9FD012198
:10686000092000F079FD0021082000F075FD0021CD
:10687000092000F071FDD02000F0DAFD012109208F
:1068800000F06AFD23780121522B4FF0080000F040
:10689000F28400F061FD0920002100F05DFD002080
:1068A00000F0C6FDA42000F0C3FD0121092000F086
:1068B00053FD23780121522B4FF0080000F0D384C0
:1068C00000F04AFD0920002100F046FD002000F004
:1068D000AFFDA12000F0ACFD0121092000F03CFD3E
:1068E0000021082000F038FD0021092000F034FDCF
:1068F000E02000F09DFD0121092000F02DFD23780E
:106900000121522B4FF0080000F0A58400F024FD77
:106910000920002100F020FD002000F089FDD0209A
:1069200000F086FD0121092000F016FD23780121E9
:10693000522B4FF0080000F0868400F00DFD092076
:10694000002100F009FD002000F072FD012000F0A0
:106950006FFD0121092000F0FFFC23780121522B5B
:106960004FF0080000F0678400F0F6FC09200021D9
:1069700000F0F2FC002000F05BFD082000F058FD64
:106980000121092000F0E8FC23780121522B4FF06F
:10699000080000F0488400F0DFFC0920002100F02E
:1069A000DBFC002000F044FD0F2000F041FD012140
:1069B000092000F0D1FC23780121522B4FF0080070
:1069C00000F0298400F0C8FC0920002100F0C4FC7C
:1069D000002000F02DFD112000F02AFD01210920EA
:1069E00000F0BAFC23780121522B4FF0080000F090
:1069F0000A8400F0B1FC0920002100F0ADFC002069
:106A000000F016FD2A2000F013FD0121092000F0FE
:106A1000A3FC23780121522B4FF0080000F0EC83F7
:106A200000F09AFC0920002100F096FC002000F004
:106A3000FFFC362000F0FCFC0121092000F08CFC5A
:106A400023780121522B4FF0080000F0CE8300F094
:106A500083FC0920002100F07FFC002000F0E8FC0E
:106A6000552000F0E5FC0121092000F075FC237899
:106A70000121522B4FF0080000F0B08300F06CFCB5
:106A80000920002100F068FC002000F0D1FC442027
:106A900000F0CEFC0121092000F05EFC23780121EA
:106AA000522B4FF0080000F0928300F055FC0920B3
:106AB000002100F051FC002000F0BAFC3A2000F068
:106AC000B7FC0121092000F047FC23780121522B5B
:106AD0004FF0080000F0748300F03EFC0920002114
:106AE00000F03AFC002000F0A3FC0B2000F0A0FC1A
:106AF0000121092000F030FC23780121522B4FF0B6
:106B0000080000F0568300F027FC0920002100F067
:106B100023FC002000F08CFC062000F089FC012101
:106B2000092000F019FC23780121522B4FF00800B6
:106B300000F0388300F010FC0920002100F00CFC6C
:106B4000002000F075FC112000F072FC01210920EA
:106B500000F002FC23780121522B4FF0080000F0D6
:106B60001A8300F0F9FB0920002100F0F5FB00205A
:106B700000F05EFC202000F05BFC0121092000F009
:106B8000EBFB0021082000F0E7FB0021092000F0CA
:106B9000E3FBE12000F04CFC0121092000F0DCFBCC
:106BA00023780121522B4FF0080000F0ED8200F015
:106BB000D3FB0920002100F0CFFB002000F038FCBF
:106BC000D02000F035FC0121092000F0C5FB23781E
:106BD0000121522B4FF0080000F0CF8200F0BCFBE7
:106BE0000920002100F0B8FB002000F021FC022069
:106BF00000F01EFC0121092000F0AEFB23780121EA
:106C0000522B4FF0080000F0B18200F0A5FB0920E4
:106C1000002100F0A1FB002000F00AFC072000F09A
:106C200007FC0121092000F097FB23780121522B5A
:106C30004FF0080000F0938200F08EFB0920002145
:106C400000F08AFB002000F0F3FB0A2000F0F0FBCC
:106C50000121092000F080FB23780121522B4FF005
:106C6000080000F0758200F077FB0920002100F099
:106C700073FB002000F0DCFB0B2000F0D9FB0121AE
:106C8000092000F069FB23780121522B4FF0080006
:106C900000F0578200F060FB0920002100F05CFB4F
:106CA000002000F0C5FB182000F0C2FB01210920E4
:106CB00000F052FB23780121522B4FF0080000F026
:106CC000398200F049FB0920002100F045FB00203B
:106CD00000F0AEFB342000F0ABFB0121092000F0F6
:106CE0003BFB23780121522B4FF0080000F01B8260
:106CF00000F032FB0920002100F02EFB002000F004
:106D000097FB432000F094FB0121092000F024FBB5
:106D100023780121522B4FF0080000F0FD8100F094
:106D20001BFB0920002100F017FB002000F080FB76
:106D30004A2000F07DFB0121092000F00DFB2378A3
:106D40000121522B4FF0080000F0DF8100F004FB1E
:106D50000920002100F000FB002000F069FB2B203F
:106D600000F066FB0121092000F0F6FA23780121EA
:106D7000522B4FF0080000F0C18100F0EDFA09201D
:106D8000002100F0E9FA002000F052FB1B2000F087
:106D90004FFB0121092000F0DFFA23780121522B5B
:106DA0004FF0080000F0A38100F0D6FA092000217E
:106DB00000F0D2FA002000F03BFB1C2000F038FB72
:106DC0000121092000F0C8FA23780121522B4FF04D
:106DD000080000F0858100F0BFFA0920002100F0D2
:106DE000BBFA002000F024FB222000F021FB01214F
:106DF000092000F0B1FA23780121522B4FF008004E
:106E000000F0678100F0A8FA0920002100F0A4FA40
:106E1000002000F00DFB1F2000F00AFB01210920DB
:106E200000F09AFA0021082000F096FA00210920CB
:106E300000F092FA552000F0FBFA0121092000F041
:106E40008BFA23780121522B4FF0080000F03A8191
:106E500000F082FA0920002100F07EFA002000F004
:106E6000E7FAB02000F0E4FA0121092000F074FAFA
:106E7000FFF7F2BA00F070FA0021092000F06CFA76
:106E8000FFF7D1BA00F068FA0021092000F064FA97
:106E9000FFF7A3BA00F060FA0021092000F05CFAC5
:106EA000FFF784BA00F058FA0021092000F054FAE4
:106EB000FFF765BA00F050FA0021092000F04CFA03
:106EC000FFF746BA00F048FA0021092000F044FA22
:106ED000FFF727BA00F040FA0021092000F03CFA41
:106EE000FFF708BA00F038FA0021092000F034FA60
:106EF000FFF7E9B900F030FA0021092000F02CFA80
:106F0000FFF7CAB900F028FA0021092000F024FA9E
:106F1000FFF7ABB900F020FA0021092000F01CFABD
:106F2000FFF78CB900F018FA0021092000F014FADC
:106F3000FFF76DB900F010FA0021092000F00CFAFB
:106F4000FFF74EB900F008FA0021092000F004FA1A
:106F5000FFF72FB900F000FA0021092000F0FCF93A
:106F6000FFF710B900F0F8F90021092000F0F4F95A
:106F7000FFF7F1B800F0F0F90021092000F0ECF97A
:106F8000FFF7C3B800F0E8F90021092000F0E4F9A8
:106F9000FFF7A4B800F0E0F90021092000F0DCF9C7
:106FA000FFF785B800F0D8F90021092000F0D4F9E6
:106FB000FFF766B800F0D0F90021092000F0CCF905
:106FC000FFF747B800F0C8F90021092000F0C4F924
:106FD000FFF728B800F0C0F90021092000F0BCF943
:106FE000FFF703B800F0B8F90021092000F0B4F968
:106FF000FEF7E4BF00F0B0F90021092000F0ACF981
:10700000FEF7C5BF00F0A8F90021092000F0A4F99F
:10701000FEF7A6BF00F0A0F90021092000F09CF9BE
:10702000FEF787BF00F098F90021092000F094F9DD
:10703000FEF768BF00F090F90021092000F08CF9FC
:10704000FEF749BF00F088F90021092000F084F91B
:10705000FEF72ABF00F080F90021092000F07CF93A
:10706000FEF70BBF00F078F90021092000F074F959
:10707000FEF7DDBE00F070F90021092000F06CF988
:10708000FEF7AFBE00F068F90021092000F064F9B6
:10709000FEF781BE00F060F90021092000F05CF9E4
:1070A000FEF762BE00F058F90021092000F054F903
:1070B000FEF743BE00F050F92946092000F04CF9D4
:1070C000FFF718BA00F048F90021092000F044F950
:1070D000C7E600F041F90021092000F03DF99AE6E9
:1070E00000F03AF90021092000F036F97CE600F0C2
:1070F00033F90021092000F02FF95EE600F02CF9A9
:107100000021092000F028F940E600F025F90021CF
:10711000092000F021F922E600F01EF900210920E3
:1071200000F01AF904E600F017F90021092000F038
:1071300013F9E6E500F010F90021092000F00CF940
:10714000C8E500F009F90021092000F005F9AAE5D9
:1071500000F002F90021092000F0FEF88CE500F0B3
:10716000FBF80021092000F0F7F86EE500F0F4F8D4
:107170000021092000F0F0F850E500F0EDF80021C2
:10718000092000F0E9F832E500F0E6F800210920D6
:1071900000F0E2F814E500F0DFF80021092000F02B
:1071A000DBF8E7E400F0D8F80021092000F0D4F87B
:1071B000C9E400F0D1F80021092000F0CDF8ABE4DB
:1071C00000F0CAF80021092000F0C6F88DE400F0B4
:1071D000C3F80021092000F0BFF86FE400F0BCF80C
:1071E0000021092000F0B8F851E400F0B5F80021C2
:1071F000092000F0B1F833E400F0AEF800210920D6
:1072000000F0AAF815E400F0A7F80021092000F02A
:10721000A3F8FFF7F7BB00F09FF80021092000F06A
:107220009BF8FFF7D8BB00F097F80021092000F089
:1072300093F8FFF7B9BB00F08FF80021092000F0A8
:107240008BF8FFF79ABB00F087F80021092000F0C7
:1072500083F8FFF77BBB00F07FF80021092000F0E6
:107260007BF8FFF75CBB00F077F80021092000F005
:1072700073F8FFF72EBB00F06FF80021092000F033
:107280006BF8FFF70FBB00F067F80021092000F052
:1072900063F8FFF7E1BA00F05FF80021092000F081
:1072A0005BF8FFF7B3BA00F057F80021092000F0AF
:1072B00053F8FFF785BA00F04FF80021092000F0DD
:1072C0004BF8FFF757BA00F047F80021092000F00B
:1072D00043F8FFF729BA00F03FF80021092000F039
:1072E0003BF8FFF7FBB900F037F80021092000F068
:1072F00033F8FFF7CDB900F02FF80021092000F096
:107300002BF8FFF79FB900F027F80021092000F0C3
:1073100023F8FFF780B900F01FF80021092000F0E2
:107320001BF8FFF761B900F017F80021092000F001
:1073300013F8FFF742B900F00FF80021092000F020
:107340000BF8FFF723B900F007F80021092000F03F
:1073500003F8FFF7F5B800BF003918BF012141EC71
:10736000400070472DE9F8430F20F8F7FDFF0F2389
:107370004FF0010242EC44300820F8F7F5FF0823F3
:107380004FF0010242EC44300D20F8F7EDFF0D25DF
:107390004FF0010343EC44500920F8F7E5FF0926BC
:1073A0004FF0010343EC44601020F8F7DDFF102795
:1073B0004FF0010343EC44701120F8F7D5FF4FF074
:1073C0001108002343EC44801620F8F7CDFF162463
:1073D0004FF0010343EC4440002240460121F8F7FE
:1073E000B1FF012343EC407043EC406043EC40505C
:1073F00043EC4040BDE8F88308B5FCF713F8FFF70D
:10740000B1FF09490948FEF79BFA01210A20F8F764
:107410007BFF01210B20F8F777FF01210C20F8F703
:1074200073FF002008BD00BF00093D000080084038
:1074300000B585B08DF8070001230DF10F020DF1A5
:107440000701034800F058F89DF80F0005B000BD93
:1074500000800840F9F7F4BD20F0030110F00300AC
:10746000C0F1000051F8043B00F1040C4FEACC0CD1
:107470006FF000021CBF22FA0CF213434FF0010C14
:107480004CEA0C2C4CEA0C4CA3EB0C0222EA030253
:1074900012EACC1204BF51F8043B0430F4D0C2F11C
:1074A000000102EA0102B2FA82F2C2F11F0200EB0D
:1074B000D2007047000000005FF800F02D0E0020A1
:1074C0005FF800F0290200205FF800F0F1010020D1
:1074D0005FF800F0B10A00205FF800F0550A0020C4
:1074E0005FF800F0A90200205FF800F061020020C0
:1074F0005FF800F0110100205FF800F0AD0D0020F2
:107500005FF800F0A11100205FF800F029120020C0
:107510005FF800F0F90A00205FF800F07D0A002013
:10752000A91600102116001051160010391700106E
:1075300089160010A9150010D1160010951500101D
:107540002D090010D5160010FD0C0010F1150010CB
:10755000BD1600106D160010FD040010250500106A
:04756000893A001054
:107568000A3D3D3D207265676973746572206475D4
:107578006D70206166746572206B6E6F776E2D7703
:107588006F726B696E67204C43445F496E6974285B
:1075980029203D3D3D000000525354004750494FBB
:1075A800252D326C752028252D3473293A20435413
:1075B800524C3D30782530386C7820205041443D7D
:1075C80030782530386C780A000000004443000009
:1075D80043530000434C4B004D4F534900000000FB
:1075E8004D49534F0000000054505F4353000000C2
:1075F80053445F4353000000535049313A204352EB
:10760800303D30782530386C78204352313D307821
:107618002530386C7820435053523D307825303827
:107628006C7820444D4143523D30782530386C7891
:107638000A000000434C4F434B533A20434C4B5FE6
:10764800504552495F4354524C3D30782530386C90
:10765800780A00005245534554533A205245534541
:10766800543D30782530386C782052455345545F66
:10767800444F4E453D30782530386C780A0000007C
:107688000A2A2A2A2050414E4943202A2A2A0A0037
:107698004E6F207370696E6C6F636B7320617265D7
:1076A80020617661696C61626C6500004E6F2075BF
:1076B8007365722049525173206172652061766149
:1076C800696C61626C65000048617264776172651B
:1076D80020616C61726D20256420616C7265616443
:1076E8007920636C61696D656400000048617264AB
:1076F800206173736572740052656C65617365000F
:10770800626F6F74325F7732357130383000000045
:10771800322E332E300000007069636F325F7700BD
:1077280072656764756D700053657020313420325E
:1077380030323600666E692B00000000666E690004
:107748006E616E00666E692D000000005553422080
:10775800737464696E202F207374646F75740000ED
:10776800526173706265727279205069000000007E
:107778005069636F00000000426F617264204344E7
:10778800430000005265736574000000556E68611F
:107798006E646C65642049525120307825780A005F
:1077A800657020253032582077617320616C7265CE
:1077B80061647920617661696C61626C65000000C2
:1077C80043616E277420636F6E74696E75652078E7
:1077D800666572206F6E20696E61637469766520D4
:1077E800657020253032580006005250D3F075429B
:1077F8000077001006005250E182887F0877001059
:1078080006005250ABB36053187700100600525070
:10781800BBFF3CB62077001006005250861C0302BE
:1078280028770010060052505422A29D307700108D
:1078380005005250DE65F468688D001000000000F5
:10784800000000000000F03F00000000000024409D
:1078580000000000000059400000000000408F4078
:10786800000000000088C34000000000006AF840E3
:107878000000000080842E4100000000D012634107
:107888000000000084D797410000000065CDCD417D
:107898000D0A00000600525053B4F4A154770010AA
:1078A8000000000068770010787700103C1D002069
:1078B800807700108C7700100902540003010080C3
:1078C8007D080B0002020200000904000001020208
:1078D80000040524002001052401000104240206F7
:1078E80005240600010705810308001009040100AA
:1078F800020A000000070502024000000705820294
:107908004000000904020000FF00010512011002F6
:10791800EF0201408A2E0900000101020301000064
:107928000A00000000000306A6000800020002008A
:107938009C001400030057494E55534200000000B4
:10794800000000000000800004000100280044003E
:107958006500760069006300650049006E007400E8
:10796800650072006600610063006500470055000D
:107978004900440000004E007B00620063003700AD
:10798800330039003800630031002D003700330020
:10799800630064002D0034006300620037002D008E
:1079A80039003800620038002D00390031003300FA
:1079B80061003800660063006100370062006600FD
:1079C80036007D0000000000050F2100011C100595
:1079D80000DF60DDD88945C74C9CD2659D9E648ACE
:1079E8009F00000306A60001000000000000000040
:1079F800453C001000000000493C0010553C0010B8
:107A0800813C00107D3C00100000000000000000D8
:107A18005D4F0010D14F0010015000105150001060
:0C7A280021510010F1510010000000007E
:087A34002894FF0F010000007F
:107A3C00F0770010FC770010087800101478001014
:107A4C00207800102C780010387800109C780010EA
:107A5C00034600B50268EFF3108C72B6D2E8CFEF94
:107A6C000120BEF1000FF9D1C2E84E0FBEF1000F9C
:107A7C00F4D1BFF35F8F93F90420002A09DB01B125
:107A8C000A60002000221B68C3E88F2F8CF310883B
:107A9C0000BD4FF05042126801201A71F2E700BF8E
:107AAC004FF050412DE9F8431F460B68044616462B
:107ABC0000259946DFF874802368EFF3108272B6C4
:107ACC00D3E8CF0F01210028FAD1C3E8401F0028CA
:107ADC00F6D1BFF35F8F94F904302168002B1BDBC8
:107AEC0098F80030DBB2C1E88F5F82F3108898F809
:107AFC0000209A4208D03046394601F0ADF80028F3
:107B0C00DAD00020BDE8F88320BF3046394601F0BA
:107B1C00A3F80028D0D0F4E7002384F80490C1E83F
:107B2C008F3F82F310880120BDE8F883531D00209D
:107B3C0070B582B001A9064614461D46FFF788FFB2
:107B4C0038B94FF050439DF9042093F900309A4214
:107B5C0001D102B070BD22462B46304602B0BDE8C2
:107B6C007040FFF79DBF00BF70B505460C4601F095
:107B7C0077F802460B464FF47A704FF0FF3E6FF0E9
:107B8C00004CE4FB002396457CEB030138BF7246A6
:107B9C002846BDE8704038BF6346FFF781BF00BF81
:107BAC000368EFF3108172B6D3E8CFCF0122BCF19A
:107BBC00000FF9D1C3E84C2FBCF1000FF4D1BFF387
:107BCC005F8F4FF0FF0C074A80F804C01378013325
:107BDC00137000230268C2E88F3F81F3108840BF06
:107BEC00704700BF531D0020002108B5134B4FF404
:107BFC00707299601248D960196159619961D961A3
:107C0C00196259629962D962196359639963D9638C
:107C1C00196459649964D964196559659965D9656C
:107C2C00196659669966D966196759679967D9674C
:107C3C0000F056FF034B044A1A6008BD00001050B8
:107C4C0028190020F01C0020800110502DE9F0476D
:107C5C001E4B84B0D3F858A0BAF1000F21D00024E9
:107C6C0001254FF4E069DFF86C80194F05E0013411
:107C7C00E4B2202C4FEA450513D01AEA050FF6D0D2
:107C8C00E34304F0FE0603F001031E4407EB461623
:107C9C003046C8F8585000F001FC28B93AEA050AF9
:107CAC00E5D104B0BDE8F087B378F28A8DF80830DE
:107CBC00002301A80121ADF8049003928DF809303E
:107CCC0000F00AFC304600F08DFBE7E70000115095
:107CDC00E81800200030115070B5B24B86B0D3F8C4
:107CEC00984014F4003574D0AF4AB04B906A93F8B6
:107CFC003B20AF49022A086000F0E680002593F88B
:107D0C007B20022A00F0B28193F8BB20022A00F0FB
:107D1C00A28193F8FB20022A00F0928193F83B2178
:107D2C00022A00F0818193F87B21022A00F07181F4
:107D3C0093F8BB21022A00F0618193F8FB21022AFF
:107D4C0000F0508193F83B22022A00F03F8193F817
:107D5C007B22022A00F01A8193F8BB22022A00F03F
:107D6C00098193F8FB22022A00F0F88093F83B2358
:107D7C00022A00F0E78093F87B23022A00F0B780F8
:107D8C0093F8BB23022A00F07C8193F8FB23022A90
:107D9C0000F0C7803DB9874B1B7823B94FF40032F4
:107DAC00854BC3F890204FF440727E4B01219B6CA5
:107DBC0003A8C3F30A030493ADF80C2000F08CFB6A
:107DCC00E3064FF400357D4E07D5FFF73FFF3546F0
:107DDC0003E0E3064FF01006F7D4E0031DD573481B
:107DEC000226837E45F4803533BB4FF00103012E10
:107DFC00C37000F120001BD14FF4C062704BADF882
:107E0C000C2093E80300CDE90401314603A800F0EF
:107E1C0063FB4FF40032684B1A65E1043ED46204F4
:107E2C002ED423041DD4A54240F0BB8106B070BDF6
:107E3C00837E0126002BD8D0624B5A4A1E66536EA5
:107E4C0036EA0303FBD14FF440520021019000F0BD
:107E5C00CFFA019800F0C6FA574B01985E661E6681
:107E6C00C3E74FF4A063012103A8ADF80C3000F078
:107E7C0033FB4FF40062504B45F400451A65D2E7D2
:107E8C004FF48063012103A8ADF80C3000F024FB03
:107E9C001022494B45F480451A65C2E70026414B38
:107EAC0045F480551E60FFF79FFE4FF4807301214F
:107EBC0003A8ADF80C308DF8106000F00DFB4FF4FA
:107ECC0000223D4B1A65AAE793F83A50002D3FF477
:107EDC0016AF93F83C20002A3FF411AF002203F1B7
:107EEC00200083F83C2000F0A7FA304B07E793F80A
:107EFC007A63002E3FF444AF93F87C23002A40F0C1
:107F0C00408193F8BB23022A40F0C48093F8BA2333
:107F1C00002A40F0BB8093F8FB23022A7FF443AF86
:107F2C00354693F8FA23002A3FF434AF93F8FC2338
:107F3C00002A3FF438AF0022234883F8FC2300F0DA
:107F4C007BFA30E793F83A63002E3FF414AF93F8C2
:107F5C003C23002A40F0A98035460CE793F8FA62DE
:107F6C00002E3FF403AF93F8FC22002A40F0AF80C0
:107F7C003546FBE693F8BA62002E3FF4F2AE93F866
:107F8C00BC22002A40F09A803546EAE693F87A62E1
:107F9C00002E3FF4E1AE93F87C22002A40F0CD8015
:107FAC003546D9E60000115000000B40E8180020BF
:107FBC00E01800204E1D002000301150100002006F
:107FCC000000105000201150C81C002093F83A6299
:107FDC00002E3FF4BCAE93F83C22002A40F0A48063
:107FEC003546B4E693F8FA61002E3FF4ABAE93F845
:107FFC00FC21002A40F08F803546A3E693F8BA6145
:10800C00002E3FF49AAE93F8BC21002A7AD1354663
:10801C0093E693F87A61002E3FF48AAE93F87C21B4
:10802C00002A66D1354683E693F83A61002E3FF478
:10803C007AAE93F83C21002A40F09180354672E6E6
:10804C0093F8FA60002E3FF469AE93F8FC20002AF6
:10805C007CD1354662E693F8BA60002E3FF459AEF7
:10806C0093F8BC20002A3BD1354652E693F87A604F
:10807C00002E3FF449AE93F87C20002A78D1354687
:10808C0042E693F8BA23002A3FF47FAE93F8BC2360
:10809C00002A7ED193F8FB23022A7FF484AE93F856
:1080AC00FA23002A3FF47FAE40E700223F4883F8D2
:1080BC003C23354600F0C0F93D4B5CE600223D48C0
:1080CC0083F8BC22354600F0B7F9394B49E600225B
:1080DC00394883F8FC22354600F0AEF9344B45E6BE
:1080EC000022364883F8BC20354600F0A5F9304B09
:1080FC000FE60022324883F87C21354600F09CF9CB
:10810C002B4B15E600222F4883F8BC21354600F096
:10811C0093F9274B11E600222B4883F8FC213546B6
:10812C0000F08AF9224B0DE60022284883F83C2205
:10813C00354600F081F91E4B09E60022244883F8ED
:10814C007C22354600F078F9194B05E600222148CF
:10815C0083F8FC20354600F06FF9154BDEE5002264
:10816C001D4883F83C21354600F066F9104BDAE5E2
:10817C0000221A4883F87C20354600F05DF90C4B40
:10818C00C2E50022164883F87C2300F055F9084B11
:10819C00B7E60022134883F8BC2300F04DF9044BDA
:1081AC0078E7114885EA040100F062FD081C002004
:1081BC00E8180020881B0020C81B0020881900200C
:1081CC00481A0020881A0020C81A0020081B00201A
:1081DC00481B0020C8190020081A0020481900204C
:1081EC00481C0020881C0020947700102DE9F043D7
:1081FC00828AB0F818E003469645C07828BF9646A8
:10820C00041E18BF012480F001000D46A2EB0E02E3
:10821C005978D87092B24EF480609A8240EA443019
:10822C00A1BB1969BEF1000F2CD00EF1FF34DA6836
:10823C00052CA14602EB85182FD9A8EB0104013CB3
:10824C00022CC4460A4628D94FEA9E0701EB870642
:10825C0052F8044B96424CF8044BF9D1BEEB870F05
:10826C000ED011F82720B9EB870108F8272008EB6E
:10827C00870205D074780129547001D0B1789170BF
:10828C0019699A8A7144196140F400400AB940F4A2
:10829C00804005B10004BDE8F08308F1FF3201EB2A
:1082AC000E0611F8014BB14202F8014FF9D1E7E784
:1082BC0083682DE9F0410546186801B1000C6A7815
:1082CC00C0F309004AB9EB8A0344EB822B8B83423F
:1082DC0084BF0023AB82BDE8F081D5F810C088B311
:1082EC00421EEB68052A164603EB811E31D9890123
:1082FC004C1C1C44ACEB0404022C624629D900F43F
:10830C007F7173460F464FEA90085C1853F8041BB4
:10831C00A34242F8041BF9D1B84211D01EF8283000
:10832C00BE440CF82830F31BBC4409D09EF8012045
:10833C00012B8CF8012003D09EF802308CF802300F
:10834C00D5F810C0EA8A0CEB00030244EA822B61D8
:10835C00BCE70CF1FF3C0EEB00021EF8013B724532
:10836C000CF8013FF9D1EBE710B504468368002106
:10837C001B68FFF79DFF63681B685B0002D5238BAE
:10838C00834200D010BD2046BDE810400121FFF70C
:10839C008FBF00BF084B1B6C13F0020302D1827815
:1083AC00D20901D100207047C07EA0F10200B0FAC2
:1083BC0080F04009704700BF0000115008B5FFF76E
:1083CC00E9FF50B1054A064B906A1B68A0F548704E
:1083DC00C01AC6288CBF0020012008BD00000B402D
:1083EC00E01800200023C0E904338376704700BFF7
:1083FC0008B5836819B1D3F800C001EA0C018AB141
:10840C00114352050ED51A6852050DD4084A21F4B1
:10841C00806CC3F800C0126C920703D40C23033B8E
:10842C00FDD28368196008BD8178024800F020FCF9
:10843C0000001150A877001030B54368002183B0BC
:10844C0005461C68FFF7D2FE134B40F48052196CA2
:10845C00AB7889070ED55B060ED024F0A04444F00F
:10846C000054002128466B681C6003B0BDE8304006
:10847C00FFF7BEBFDB09F0D0AB8A002BEDD001219A
:10848C0028460192FFF7B2FE019A24F000540243F1
:10849C0044F0A044E5E700BF0000115038B5857EDC
:1084AC00044695B1FFF760FFA38A0BB9284638BD87
:1084BC002046FFF783FF20B10123237700252846B0
:1084CC0038BD2046FFF7B8FFF8E78178014800F087
:1084DC00CFFB00BFC877001070B543780446023B51
:1084EC000E4686B0042B13D8DFE803F003496770FF
:1084FC0044000021774B1A7822F001021A701A7886
:10850C0022F002021A7059701A7861F382021A7002
:10851C00714B1B685A69EFF3108072B6D2E8CFCF5B
:10852C000121BCF1000FF9D1C2E84C1FBCF1000FC6
:10853C00F4D1BFF35F8F214698611846019300F088
:10854C009BFB019B00225969C1E88F2F9B6983F328
:10855C00108840B94FF0E023D3F8F03DDB0707D586
:10856C0000BE06B070BD32466178207800F07CFB0E
:10857C0006B070BD594A137801331370C8E7002256
:10858C00574B1878134611E05649096811EB431301
:10859C0008D0DB6933B12078616801929847504B61
:1085AC00019A18780132D3B2834218D89842EBD88A
:1085BC004D491B1A01EB4313EBE7464B1A78D207D4
:1085CC00D6D51A7842F004021A70A1E7414B1A78FA
:1085DC00D507CDD51A7822F004021A7098E73D4BD6
:1085EC001A78500733D4DB78DA07C1D503223A4B1B
:1085FC00207861681B688DF80C008DF80D205A6985
:10860C000491EFF3108172B6D2E8CF4F0120002C09
:10861C00FAD1C2E8440F002CF6D1BFF35F8F9961F9
:10862C00184603A9019300F027FB019B002259690E
:10863C00C1E88F2F9B6983F3108800288AD03246BB
:10864C009DF80D109DF80C0000F00EFB90E7002536
:10865C0005201978CDE9045521F004010395197012
:10866C008DF80D001C4A217812688DF80C10516998
:10867C00EFF3108072B6D1E8CFEF5FF0010CBEF1D2
:10868C00000FF8D1C1E84ECFBEF1000FF3D1BFF30C
:10869C005F8F906103A91046019200F0EDFA019AE8
:1086AC005169C1E88F5F926982F31088094B38B920
:1086BC004FF0E022D2F8F02DD10794D500BE92E70E
:1086CC0032469DF80D109DF80C0000F0CDFA014BD0
:1086DC0089E700BF60170020B81700204F1D00204D
:1086EC004D1D002058160020147A001030B50C4691
:1086FC0019469E46F1B1B3B1D0F80CC003F1080590
:10870C001CF0020F05D0A9422CD214F8015B013BDE
:10871C008560C5686D07EED58568013902F8015B87
:10872C000029E8D106E0C5686D07F5D4C5686D076A
:10873C00F2D4F8E76BB1C2689107FCD513F1080FBE
:10874C0009D0214611F8012B013B0C468260002B0D
:10875C00F1D1704630BDC2689207ECD5C268920761
:10876C00F9D4E8E7C5686D07D6D4C5E753B94AB95B
:10877C00002908BF00281CBF4FF0FF314FF0FF301D
:10878C0000F0ACB9ADF1080C6DE904CE00F006F8C0
:10879C00DDF804E0DDE9022304B070472DE9F04771
:1087AC00064682B0174608460A9AB4460D46002B78
:1087BC004DD18F42BE4665D9B7FA87F149B1C1F1A7
:1087CC0020038D4007FA01FE06FA01FC26FA03F39A
:1087DC001D434FEA1E461FFA8EF04FEA1C43B5FBB1
:1087EC00F6F406FB145543EA054304FB00F59D42E1
:1087FC0006D91EEB030302D29D4200F24C81013CD0
:10880C005B1B1FFA8CFCB3FBF6F506FB153305FB63
:10881C0000F04CEA034C60450AD91EEB0C0C2CBF43
:10882C0001230023604502D9002B00F03781013D64
:10883C00ACEB000C45EA0440002422B12CFA01F305
:10884C000021C2E90031214602B0BDE8F0878B421D
:10885C0008D90AB1C2E9006100242046214602B0C1
:10886C00BDE8F087B3FA83F4002C4DD18B42C0F0F5
:10887C000581B74240F202812046002AE3D0C2E9CA
:10888C0000C5E0E7002F00F0A2801946B7FA87F385
:10889C00002B40F0B480C31B1FFA8EF83F0C012450
:1088AC004FEA1C40B3FBF7F507FB153340EA0343D3
:1088BC0008FB05F098420AD91EEB03032CBF0126D6
:1088CC000026984202D9002E00F0E280013D1B1ACE
:1088DC001FFA8CFCB3FBF7F007FB10334CEA034C8C
:1088EC0008FB00F363450AD91EEB0C0C2CBF0126C8
:1088FC000026634502D9002E00F0C7800138ACEB8E
:10890C00030C40EA054098E7C4F12008A34006FA9E
:10891C0004FAA14027FA08FC20FA08F007FA04F937
:10892C004CEA030C26FA08F34FEA1C460B431FFAD9
:10893C008CFE190CB0FBF6F706FB170041EA004160
:10894C0007FB0EF088420AD91CEB01012CBF012554
:10895C000025884202D9002D00F0B280013F091A8F
:10896C009BB2B1FBF6F006FB101100FB0EFE43EAC6
:10897C0001439E450AD91CEB03032CBF01210021A6
:10898C009E4502D9002900F09E80013840EA07403C
:10899C00A3EB0E03A0FB09E18B4276460F4602D3F4
:1089AC0007D1F24505D2BEEB090661EB0C0101388B
:1089BC000F4652B1BAEB060163EB070303FA08F555
:1089CC00E140E3400D43C2E9005300243BE7730848
:1089DC00B8464908019743EAC0734FEAC67C1C0CA1
:1089EC009BB244EA014443EA0443B4FBF7F4B1FB01
:1089FC00F7F51F21019844EA05441B1A50E7194664
:108A0C0007FA03FEC3F1200300FA01F44FEA1E47F4
:108A1C00D84026FA03F31FFA8EF806FA01FC23431A
:108A2C00B0FBF7F51C0C07FB150044EA004005FBF6
:108A3C0008F484424AD91EEB00002CBF0126002604
:108A4C00844200D98EB3001B013DB0FBF7F404FB4C
:108A5C0008F6A146019607FB19009BB2019E43EA5A
:108A6C000043B342C6D21EEB03032CBF01200020EF
:108A7C00B34200D2A8B109F1FF34BBE7B6EB070C47
:108A8C0060EB030301201D46F7E6F444023836E799
:108A9C00023D73441BE7023C7344B1E6F444023DCF
:108AAC00C6E6A9F102047344A4E7AEEB0404023D4C
:108ABC002044B0FBF7F404FB08F6A1460196CAE784
:108ACC00023F61444BE7023863445FE7001BB0FB95
:108ADC00F7F404FB08F6A1460196BCE7704700BF0B
:108AEC0030B584078646034606D0A2B303F8011BB3
:108AFC00980702F1FF32F8D1032A26D95FFA81FCDC
:108B0C000F2A0CEB0C2C0CEB0C402AD922F00F0C7E
:108B1C009C44C3E90000C3E9020010336345F8D15B
:108B2C0012F00C0F02F00F0517D04FEA950C1A46F5
:108B3C000CF1FF3403EB8C0C42F8040B6245FBD1B7
:108B4C00043305F0030203EB840322B11A4403F847
:108B5C00011B9A42FBD1704630BD2A46002AF5D142
:108B6C00F9E71546E1E700BF844641EA000313F03C
:108B7C00030349D1403A23D30B6803604B6843602D
:108B8C008B688360CB68C3600B6903614B6943617D
:108B9C008B698361CB69C3610B6A03624B6A436265
:108BAC008B6A8362CB6AC3620B6B03634B6B43634D
:108BBC008B6B8363CB6BC36340304031403ADBD269
:108BCC0030320BD30B6803604B6843608B68836057
:108BDC00CB68C36010301031103AF3D20C3205D38D
:108BEC0051F8043B40F8043B043AF9D2043208D063
:108BFC00D2071CBF11F8013B00F8013B01D30B88D5
:108C0C0003806046704700BF082A13D38B07B1D08E
:108C1C0010F00303AED0C3F10403D21ADB071CBF60
:108C2C0011F8013B00F8013BA4D331F8023B20F8CA
:108C3C00023B9FE7043AD9D3013A11F8013B00F803
:108C4C00013BF9D20B7803704B7843708B788370AF
:108C5C0060467047000000005FF800F0391100100A
:108C6C005FF800F0991200105FF800F095400010CA
:108C7C005FF800F0B50300105FF800F0D556001057
:108C8C0010000000000000000000010000000000C7
:108C9C0000000000000002000000000000000000C6
:108CAC0000000300000000000000000000000400B1
:108CBC0000000000000000000000050000000000A3
:108CCC00000000000000FF000000000001B5486833
:108CDC0001318E460047704609380149884701BD6D
:108CEC001108001000000000FFFFFFFFFFFFFF7FD7
:108CFC000000000000000000000000000000000068
:108D0C0000000000D014002031370010DD360010B8
:108D1C0055360010C53500100000000000010000A1
:108D2C00BC17002010000C00000000000000000028
:108D3C00000000000000000000000000FF00000028
:088D4C0000000000000000001F
:108D5400D3DEFFFFFE010000FF010000E473FFFF0C
:048D6400793512ABA0
:040000051000014D99
:00000001FF
