
/Users/robert/Library/Mobile Documents/com~apple~CloudDocs/Documents/TinyOS/resources/c/build_pico2/regdump.elf:     file format elf32-littlearm

Sections:
Idx Name          Size      VMA       LMA       File off  Algn
  0 .text         00007564  10000000  10000000  00001000  2**3
                  CONTENTS, ALLOC, LOAD, READONLY, CODE
  1 .rodata       000004cc  10007568  10007568  00008568  2**3
                  CONTENTS, ALLOC, LOAD, READONLY, DATA
  2 .ARM.exidx    00000008  10007a34  10007a34  00008a34  2**2
                  CONTENTS, ALLOC, LOAD, READONLY, DATA
  3 .binary_info  00000020  10007a3c  10007a3c  00008a3c  2**2
                  CONTENTS, ALLOC, LOAD, READONLY, DATA
  4 .psram_load   00000000  11000000  11000000  0000ad68  2**0
                  CONTENTS
  5 .psram_noload 00000000  11000000  11000000  0000ad68  2**0
                  CONTENTS
  6 .xip_ram      00000000  13ffc000  13ffc000  0000ad68  2**0
                  CONTENTS
  7 .ram_vector_table 00000110  20000000  20000000  0000b000  2**2
                  ALLOC
  8 .uninitialized_data 00000000  20000110  20000110  0000ad68  2**0
                  CONTENTS
  9 .data         000012f8  20000110  10007a5c  00009110  2**3
                  CONTENTS, ALLOC, LOAD, READONLY, CODE
 10 .tdata        00000000  20001408  20001408  0000ad68  2**0
                  CONTENTS, ALLOC, LOAD, DATA, THREAD_LOCAL
 11 .tbss         00000000  20001408  20001408  00000000  2**0
                  ALLOC, THREAD_LOCAL
 12 .tbss_space   00000000  20001408  20001408  0000ad68  2**0
                  CONTENTS
 13 .bss          00000950  20001408  10008d54  0000b408  2**3
                  ALLOC
 14 .tls0         00000000  20001d58  20001d58  0000ad68  2**0
                  CONTENTS
 15 .tls1         00000000  20001d58  20001d58  0000ad68  2**0
                  CONTENTS
 16 .persistent_data 00000000  20001d58  20001d58  0000ad68  2**0
                  CONTENTS
 17 .dummy_pre_heap 00000000  20001d58  20001d58  0000ad68  2**0
                  CONTENTS
 18 .heap         00000800  20001d58  20001d58  0000b000  2**2
                  ALLOC, READONLY
 19 .scratch_x    00000000  20080000  20080000  0000ad68  2**0
                  CONTENTS
 20 .scratch_y    00000000  20081000  20081000  0000ad68  2**0
                  CONTENTS
 21 .stack_dummy  00000800  20081000  20081000  0000b000  2**5
                  ALLOC, READONLY
 22 .flash_end    00000014  10008d54  10008d54  0000ad54  2**2
                  CONTENTS, ALLOC, LOAD, READONLY, DATA
 23 .debug_info   0003bd07  00000000  00000000  0000ad68  2**0
                  CONTENTS, READONLY, DEBUGGING, OCTETS
 24 .debug_abbrev 00009461  00000000  00000000  00046a6f  2**0
                  CONTENTS, READONLY, DEBUGGING, OCTETS
 25 .debug_loclists 0001af4b  00000000  00000000  0004fed0  2**0
                  CONTENTS, READONLY, DEBUGGING, OCTETS
 26 .debug_aranges 00001388  00000000  00000000  0006ae20  2**3
                  CONTENTS, READONLY, DEBUGGING, OCTETS
 27 .debug_rnglists 00005629  00000000  00000000  0006c1a8  2**0
                  CONTENTS, READONLY, DEBUGGING, OCTETS
 28 .debug_line   0002372c  00000000  00000000  000717d1  2**0
                  CONTENTS, READONLY, DEBUGGING, OCTETS
 29 .debug_str    00009b6f  00000000  00000000  00094efd  2**0
                  CONTENTS, READONLY, DEBUGGING, OCTETS
 30 .comment      00000046  00000000  00000000  0009ea6c  2**0
                  CONTENTS, READONLY
 31 .ARM.attributes 00000036  00000000  00000000  0009eab2  2**0
                  CONTENTS, READONLY
 32 .debug_frame  00003430  00000000  00000000  0009eae8  2**2
                  CONTENTS, READONLY, DEBUGGING, OCTETS
 33 .debug_line_str 000002e6  00000000  00000000  000a1f18  2**0
                  CONTENTS, READONLY, DEBUGGING, OCTETS

/Users/robert/Library/Mobile Documents/com~apple~CloudDocs/Documents/TinyOS/resources/c/build_pico2/regdump.elf:     file format elf32-littlearm


Disassembly of section .text:

10000000 <__VECTOR_TABLE>:
10000000:	20082000 	.word	0x20082000
10000004:	1000015b 	.word	0x1000015b
10000008:	1000011b 	.word	0x1000011b
1000000c:	1000011d 	.word	0x1000011d
10000010:	10000111 	.word	0x10000111
10000014:	10000111 	.word	0x10000111
10000018:	10000111 	.word	0x10000111
1000001c:	10000111 	.word	0x10000111
10000020:	10000119 	.word	0x10000119
10000024:	10000119 	.word	0x10000119
10000028:	10000119 	.word	0x10000119
1000002c:	1000011f 	.word	0x1000011f
10000030:	10000111 	.word	0x10000111
10000034:	10000119 	.word	0x10000119
10000038:	10000121 	.word	0x10000121
1000003c:	10000123 	.word	0x10000123
10000040:	10000111 	.word	0x10000111
10000044:	10000111 	.word	0x10000111
10000048:	10000111 	.word	0x10000111
1000004c:	10000111 	.word	0x10000111
10000050:	10000111 	.word	0x10000111
10000054:	10000111 	.word	0x10000111
10000058:	10000111 	.word	0x10000111
1000005c:	10000111 	.word	0x10000111
10000060:	10000111 	.word	0x10000111
10000064:	10000111 	.word	0x10000111
10000068:	10000111 	.word	0x10000111
1000006c:	10000111 	.word	0x10000111
10000070:	10000111 	.word	0x10000111
10000074:	10000111 	.word	0x10000111
10000078:	10000111 	.word	0x10000111
1000007c:	10000111 	.word	0x10000111
10000080:	10000111 	.word	0x10000111
10000084:	10000111 	.word	0x10000111
10000088:	10000111 	.word	0x10000111
1000008c:	10000111 	.word	0x10000111
10000090:	10000111 	.word	0x10000111
10000094:	10000111 	.word	0x10000111
10000098:	10000111 	.word	0x10000111
1000009c:	10000111 	.word	0x10000111
100000a0:	10000111 	.word	0x10000111
100000a4:	10000111 	.word	0x10000111
100000a8:	10000111 	.word	0x10000111
100000ac:	10000111 	.word	0x10000111
100000b0:	10000111 	.word	0x10000111
100000b4:	10000111 	.word	0x10000111
100000b8:	10000111 	.word	0x10000111
100000bc:	10000111 	.word	0x10000111
100000c0:	10000111 	.word	0x10000111
100000c4:	10000111 	.word	0x10000111
100000c8:	10000111 	.word	0x10000111
100000cc:	10000111 	.word	0x10000111
100000d0:	10000111 	.word	0x10000111
100000d4:	10000111 	.word	0x10000111
100000d8:	10000111 	.word	0x10000111
100000dc:	10000111 	.word	0x10000111
100000e0:	10000111 	.word	0x10000111
100000e4:	10000111 	.word	0x10000111
100000e8:	10000111 	.word	0x10000111
100000ec:	10000111 	.word	0x10000111
100000f0:	10000111 	.word	0x10000111
100000f4:	10000111 	.word	0x10000111
100000f8:	10000111 	.word	0x10000111
100000fc:	10000111 	.word	0x10000111
10000100:	10000111 	.word	0x10000111
10000104:	10000111 	.word	0x10000111
10000108:	10000111 	.word	0x10000111
1000010c:	10000111 	.word	0x10000111

10000110 <__unhandled_user_irq>:
10000110:	f3ef 8005 	mrs	r0, IPSR
10000114:	3810      	subs	r0, #16

10000116 <unhandled_user_irq_num_in_r0>:
10000116:	be00      	bkpt	0x0000

10000118 <isr_invalid>:
10000118:	be00      	bkpt	0x0000

1000011a <isr_nmi>:
1000011a:	be00      	bkpt	0x0000

1000011c <isr_hardfault>:
1000011c:	be00      	bkpt	0x0000

1000011e <isr_svcall>:
1000011e:	be00      	bkpt	0x0000

10000120 <isr_pendsv>:
10000120:	be00      	bkpt	0x0000

10000122 <isr_systick>:
10000122:	be00      	bkpt	0x0000

10000124 <__default_isrs_end>:
10000124:	7188ebf2 	.word	0x7188ebf2
10000128:	10007a3c 	.word	0x10007a3c
1000012c:	10007a5c 	.word	0x10007a5c
10000130:	1000019c 	.word	0x1000019c
10000134:	e71aa390 	.word	0xe71aa390

10000138 <__binary_info_header_end>:
10000138:	ffffded3 	.word	0xffffded3
1000013c:	10210142 	.word	0x10210142
10000140:	000001ff 	.word	0x000001ff
10000144:	00008c1c 	.word	0x00008c1c
10000148:	ab123579 	.word	0xab123579

1000014c <_entry_point>:
1000014c:	2000      	movs	r0, #0

1000014e <_enter_vtable_in_r0>:
1000014e:	491e      	ldr	r1, [pc, #120]	@ (100001c8 <data_cpy_table+0x2c>)
10000150:	6008      	str	r0, [r1, #0]
10000152:	c806      	ldmia	r0!, {r1, r2}
10000154:	f381 8808 	msr	MSP, r1
10000158:	4710      	bx	r2

1000015a <_reset_handler>:
1000015a:	f04f 4050 	mov.w	r0, #3489660928	@ 0xd0000000
1000015e:	6800      	ldr	r0, [r0, #0]
10000160:	b108      	cbz	r0, 10000166 <hold_non_core0_in_bootrom+0x4>

10000162 <hold_non_core0_in_bootrom>:
10000162:	2000      	movs	r0, #0
10000164:	e7f3      	b.n	1000014e <_enter_vtable_in_r0>
10000166:	a40d      	add	r4, pc, #52	@ (adr r4, 1000019c <data_cpy_table>)
10000168:	cc0e      	ldmia	r4!, {r1, r2, r3}
1000016a:	2900      	cmp	r1, #0
1000016c:	d002      	beq.n	10000174 <hold_non_core0_in_bootrom+0x12>
1000016e:	f000 f812 	bl	10000196 <data_cpy>
10000172:	e7f9      	b.n	10000168 <hold_non_core0_in_bootrom+0x6>
10000174:	4915      	ldr	r1, [pc, #84]	@ (100001cc <data_cpy_table+0x30>)
10000176:	4a16      	ldr	r2, [pc, #88]	@ (100001d0 <data_cpy_table+0x34>)
10000178:	2000      	movs	r0, #0
1000017a:	e000      	b.n	1000017e <bss_fill_test>

1000017c <bss_fill_loop>:
1000017c:	c101      	stmia	r1!, {r0}

1000017e <bss_fill_test>:
1000017e:	4291      	cmp	r1, r2
10000180:	d1fc      	bne.n	1000017c <bss_fill_loop>

10000182 <platform_entry>:
10000182:	4914      	ldr	r1, [pc, #80]	@ (100001d4 <data_cpy_table+0x38>)
10000184:	4788      	blx	r1
10000186:	4914      	ldr	r1, [pc, #80]	@ (100001d8 <data_cpy_table+0x3c>)
10000188:	4788      	blx	r1
1000018a:	4914      	ldr	r1, [pc, #80]	@ (100001dc <data_cpy_table+0x40>)
1000018c:	4788      	blx	r1
1000018e:	be00      	bkpt	0x0000
10000190:	e7fd      	b.n	1000018e <platform_entry+0xc>

10000192 <data_cpy_loop>:
10000192:	c901      	ldmia	r1!, {r0}
10000194:	c201      	stmia	r2!, {r0}

10000196 <data_cpy>:
10000196:	429a      	cmp	r2, r3
10000198:	d3fb      	bcc.n	10000192 <data_cpy_loop>

1000019a <data_cpy_done>:
1000019a:	4770      	bx	lr

1000019c <data_cpy_table>:
1000019c:	10007a5c 	.word	0x10007a5c
100001a0:	20000110 	.word	0x20000110
100001a4:	20001408 	.word	0x20001408
100001a8:	10008d54 	.word	0x10008d54
100001ac:	20080000 	.word	0x20080000
100001b0:	20080000 	.word	0x20080000
100001b4:	10008d54 	.word	0x10008d54
100001b8:	20081000 	.word	0x20081000
100001bc:	20081000 	.word	0x20081000
100001c0:	00000000 	.word	0x00000000
100001c4:	4770      	bx	lr
100001c6:	0000      	.short	0x0000
100001c8:	e000ed08 	.word	0xe000ed08
100001cc:	20001408 	.word	0x20001408
100001d0:	20001d58 	.word	0x20001d58
100001d4:	100031d1 	.word	0x100031d1
100001d8:	100001e1 	.word	0x100001e1
100001dc:	100031c9 	.word	0x100031c9

100001e0 <main>:
100001e0:	b500      	push	{lr}
100001e2:	b083      	sub	sp, #12
100001e4:	f003 f91e 	bl	10003424 <stdio_init_all>
100001e8:	f640 30b8 	movw	r0, #3000	@ 0xbb8
100001ec:	f000 ff28 	bl	10001040 <sleep_ms>
100001f0:	f007 f902 	bl	100073f8 <System_Init>
100001f4:	f44f 7148 	mov.w	r1, #800	@ 0x320
100001f8:	2000      	movs	r0, #0
100001fa:	f005 fd0d 	bl	10005c18 <LCD_Init>
100001fe:	4d30      	ldr	r5, [pc, #192]	@ (100002c0 <main+0xe0>)
10000200:	4c30      	ldr	r4, [pc, #192]	@ (100002c4 <main+0xe4>)
10000202:	4831      	ldr	r0, [pc, #196]	@ (100002c8 <main+0xe8>)
10000204:	f003 f952 	bl	100034ac <__wrap_puts>
10000208:	6feb      	ldr	r3, [r5, #124]	@ 0x7c
1000020a:	6c26      	ldr	r6, [r4, #64]	@ 0x40
1000020c:	210f      	movs	r1, #15
1000020e:	9600      	str	r6, [sp, #0]
10000210:	4a2e      	ldr	r2, [pc, #184]	@ (100002cc <main+0xec>)
10000212:	482f      	ldr	r0, [pc, #188]	@ (100002d0 <main+0xf0>)
10000214:	f003 f9c8 	bl	100035a8 <__wrap_printf>
10000218:	6c6b      	ldr	r3, [r5, #68]	@ 0x44
1000021a:	6a66      	ldr	r6, [r4, #36]	@ 0x24
1000021c:	2108      	movs	r1, #8
1000021e:	9600      	str	r6, [sp, #0]
10000220:	4a2c      	ldr	r2, [pc, #176]	@ (100002d4 <main+0xf4>)
10000222:	482b      	ldr	r0, [pc, #172]	@ (100002d0 <main+0xf0>)
10000224:	f003 f9c0 	bl	100035a8 <__wrap_printf>
10000228:	6ceb      	ldr	r3, [r5, #76]	@ 0x4c
1000022a:	6aa6      	ldr	r6, [r4, #40]	@ 0x28
1000022c:	2109      	movs	r1, #9
1000022e:	9600      	str	r6, [sp, #0]
10000230:	4a29      	ldr	r2, [pc, #164]	@ (100002d8 <main+0xf8>)
10000232:	4827      	ldr	r0, [pc, #156]	@ (100002d0 <main+0xf0>)
10000234:	f003 f9b8 	bl	100035a8 <__wrap_printf>
10000238:	6d6b      	ldr	r3, [r5, #84]	@ 0x54
1000023a:	6ae6      	ldr	r6, [r4, #44]	@ 0x2c
1000023c:	210a      	movs	r1, #10
1000023e:	9600      	str	r6, [sp, #0]
10000240:	4a26      	ldr	r2, [pc, #152]	@ (100002dc <main+0xfc>)
10000242:	4823      	ldr	r0, [pc, #140]	@ (100002d0 <main+0xf0>)
10000244:	f003 f9b0 	bl	100035a8 <__wrap_printf>
10000248:	6deb      	ldr	r3, [r5, #92]	@ 0x5c
1000024a:	6b26      	ldr	r6, [r4, #48]	@ 0x30
1000024c:	210b      	movs	r1, #11
1000024e:	9600      	str	r6, [sp, #0]
10000250:	4a23      	ldr	r2, [pc, #140]	@ (100002e0 <main+0x100>)
10000252:	481f      	ldr	r0, [pc, #124]	@ (100002d0 <main+0xf0>)
10000254:	f003 f9a8 	bl	100035a8 <__wrap_printf>
10000258:	6e6b      	ldr	r3, [r5, #100]	@ 0x64
1000025a:	6b66      	ldr	r6, [r4, #52]	@ 0x34
1000025c:	210c      	movs	r1, #12
1000025e:	9600      	str	r6, [sp, #0]
10000260:	4a20      	ldr	r2, [pc, #128]	@ (100002e4 <main+0x104>)
10000262:	481b      	ldr	r0, [pc, #108]	@ (100002d0 <main+0xf0>)
10000264:	f003 f9a0 	bl	100035a8 <__wrap_printf>
10000268:	f8d5 3084 	ldr.w	r3, [r5, #132]	@ 0x84
1000026c:	6c66      	ldr	r6, [r4, #68]	@ 0x44
1000026e:	2110      	movs	r1, #16
10000270:	4a1d      	ldr	r2, [pc, #116]	@ (100002e8 <main+0x108>)
10000272:	9600      	str	r6, [sp, #0]
10000274:	4816      	ldr	r0, [pc, #88]	@ (100002d0 <main+0xf0>)
10000276:	f003 f997 	bl	100035a8 <__wrap_printf>
1000027a:	f8d5 30b4 	ldr.w	r3, [r5, #180]	@ 0xb4
1000027e:	6de4      	ldr	r4, [r4, #92]	@ 0x5c
10000280:	2116      	movs	r1, #22
10000282:	9400      	str	r4, [sp, #0]
10000284:	4c19      	ldr	r4, [pc, #100]	@ (100002ec <main+0x10c>)
10000286:	4a1a      	ldr	r2, [pc, #104]	@ (100002f0 <main+0x110>)
10000288:	4811      	ldr	r0, [pc, #68]	@ (100002d0 <main+0xf0>)
1000028a:	f003 f98d 	bl	100035a8 <__wrap_printf>
1000028e:	6821      	ldr	r1, [r4, #0]
10000290:	6862      	ldr	r2, [r4, #4]
10000292:	6923      	ldr	r3, [r4, #16]
10000294:	6a64      	ldr	r4, [r4, #36]	@ 0x24
10000296:	4817      	ldr	r0, [pc, #92]	@ (100002f4 <main+0x114>)
10000298:	9400      	str	r4, [sp, #0]
1000029a:	f003 f985 	bl	100035a8 <__wrap_printf>
1000029e:	4b16      	ldr	r3, [pc, #88]	@ (100002f8 <main+0x118>)
100002a0:	4816      	ldr	r0, [pc, #88]	@ (100002fc <main+0x11c>)
100002a2:	6c99      	ldr	r1, [r3, #72]	@ 0x48
100002a4:	f003 f980 	bl	100035a8 <__wrap_printf>
100002a8:	4b15      	ldr	r3, [pc, #84]	@ (10000300 <main+0x120>)
100002aa:	4816      	ldr	r0, [pc, #88]	@ (10000304 <main+0x124>)
100002ac:	6819      	ldr	r1, [r3, #0]
100002ae:	689a      	ldr	r2, [r3, #8]
100002b0:	f003 f97a 	bl	100035a8 <__wrap_printf>
100002b4:	f640 30b8 	movw	r0, #3000	@ 0xbb8
100002b8:	f000 fec2 	bl	10001040 <sleep_ms>
100002bc:	e7a0      	b.n	10000200 <main+0x20>
100002be:	bf00      	nop
100002c0:	40028000 	.word	0x40028000
100002c4:	40038000 	.word	0x40038000
100002c8:	10007568 	.word	0x10007568
100002cc:	100075a0 	.word	0x100075a0
100002d0:	100075a4 	.word	0x100075a4
100002d4:	100075d4 	.word	0x100075d4
100002d8:	100075d8 	.word	0x100075d8
100002dc:	100075dc 	.word	0x100075dc
100002e0:	100075e0 	.word	0x100075e0
100002e4:	100075e8 	.word	0x100075e8
100002e8:	100075f0 	.word	0x100075f0
100002ec:	40088000 	.word	0x40088000
100002f0:	100075f8 	.word	0x100075f8
100002f4:	10007600 	.word	0x10007600
100002f8:	40010000 	.word	0x40010000
100002fc:	1000763c 	.word	0x1000763c
10000300:	40020000 	.word	0x40020000
10000304:	1000765c 	.word	0x1000765c

10000308 <gpio_set_function>:
10000308:	f44f 7c80 	mov.w	ip, #256	@ 0x100
1000030c:	4b0c      	ldr	r3, [pc, #48]	@ (10000340 <gpio_set_function+0x38>)
1000030e:	b500      	push	{lr}
10000310:	f853 2020 	ldr.w	r2, [r3, r0, lsl #2]
10000314:	eb03 0380 	add.w	r3, r3, r0, lsl #2
10000318:	00c0      	lsls	r0, r0, #3
1000031a:	f082 0240 	eor.w	r2, r2, #64	@ 0x40
1000031e:	f100 4080 	add.w	r0, r0, #1073741824	@ 0x40000000
10000322:	f503 5e80 	add.w	lr, r3, #4096	@ 0x1000
10000326:	f002 02c0 	and.w	r2, r2, #192	@ 0xc0
1000032a:	f500 3020 	add.w	r0, r0, #163840	@ 0x28000
1000032e:	f503 5340 	add.w	r3, r3, #12288	@ 0x3000
10000332:	f8ce 2000 	str.w	r2, [lr]
10000336:	6041      	str	r1, [r0, #4]
10000338:	f8c3 c000 	str.w	ip, [r3]
1000033c:	bd00      	pop	{pc}
1000033e:	bf00      	nop
10000340:	40038004 	.word	0x40038004

10000344 <gpio_set_pulls>:
10000344:	f8df c01c 	ldr.w	ip, [pc, #28]	@ 10000364 <gpio_set_pulls+0x20>
10000348:	00c9      	lsls	r1, r1, #3
1000034a:	ea41 0182 	orr.w	r1, r1, r2, lsl #2
1000034e:	f85c 2020 	ldr.w	r2, [ip, r0, lsl #2]
10000352:	eb0c 0380 	add.w	r3, ip, r0, lsl #2
10000356:	4051      	eors	r1, r2
10000358:	f503 5380 	add.w	r3, r3, #4096	@ 0x1000
1000035c:	f001 010c 	and.w	r1, r1, #12
10000360:	6019      	str	r1, [r3, #0]
10000362:	4770      	bx	lr
10000364:	40038004 	.word	0x40038004

10000368 <gpio_init>:
10000368:	f04f 0300 	mov.w	r3, #0
1000036c:	b500      	push	{lr}
1000036e:	ec43 0044 	gpioc_bit_oe_put r0, r3
10000372:	ec43 0040 	gpioc_bit_out_put r0, r3
10000376:	f04f 0e05 	mov.w	lr, #5
1000037a:	f44f 7c80 	mov.w	ip, #256	@ 0x100
1000037e:	4b0c      	ldr	r3, [pc, #48]	@ (100003b0 <gpio_init+0x48>)
10000380:	00c2      	lsls	r2, r0, #3
10000382:	f853 1020 	ldr.w	r1, [r3, r0, lsl #2]
10000386:	eb03 0080 	add.w	r0, r3, r0, lsl #2
1000038a:	f081 0140 	eor.w	r1, r1, #64	@ 0x40
1000038e:	f102 4380 	add.w	r3, r2, #1073741824	@ 0x40000000
10000392:	f503 3320 	add.w	r3, r3, #163840	@ 0x28000
10000396:	f001 02c0 	and.w	r2, r1, #192	@ 0xc0
1000039a:	f500 5180 	add.w	r1, r0, #4096	@ 0x1000
1000039e:	f500 5040 	add.w	r0, r0, #12288	@ 0x3000
100003a2:	600a      	str	r2, [r1, #0]
100003a4:	f8c3 e004 	str.w	lr, [r3, #4]
100003a8:	f8c0 c000 	str.w	ip, [r0]
100003ac:	bd00      	pop	{pc}
100003ae:	bf00      	nop
100003b0:	40038004 	.word	0x40038004

100003b4 <panic>:
100003b4:	b40f      	push	{r0, r1, r2, r3}
100003b6:	b500      	push	{lr}
100003b8:	4808      	ldr	r0, [pc, #32]	@ (100003dc <panic+0x28>)
100003ba:	b083      	sub	sp, #12
100003bc:	f003 f876 	bl	100034ac <__wrap_puts>
100003c0:	9b04      	ldr	r3, [sp, #16]
100003c2:	b13b      	cbz	r3, 100003d4 <panic+0x20>
100003c4:	a905      	add	r1, sp, #20
100003c6:	4618      	mov	r0, r3
100003c8:	9101      	str	r1, [sp, #4]
100003ca:	f002 fee1 	bl	10003190 <weak_raw_vprintf>
100003ce:	4804      	ldr	r0, [pc, #16]	@ (100003e0 <panic+0x2c>)
100003d0:	f003 f86c 	bl	100034ac <__wrap_puts>
100003d4:	2001      	movs	r0, #1
100003d6:	f002 fef3 	bl	100031c0 <_exit>
100003da:	bf00      	nop
100003dc:	10007688 	.word	0x10007688
100003e0:	100075d0 	.word	0x100075d0

100003e4 <hw_claim_or_assert>:
100003e4:	b570      	push	{r4, r5, r6, lr}
100003e6:	4616      	mov	r6, r2
100003e8:	f3ef 8410 	mrs	r4, PRIMASK
100003ec:	b672      	cpsid	i
100003ee:	f8df e048 	ldr.w	lr, [pc, #72]	@ 10000438 <hw_claim_or_assert+0x54>
100003f2:	e8de 2fcf 	ldaexb	r2, [lr]
100003f6:	2301      	movs	r3, #1
100003f8:	2a00      	cmp	r2, #0
100003fa:	d1fa      	bne.n	100003f2 <hw_claim_or_assert+0xe>
100003fc:	e8ce 3f42 	strexb	r2, r3, [lr]
10000400:	2a00      	cmp	r2, #0
10000402:	d1f6      	bne.n	100003f2 <hw_claim_or_assert+0xe>
10000404:	f3bf 8f5f 	dmb	sy
10000408:	2301      	movs	r3, #1
1000040a:	f001 0c07 	and.w	ip, r1, #7
1000040e:	08ca      	lsrs	r2, r1, #3
10000410:	fa03 f30c 	lsl.w	r3, r3, ip
10000414:	f810 c002 	ldrb.w	ip, [r0, r2]
10000418:	ea1c 0503 	ands.w	r5, ip, r3
1000041c:	d108      	bne.n	10000430 <hw_claim_or_assert+0x4c>
1000041e:	ea4c 0c03 	orr.w	ip, ip, r3
10000422:	f800 c002 	strb.w	ip, [r0, r2]
10000426:	e8ce 5f8f 	stlb	r5, [lr]
1000042a:	f384 8810 	msr	PRIMASK, r4
1000042e:	bd70      	pop	{r4, r5, r6, pc}
10000430:	4630      	mov	r0, r6
10000432:	f7ff ffbf 	bl	100003b4 <panic>
10000436:	bf00      	nop
10000438:	2000173f 	.word	0x2000173f

1000043c <hw_claim_unused_from_range>:
1000043c:	b5f8      	push	{r3, r4, r5, r6, r7, lr}
1000043e:	460f      	mov	r7, r1
10000440:	4619      	mov	r1, r3
10000442:	f3ef 8610 	mrs	r6, PRIMASK
10000446:	b672      	cpsid	i
10000448:	4d1c      	ldr	r5, [pc, #112]	@ (100004bc <hw_claim_unused_from_range+0x80>)
1000044a:	e8d5 4fcf 	ldaexb	r4, [r5]
1000044e:	2301      	movs	r3, #1
10000450:	2c00      	cmp	r4, #0
10000452:	d1fa      	bne.n	1000044a <hw_claim_unused_from_range+0xe>
10000454:	e8c5 3f44 	strexb	r4, r3, [r5]
10000458:	2c00      	cmp	r4, #0
1000045a:	d1f6      	bne.n	1000044a <hw_claim_unused_from_range+0xe>
1000045c:	f3bf 8f5f 	dmb	sy
10000460:	428a      	cmp	r2, r1
10000462:	d81b      	bhi.n	1000049c <hw_claim_unused_from_range+0x60>
10000464:	2401      	movs	r4, #1
10000466:	e002      	b.n	1000046e <hw_claim_unused_from_range+0x32>
10000468:	3201      	adds	r2, #1
1000046a:	4291      	cmp	r1, r2
1000046c:	d322      	bcc.n	100004b4 <hw_claim_unused_from_range+0x78>
1000046e:	08d3      	lsrs	r3, r2, #3
10000470:	f810 e003 	ldrb.w	lr, [r0, r3]
10000474:	f002 0c07 	and.w	ip, r2, #7
10000478:	fa04 fc0c 	lsl.w	ip, r4, ip
1000047c:	ea1e 0f0c 	tst.w	lr, ip
10000480:	d1f2      	bne.n	10000468 <hw_claim_unused_from_range+0x2c>
10000482:	ea4e 0e0c 	orr.w	lr, lr, ip
10000486:	f800 e003 	strb.w	lr, [r0, r3]
1000048a:	4610      	mov	r0, r2
1000048c:	2300      	movs	r3, #0
1000048e:	e8c5 3f8f 	stlb	r3, [r5]
10000492:	f386 8810 	msr	PRIMASK, r6
10000496:	4298      	cmp	r0, r3
10000498:	db07      	blt.n	100004aa <hw_claim_unused_from_range+0x6e>
1000049a:	bdf8      	pop	{r3, r4, r5, r6, r7, pc}
1000049c:	2300      	movs	r3, #0
1000049e:	e8c5 3f8f 	stlb	r3, [r5]
100004a2:	f386 8810 	msr	PRIMASK, r6
100004a6:	f04f 30ff 	mov.w	r0, #4294967295	@ 0xffffffff
100004aa:	2f00      	cmp	r7, #0
100004ac:	d0f5      	beq.n	1000049a <hw_claim_unused_from_range+0x5e>
100004ae:	9806      	ldr	r0, [sp, #24]
100004b0:	f7ff ff80 	bl	100003b4 <panic>
100004b4:	f04f 30ff 	mov.w	r0, #4294967295	@ 0xffffffff
100004b8:	e7e8      	b.n	1000048c <hw_claim_unused_from_range+0x50>
100004ba:	bf00      	nop
100004bc:	2000173f 	.word	0x2000173f

100004c0 <next_striped_spin_lock_num>:
100004c0:	4a04      	ldr	r2, [pc, #16]	@ (100004d4 <next_striped_spin_lock_num+0x14>)
100004c2:	7810      	ldrb	r0, [r2, #0]
100004c4:	1c43      	adds	r3, r0, #1
100004c6:	b2db      	uxtb	r3, r3
100004c8:	2b18      	cmp	r3, #24
100004ca:	bf28      	it	cs
100004cc:	2310      	movcs	r3, #16
100004ce:	7013      	strb	r3, [r2, #0]
100004d0:	4770      	bx	lr
100004d2:	bf00      	nop
100004d4:	20001340 	.word	0x20001340

100004d8 <spin_lock_claim_unused>:
100004d8:	b500      	push	{lr}
100004da:	f8df c01c 	ldr.w	ip, [pc, #28]	@ 100004f8 <spin_lock_claim_unused+0x20>
100004de:	b083      	sub	sp, #12
100004e0:	4601      	mov	r1, r0
100004e2:	231f      	movs	r3, #31
100004e4:	2218      	movs	r2, #24
100004e6:	f8cd c000 	str.w	ip, [sp]
100004ea:	4802      	ldr	r0, [pc, #8]	@ (100004f4 <spin_lock_claim_unused+0x1c>)
100004ec:	f7ff ffa6 	bl	1000043c <hw_claim_unused_from_range>
100004f0:	b003      	add	sp, #12
100004f2:	bd00      	pop	{pc}
100004f4:	20001884 	.word	0x20001884
100004f8:	10007698 	.word	0x10007698

100004fc <spinlock_set_extexclall>:
100004fc:	f04f 22e0 	mov.w	r2, #3758153728	@ 0xe000e000
10000500:	6893      	ldr	r3, [r2, #8]
10000502:	f043 5300 	orr.w	r3, r3, #536870912	@ 0x20000000
10000506:	6093      	str	r3, [r2, #8]
10000508:	4770      	bx	lr
1000050a:	bf00      	nop

1000050c <spin_locks_reset>:
1000050c:	2100      	movs	r1, #0
1000050e:	4b04      	ldr	r3, [pc, #16]	@ (10000520 <spin_locks_reset+0x14>)
10000510:	f103 0220 	add.w	r2, r3, #32
10000514:	e8c3 1f8f 	stlb	r1, [r3]
10000518:	3301      	adds	r3, #1
1000051a:	4293      	cmp	r3, r2
1000051c:	d1fa      	bne.n	10000514 <spin_locks_reset+0x8>
1000051e:	4770      	bx	lr
10000520:	20001734 	.word	0x20001734

10000524 <runtime_init_per_core_irq_priorities>:
10000524:	f04f 23e0 	mov.w	r3, #3758153728	@ 0xe000e000
10000528:	f04f 3280 	mov.w	r2, #2155905152	@ 0x80808080
1000052c:	f8c3 2400 	str.w	r2, [r3, #1024]	@ 0x400
10000530:	f8c3 2404 	str.w	r2, [r3, #1028]	@ 0x404
10000534:	f8c3 2408 	str.w	r2, [r3, #1032]	@ 0x408
10000538:	f8c3 240c 	str.w	r2, [r3, #1036]	@ 0x40c
1000053c:	f8c3 2410 	str.w	r2, [r3, #1040]	@ 0x410
10000540:	f8c3 2414 	str.w	r2, [r3, #1044]	@ 0x414
10000544:	f8c3 2418 	str.w	r2, [r3, #1048]	@ 0x418
10000548:	f8c3 241c 	str.w	r2, [r3, #1052]	@ 0x41c
1000054c:	f8c3 2420 	str.w	r2, [r3, #1056]	@ 0x420
10000550:	f8c3 2424 	str.w	r2, [r3, #1060]	@ 0x424
10000554:	f8c3 2428 	str.w	r2, [r3, #1064]	@ 0x428
10000558:	f8c3 242c 	str.w	r2, [r3, #1068]	@ 0x42c
1000055c:	f8c3 2430 	str.w	r2, [r3, #1072]	@ 0x430
10000560:	b662      	cpsie	i
10000562:	4770      	bx	lr

10000564 <irq_set_enabled>:
10000564:	2301      	movs	r3, #1
10000566:	f000 021f 	and.w	r2, r0, #31
1000056a:	4093      	lsls	r3, r2
1000056c:	0940      	lsrs	r0, r0, #5
1000056e:	b141      	cbz	r1, 10000582 <irq_set_enabled+0x1e>
10000570:	0080      	lsls	r0, r0, #2
10000572:	f100 4060 	add.w	r0, r0, #3758096384	@ 0xe0000000
10000576:	f500 4061 	add.w	r0, r0, #57600	@ 0xe100
1000057a:	f8c0 3180 	str.w	r3, [r0, #384]	@ 0x180
1000057e:	6003      	str	r3, [r0, #0]
10000580:	4770      	bx	lr
10000582:	4a02      	ldr	r2, [pc, #8]	@ (1000058c <irq_set_enabled+0x28>)
10000584:	3020      	adds	r0, #32
10000586:	f842 3020 	str.w	r3, [r2, r0, lsl #2]
1000058a:	4770      	bx	lr
1000058c:	e000e100 	.word	0xe000e100

10000590 <irq_is_enabled>:
10000590:	2301      	movs	r3, #1
10000592:	4a06      	ldr	r2, [pc, #24]	@ (100005ac <irq_is_enabled+0x1c>)
10000594:	0941      	lsrs	r1, r0, #5
10000596:	f852 2021 	ldr.w	r2, [r2, r1, lsl #2]
1000059a:	f000 001f 	and.w	r0, r0, #31
1000059e:	4083      	lsls	r3, r0
100005a0:	4213      	tst	r3, r2
100005a2:	bf14      	ite	ne
100005a4:	2001      	movne	r0, #1
100005a6:	2000      	moveq	r0, #0
100005a8:	4770      	bx	lr
100005aa:	bf00      	nop
100005ac:	e000e100 	.word	0xe000e100

100005b0 <irq_set_pending>:
100005b0:	2201      	movs	r2, #1
100005b2:	0943      	lsrs	r3, r0, #5
100005b4:	4903      	ldr	r1, [pc, #12]	@ (100005c4 <irq_set_pending+0x14>)
100005b6:	f000 001f 	and.w	r0, r0, #31
100005ba:	4082      	lsls	r2, r0
100005bc:	3340      	adds	r3, #64	@ 0x40
100005be:	f841 2023 	str.w	r2, [r1, r3, lsl #2]
100005c2:	4770      	bx	lr
100005c4:	e000e100 	.word	0xe000e100

100005c8 <irq_has_shared_handler>:
100005c8:	4a05      	ldr	r2, [pc, #20]	@ (100005e0 <irq_has_shared_handler+0x18>)
100005ca:	3010      	adds	r0, #16
100005cc:	6892      	ldr	r2, [r2, #8]
100005ce:	4b05      	ldr	r3, [pc, #20]	@ (100005e4 <irq_has_shared_handler+0x1c>)
100005d0:	f852 0020 	ldr.w	r0, [r2, r0, lsl #2]
100005d4:	1ac0      	subs	r0, r0, r3
100005d6:	2847      	cmp	r0, #71	@ 0x47
100005d8:	bf8c      	ite	hi
100005da:	2000      	movhi	r0, #0
100005dc:	2001      	movls	r0, #1
100005de:	4770      	bx	lr
100005e0:	e000ed00 	.word	0xe000ed00
100005e4:	20001344 	.word	0x20001344

100005e8 <irq_set_exclusive_handler>:
100005e8:	b508      	push	{r3, lr}
100005ea:	f3ef 8e10 	mrs	lr, PRIMASK
100005ee:	b672      	cpsid	i
100005f0:	4b13      	ldr	r3, [pc, #76]	@ (10000640 <irq_set_exclusive_handler+0x58>)
100005f2:	e8d3 cfcf 	ldaexb	ip, [r3]
100005f6:	2201      	movs	r2, #1
100005f8:	f1bc 0f00 	cmp.w	ip, #0
100005fc:	d1f9      	bne.n	100005f2 <irq_set_exclusive_handler+0xa>
100005fe:	e8c3 2f4c 	strexb	ip, r2, [r3]
10000602:	f1bc 0f00 	cmp.w	ip, #0
10000606:	d1f4      	bne.n	100005f2 <irq_set_exclusive_handler+0xa>
10000608:	f3bf 8f5f 	dmb	sy
1000060c:	4a0d      	ldr	r2, [pc, #52]	@ (10000644 <irq_set_exclusive_handler+0x5c>)
1000060e:	3010      	adds	r0, #16
10000610:	6892      	ldr	r2, [r2, #8]
10000612:	f8df c034 	ldr.w	ip, [pc, #52]	@ 10000648 <irq_set_exclusive_handler+0x60>
10000616:	f852 2020 	ldr.w	r2, [r2, r0, lsl #2]
1000061a:	4562      	cmp	r2, ip
1000061c:	d001      	beq.n	10000622 <irq_set_exclusive_handler+0x3a>
1000061e:	4291      	cmp	r1, r2
10000620:	d10b      	bne.n	1000063a <irq_set_exclusive_handler+0x52>
10000622:	4a08      	ldr	r2, [pc, #32]	@ (10000644 <irq_set_exclusive_handler+0x5c>)
10000624:	6892      	ldr	r2, [r2, #8]
10000626:	f842 1020 	str.w	r1, [r2, r0, lsl #2]
1000062a:	f3bf 8f5f 	dmb	sy
1000062e:	2200      	movs	r2, #0
10000630:	e8c3 2f8f 	stlb	r2, [r3]
10000634:	f38e 8810 	msr	PRIMASK, lr
10000638:	bd08      	pop	{r3, pc}
1000063a:	f000 ffdb 	bl	100015f4 <hard_assertion_failure>
1000063e:	bf00      	nop
10000640:	2000173d 	.word	0x2000173d
10000644:	e000ed00 	.word	0xe000ed00
10000648:	10000111 	.word	0x10000111

1000064c <irq_add_shared_handler>:
1000064c:	e92d 4ff8 	stmdb	sp!, {r3, r4, r5, r6, r7, r8, r9, sl, fp, lr}
10000650:	468b      	mov	fp, r1
10000652:	4611      	mov	r1, r2
10000654:	f3ef 8810 	mrs	r8, PRIMASK
10000658:	b672      	cpsid	i
1000065a:	4f66      	ldr	r7, [pc, #408]	@ (100007f4 <irq_add_shared_handler+0x1a8>)
1000065c:	e8d7 2fcf 	ldaexb	r2, [r7]
10000660:	2301      	movs	r3, #1
10000662:	2a00      	cmp	r2, #0
10000664:	d1fa      	bne.n	1000065c <irq_add_shared_handler+0x10>
10000666:	e8c7 3f42 	strexb	r2, r3, [r7]
1000066a:	2a00      	cmp	r2, #0
1000066c:	d1f6      	bne.n	1000065c <irq_add_shared_handler+0x10>
1000066e:	f3bf 8f5f 	dmb	sy
10000672:	4b61      	ldr	r3, [pc, #388]	@ (100007f8 <irq_add_shared_handler+0x1ac>)
10000674:	f993 4000 	ldrsb.w	r4, [r3]
10000678:	2c00      	cmp	r4, #0
1000067a:	f2c0 80b8 	blt.w	100007ee <irq_add_shared_handler+0x1a2>
1000067e:	f100 0510 	add.w	r5, r0, #16
10000682:	485e      	ldr	r0, [pc, #376]	@ (100007fc <irq_add_shared_handler+0x1b0>)
10000684:	eb04 0944 	add.w	r9, r4, r4, lsl #1
10000688:	eb00 0289 	add.w	r2, r0, r9, lsl #2
1000068c:	7996      	ldrb	r6, [r2, #6]
1000068e:	ea4f 0989 	mov.w	r9, r9, lsl #2
10000692:	701e      	strb	r6, [r3, #0]
10000694:	4b5a      	ldr	r3, [pc, #360]	@ (10000800 <irq_add_shared_handler+0x1b4>)
10000696:	689b      	ldr	r3, [r3, #8]
10000698:	f853 6025 	ldr.w	r6, [r3, r5, lsl #2]
1000069c:	1a33      	subs	r3, r6, r0
1000069e:	2b47      	cmp	r3, #71	@ 0x47
100006a0:	d835      	bhi.n	1000070e <irq_add_shared_handler+0xc2>
100006a2:	f026 0e01 	bic.w	lr, r6, #1
100006a6:	f89e 3007 	ldrb.w	r3, [lr, #7]
100006aa:	428b      	cmp	r3, r1
100006ac:	d809      	bhi.n	100006c2 <irq_add_shared_handler+0x76>
100006ae:	e06f      	b.n	10000790 <irq_add_shared_handler+0x144>
100006b0:	eb0c 034c 	add.w	r3, ip, ip, lsl #1
100006b4:	eb00 0383 	add.w	r3, r0, r3, lsl #2
100006b8:	f893 a007 	ldrb.w	sl, [r3, #7]
100006bc:	458a      	cmp	sl, r1
100006be:	d951      	bls.n	10000764 <irq_add_shared_handler+0x118>
100006c0:	469e      	mov	lr, r3
100006c2:	f99e c006 	ldrsb.w	ip, [lr, #6]
100006c6:	f1bc 0f00 	cmp.w	ip, #0
100006ca:	daf1      	bge.n	100006b0 <irq_add_shared_handler+0x64>
100006cc:	f64b 5901 	movw	r9, #48385	@ 0xbd01
100006d0:	f10e 0a04 	add.w	sl, lr, #4
100006d4:	1f13      	subs	r3, r2, #4
100006d6:	eba3 030a 	sub.w	r3, r3, sl
100006da:	f3c3 034a 	ubfx	r3, r3, #1, #11
100006de:	ea6f 43c3 	mvn.w	r3, r3, lsl #19
100006e2:	ea6f 43d3 	mvn.w	r3, r3, lsr #19
100006e6:	f88e 4006 	strb.w	r4, [lr, #6]
100006ea:	f8df a120 	ldr.w	sl, [pc, #288]	@ 1000080c <irq_add_shared_handler+0x1c0>
100006ee:	eb04 0444 	add.w	r4, r4, r4, lsl #1
100006f2:	eb00 0284 	add.w	r2, r0, r4, lsl #2
100006f6:	f8ae 3004 	strh.w	r3, [lr, #4]
100006fa:	f840 a024 	str.w	sl, [r0, r4, lsl #2]
100006fe:	f8a2 9004 	strh.w	r9, [r2, #4]
10000702:	f882 c006 	strb.w	ip, [r2, #6]
10000706:	71d1      	strb	r1, [r2, #7]
10000708:	f8c2 b008 	str.w	fp, [r2, #8]
1000070c:	e01d      	b.n	1000074a <irq_add_shared_handler+0xfe>
1000070e:	4b3d      	ldr	r3, [pc, #244]	@ (10000804 <irq_add_shared_handler+0x1b8>)
10000710:	429e      	cmp	r6, r3
10000712:	d16c      	bne.n	100007ee <irq_add_shared_handler+0x1a2>
10000714:	4b3c      	ldr	r3, [pc, #240]	@ (10000808 <irq_add_shared_handler+0x1bc>)
10000716:	71d1      	strb	r1, [r2, #7]
10000718:	f109 0102 	add.w	r1, r9, #2
1000071c:	4401      	add	r1, r0
1000071e:	3b04      	subs	r3, #4
10000720:	1a5b      	subs	r3, r3, r1
10000722:	f3c3 034a 	ubfx	r3, r3, #1, #11
10000726:	ea6f 43c3 	mvn.w	r3, r3, lsl #19
1000072a:	f44f 4121 	mov.w	r1, #41216	@ 0xa100
1000072e:	ea6f 43d3 	mvn.w	r3, r3, lsr #19
10000732:	f820 1009 	strh.w	r1, [r0, r9]
10000736:	8053      	strh	r3, [r2, #2]
10000738:	21ff      	movs	r1, #255	@ 0xff
1000073a:	f64b 5301 	movw	r3, #48385	@ 0xbd01
1000073e:	f8c2 b008 	str.w	fp, [r2, #8]
10000742:	7191      	strb	r1, [r2, #6]
10000744:	8093      	strh	r3, [r2, #4]
10000746:	f042 0601 	orr.w	r6, r2, #1
1000074a:	4b2d      	ldr	r3, [pc, #180]	@ (10000800 <irq_add_shared_handler+0x1b4>)
1000074c:	689b      	ldr	r3, [r3, #8]
1000074e:	f843 6025 	str.w	r6, [r3, r5, lsl #2]
10000752:	f3bf 8f5f 	dmb	sy
10000756:	2300      	movs	r3, #0
10000758:	e8c7 3f8f 	stlb	r3, [r7]
1000075c:	f388 8810 	msr	PRIMASK, r8
10000760:	e8bd 8ff8 	ldmia.w	sp!, {r3, r4, r5, r6, r7, r8, r9, sl, fp, pc}
10000764:	46f2      	mov	sl, lr
10000766:	f06f 0307 	mvn.w	r3, #7
1000076a:	eba3 0309 	sub.w	r3, r3, r9
1000076e:	f83a 9f04 	ldrh.w	r9, [sl, #4]!
10000772:	1a1b      	subs	r3, r3, r0
10000774:	f349 090a 	sbfx	r9, r9, #0, #11
10000778:	f109 0902 	add.w	r9, r9, #2
1000077c:	eb0a 0949 	add.w	r9, sl, r9, lsl #1
10000780:	4499      	add	r9, r3
10000782:	f3c9 094a 	ubfx	r9, r9, #1, #11
10000786:	ea6f 49c9 	mvn.w	r9, r9, lsl #19
1000078a:	ea6f 49d9 	mvn.w	r9, r9, lsr #19
1000078e:	e7a1      	b.n	100006d4 <irq_add_shared_handler+0x88>
10000790:	f06f 0307 	mvn.w	r3, #7
10000794:	71d1      	strb	r1, [r2, #7]
10000796:	491c      	ldr	r1, [pc, #112]	@ (10000808 <irq_add_shared_handler+0x1bc>)
10000798:	f109 0402 	add.w	r4, r9, #2
1000079c:	4404      	add	r4, r0
1000079e:	3904      	subs	r1, #4
100007a0:	1b09      	subs	r1, r1, r4
100007a2:	eba3 0309 	sub.w	r3, r3, r9
100007a6:	f3c1 014a 	ubfx	r1, r1, #1, #11
100007aa:	1a1b      	subs	r3, r3, r0
100007ac:	ea6f 41c1 	mvn.w	r1, r1, lsl #19
100007b0:	4473      	add	r3, lr
100007b2:	f3c3 034a 	ubfx	r3, r3, #1, #11
100007b6:	ea6f 43c3 	mvn.w	r3, r3, lsl #19
100007ba:	ea6f 41d1 	mvn.w	r1, r1, lsr #19
100007be:	f44f 4621 	mov.w	r6, #41216	@ 0xa100
100007c2:	ea6f 43d3 	mvn.w	r3, r3, lsr #19
100007c6:	8051      	strh	r1, [r2, #2]
100007c8:	4910      	ldr	r1, [pc, #64]	@ (1000080c <irq_add_shared_handler+0x1c0>)
100007ca:	f820 6009 	strh.w	r6, [r0, r9]
100007ce:	8093      	strh	r3, [r2, #4]
100007d0:	f64a 24aa 	movw	r4, #43690	@ 0xaaaa
100007d4:	4673      	mov	r3, lr
100007d6:	1a1b      	subs	r3, r3, r0
100007d8:	415b      	adcs	r3, r3
100007da:	435c      	muls	r4, r3
100007dc:	0d24      	lsrs	r4, r4, #20
100007de:	f8c2 b008 	str.w	fp, [r2, #8]
100007e2:	7194      	strb	r4, [r2, #6]
100007e4:	f042 0601 	orr.w	r6, r2, #1
100007e8:	f8ce 1000 	str.w	r1, [lr]
100007ec:	e7ad      	b.n	1000074a <irq_add_shared_handler+0xfe>
100007ee:	f000 ff01 	bl	100015f4 <hard_assertion_failure>
100007f2:	bf00      	nop
100007f4:	2000173d 	.word	0x2000173d
100007f8:	20001d51 	.word	0x20001d51
100007fc:	20001344 	.word	0x20001344
10000800:	e000ed00 	.word	0xe000ed00
10000804:	10000111 	.word	0x10000111
10000808:	2000138c 	.word	0x2000138c
1000080c:	47804801 	.word	0x47804801

10000810 <irq_add_tail_to_free_list>:
10000810:	e92d 41f0 	stmdb	sp!, {r4, r5, r6, r7, r8, lr}
10000814:	f3ef 8305 	mrs	r3, IPSR
10000818:	b2db      	uxtb	r3, r3
1000081a:	469e      	mov	lr, r3
1000081c:	f3ef 8510 	mrs	r5, PRIMASK
10000820:	b672      	cpsid	i
10000822:	492f      	ldr	r1, [pc, #188]	@ (100008e0 <irq_add_tail_to_free_list+0xd0>)
10000824:	e8d1 2fcf 	ldaexb	r2, [r1]
10000828:	2301      	movs	r3, #1
1000082a:	2a00      	cmp	r2, #0
1000082c:	d1fa      	bne.n	10000824 <irq_add_tail_to_free_list+0x14>
1000082e:	e8c1 3f42 	strexb	r2, r3, [r1]
10000832:	2a00      	cmp	r2, #0
10000834:	d1f6      	bne.n	10000824 <irq_add_tail_to_free_list+0x14>
10000836:	f3bf 8f5f 	dmb	sy
1000083a:	f8df 80b4 	ldr.w	r8, [pc, #180]	@ 100008f0 <irq_add_tail_to_free_list+0xe0>
1000083e:	f040 0601 	orr.w	r6, r0, #1
10000842:	f8d8 7008 	ldr.w	r7, [r8, #8]
10000846:	f64a 23aa 	movw	r3, #43690	@ 0xaaaa
1000084a:	f857 702e 	ldr.w	r7, [r7, lr, lsl #2]
1000084e:	4604      	mov	r4, r0
10000850:	4a24      	ldr	r2, [pc, #144]	@ (100008e4 <irq_add_tail_to_free_list+0xd4>)
10000852:	1aa4      	subs	r4, r4, r2
10000854:	4164      	adcs	r4, r4
10000856:	4363      	muls	r3, r4
10000858:	0d1b      	lsrs	r3, r3, #20
1000085a:	42b7      	cmp	r7, r6
1000085c:	b25b      	sxtb	r3, r3
1000085e:	d026      	beq.n	100008ae <irq_add_tail_to_free_list+0x9e>
10000860:	f992 4006 	ldrsb.w	r4, [r2, #6]
10000864:	429c      	cmp	r4, r3
10000866:	d028      	beq.n	100008ba <irq_add_tail_to_free_list+0xaa>
10000868:	f992 4012 	ldrsb.w	r4, [r2, #18]
1000086c:	429c      	cmp	r4, r3
1000086e:	d02f      	beq.n	100008d0 <irq_add_tail_to_free_list+0xc0>
10000870:	f992 401e 	ldrsb.w	r4, [r2, #30]
10000874:	429c      	cmp	r4, r3
10000876:	d02d      	beq.n	100008d4 <irq_add_tail_to_free_list+0xc4>
10000878:	f992 402a 	ldrsb.w	r4, [r2, #42]	@ 0x2a
1000087c:	429c      	cmp	r4, r3
1000087e:	d02b      	beq.n	100008d8 <irq_add_tail_to_free_list+0xc8>
10000880:	f992 4036 	ldrsb.w	r4, [r2, #54]	@ 0x36
10000884:	429c      	cmp	r4, r3
10000886:	d029      	beq.n	100008dc <irq_add_tail_to_free_list+0xcc>
10000888:	f992 4042 	ldrsb.w	r4, [r2, #66]	@ 0x42
1000088c:	429c      	cmp	r4, r3
1000088e:	bf08      	it	eq
10000890:	2405      	moveq	r4, #5
10000892:	d013      	beq.n	100008bc <irq_add_tail_to_free_list+0xac>
10000894:	4a14      	ldr	r2, [pc, #80]	@ (100008e8 <irq_add_tail_to_free_list+0xd8>)
10000896:	2400      	movs	r4, #0
10000898:	f892 c000 	ldrb.w	ip, [r2]
1000089c:	7013      	strb	r3, [r2, #0]
1000089e:	f880 c006 	strb.w	ip, [r0, #6]
100008a2:	e8c1 4f8f 	stlb	r4, [r1]
100008a6:	f385 8810 	msr	PRIMASK, r5
100008aa:	e8bd 81f0 	ldmia.w	sp!, {r4, r5, r6, r7, r8, pc}
100008ae:	f8d8 2008 	ldr.w	r2, [r8, #8]
100008b2:	4c0e      	ldr	r4, [pc, #56]	@ (100008ec <irq_add_tail_to_free_list+0xdc>)
100008b4:	f842 402e 	str.w	r4, [r2, lr, lsl #2]
100008b8:	e7ec      	b.n	10000894 <irq_add_tail_to_free_list+0x84>
100008ba:	2400      	movs	r4, #0
100008bc:	eb04 0444 	add.w	r4, r4, r4, lsl #1
100008c0:	eb02 0284 	add.w	r2, r2, r4, lsl #2
100008c4:	24ff      	movs	r4, #255	@ 0xff
100008c6:	7194      	strb	r4, [r2, #6]
100008c8:	f64b 5401 	movw	r4, #48385	@ 0xbd01
100008cc:	8094      	strh	r4, [r2, #4]
100008ce:	e7e1      	b.n	10000894 <irq_add_tail_to_free_list+0x84>
100008d0:	2401      	movs	r4, #1
100008d2:	e7f3      	b.n	100008bc <irq_add_tail_to_free_list+0xac>
100008d4:	2402      	movs	r4, #2
100008d6:	e7f1      	b.n	100008bc <irq_add_tail_to_free_list+0xac>
100008d8:	2403      	movs	r4, #3
100008da:	e7ef      	b.n	100008bc <irq_add_tail_to_free_list+0xac>
100008dc:	2404      	movs	r4, #4
100008de:	e7ed      	b.n	100008bc <irq_add_tail_to_free_list+0xac>
100008e0:	2000173d 	.word	0x2000173d
100008e4:	20001344 	.word	0x20001344
100008e8:	20001d51 	.word	0x20001d51
100008ec:	10000111 	.word	0x10000111
100008f0:	e000ed00 	.word	0xe000ed00

100008f4 <user_irq_claim_unused>:
100008f4:	b500      	push	{lr}
100008f6:	f8df c024 	ldr.w	ip, [pc, #36]	@ 1000091c <user_irq_claim_unused+0x28>
100008fa:	b083      	sub	sp, #12
100008fc:	4601      	mov	r1, r0
100008fe:	2305      	movs	r3, #5
10000900:	2200      	movs	r2, #0
10000902:	f8cd c000 	str.w	ip, [sp]
10000906:	4804      	ldr	r0, [pc, #16]	@ (10000918 <user_irq_claim_unused+0x24>)
10000908:	f7ff fd98 	bl	1000043c <hw_claim_unused_from_range>
1000090c:	2800      	cmp	r0, #0
1000090e:	bfa8      	it	ge
10000910:	f1c0 0033 	rsbge	r0, r0, #51	@ 0x33
10000914:	b003      	add	sp, #12
10000916:	bd00      	pop	{pc}
10000918:	20001d56 	.word	0x20001d56
1000091c:	100076b4 	.word	0x100076b4

10000920 <lock_init>:
10000920:	4b01      	ldr	r3, [pc, #4]	@ (10000928 <lock_init+0x8>)
10000922:	440b      	add	r3, r1
10000924:	6003      	str	r3, [r0, #0]
10000926:	4770      	bx	lr
10000928:	20001734 	.word	0x20001734

1000092c <runtime_init_mutex>:
1000092c:	b570      	push	{r4, r5, r6, lr}
1000092e:	4c10      	ldr	r4, [pc, #64]	@ (10000970 <runtime_init_mutex+0x44>)
10000930:	4d10      	ldr	r5, [pc, #64]	@ (10000974 <runtime_init_mutex+0x48>)
10000932:	42ac      	cmp	r4, r5
10000934:	d20e      	bcs.n	10000954 <runtime_init_mutex+0x28>
10000936:	26ff      	movs	r6, #255	@ 0xff
10000938:	6823      	ldr	r3, [r4, #0]
1000093a:	b163      	cbz	r3, 10000956 <runtime_init_mutex+0x2a>
1000093c:	f7ff fdc0 	bl	100004c0 <next_striped_spin_lock_num>
10000940:	4601      	mov	r1, r0
10000942:	4620      	mov	r0, r4
10000944:	f7ff ffec 	bl	10000920 <lock_init>
10000948:	80a6      	strh	r6, [r4, #4]
1000094a:	f3bf 8f5f 	dmb	sy
1000094e:	3408      	adds	r4, #8
10000950:	42ac      	cmp	r4, r5
10000952:	d3f1      	bcc.n	10000938 <runtime_init_mutex+0xc>
10000954:	bd70      	pop	{r4, r5, r6, pc}
10000956:	f7ff fdb3 	bl	100004c0 <next_striped_spin_lock_num>
1000095a:	4601      	mov	r1, r0
1000095c:	4620      	mov	r0, r4
1000095e:	f7ff ffdf 	bl	10000920 <lock_init>
10000962:	7126      	strb	r6, [r4, #4]
10000964:	f3bf 8f5f 	dmb	sy
10000968:	3408      	adds	r4, #8
1000096a:	42ac      	cmp	r4, r5
1000096c:	d3e4      	bcc.n	10000938 <runtime_init_mutex+0xc>
1000096e:	bd70      	pop	{r4, r5, r6, pc}
10000970:	20001400 	.word	0x20001400
10000974:	20001408 	.word	0x20001408

10000978 <mutex_init>:
10000978:	b510      	push	{r4, lr}
1000097a:	4604      	mov	r4, r0
1000097c:	f7ff fda0 	bl	100004c0 <next_striped_spin_lock_num>
10000980:	4601      	mov	r1, r0
10000982:	4620      	mov	r0, r4
10000984:	f7ff ffcc 	bl	10000920 <lock_init>
10000988:	23ff      	movs	r3, #255	@ 0xff
1000098a:	7123      	strb	r3, [r4, #4]
1000098c:	f3bf 8f5f 	dmb	sy
10000990:	bd10      	pop	{r4, pc}
10000992:	bf00      	nop

10000994 <critical_section_init>:
10000994:	b510      	push	{r4, lr}
10000996:	4604      	mov	r4, r0
10000998:	2001      	movs	r0, #1
1000099a:	f7ff fd9d 	bl	100004d8 <spin_lock_claim_unused>
1000099e:	4b03      	ldr	r3, [pc, #12]	@ (100009ac <critical_section_init+0x18>)
100009a0:	4403      	add	r3, r0
100009a2:	6023      	str	r3, [r4, #0]
100009a4:	f3bf 8f5f 	dmb	sy
100009a8:	bd10      	pop	{r4, pc}
100009aa:	bf00      	nop
100009ac:	20001734 	.word	0x20001734

100009b0 <critical_section_init_with_lock_num>:
100009b0:	4b02      	ldr	r3, [pc, #8]	@ (100009bc <critical_section_init_with_lock_num+0xc>)
100009b2:	440b      	add	r3, r1
100009b4:	6003      	str	r3, [r0, #0]
100009b6:	f3bf 8f5f 	dmb	sy
100009ba:	4770      	bx	lr
100009bc:	20001734 	.word	0x20001734

100009c0 <sleep_until_callback>:
100009c0:	4910      	ldr	r1, [pc, #64]	@ (10000a04 <sleep_until_callback+0x44>)
100009c2:	680b      	ldr	r3, [r1, #0]
100009c4:	f3ef 8010 	mrs	r0, PRIMASK
100009c8:	b672      	cpsid	i
100009ca:	e8d3 cfcf 	ldaexb	ip, [r3]
100009ce:	2201      	movs	r2, #1
100009d0:	f1bc 0f00 	cmp.w	ip, #0
100009d4:	d1f9      	bne.n	100009ca <sleep_until_callback+0xa>
100009d6:	e8c3 2f4c 	strexb	ip, r2, [r3]
100009da:	f1bc 0f00 	cmp.w	ip, #0
100009de:	d1f4      	bne.n	100009ca <sleep_until_callback+0xa>
100009e0:	f3bf 8f5f 	dmb	sy
100009e4:	4a08      	ldr	r2, [pc, #32]	@ (10000a08 <sleep_until_callback+0x48>)
100009e6:	f04f 0c00 	mov.w	ip, #0
100009ea:	7813      	ldrb	r3, [r2, #0]
100009ec:	6809      	ldr	r1, [r1, #0]
100009ee:	3301      	adds	r3, #1
100009f0:	7013      	strb	r3, [r2, #0]
100009f2:	e8c1 cf8f 	stlb	ip, [r1]
100009f6:	f380 8810 	msr	PRIMASK, r0
100009fa:	bf40      	sev
100009fc:	2000      	movs	r0, #0
100009fe:	2100      	movs	r1, #0
10000a00:	4770      	bx	lr
10000a02:	bf00      	nop
10000a04:	20001d30 	.word	0x20001d30
10000a08:	20001d53 	.word	0x20001d53
10000a0c:	00000000 	.word	0x00000000

10000a10 <alarm_pool_irq_handler>:
10000a10:	e92d 4ff0 	stmdb	sp!, {r4, r5, r6, r7, r8, r9, sl, fp, lr}
10000a14:	ed2d 8b02 	vpush	{d8}
10000a18:	b085      	sub	sp, #20
10000a1a:	f3ef 8305 	mrs	r3, IPSR
10000a1e:	b2db      	uxtb	r3, r3
10000a20:	3b10      	subs	r3, #16
10000a22:	089a      	lsrs	r2, r3, #2
10000a24:	bf18      	it	ne
10000a26:	2201      	movne	r2, #1
10000a28:	f04f 0101 	mov.w	r1, #1
10000a2c:	f003 0b03 	and.w	fp, r3, #3
10000a30:	bf18      	it	ne
10000a32:	4ca9      	ldrne	r4, [pc, #676]	@ (10000cd8 <alarm_pool_irq_handler+0x2c8>)
10000a34:	4ba9      	ldr	r3, [pc, #676]	@ (10000cdc <alarm_pool_irq_handler+0x2cc>)
10000a36:	bf08      	it	eq
10000a38:	4ca9      	ldreq	r4, [pc, #676]	@ (10000ce0 <alarm_pool_irq_handler+0x2d0>)
10000a3a:	eb0b 0282 	add.w	r2, fp, r2, lsl #2
10000a3e:	f853 5022 	ldr.w	r5, [r3, r2, lsl #2]
10000a42:	fa01 f20b 	lsl.w	r2, r1, fp
10000a46:	f504 5341 	add.w	r3, r4, #12352	@ 0x3040
10000a4a:	ed9f 8ba1 	vldr	d8, [pc, #644]	@ 10000cd0 <alarm_pool_irq_handler+0x2c0>
10000a4e:	9202      	str	r2, [sp, #8]
10000a50:	605a      	str	r2, [r3, #4]
10000a52:	e02f      	b.n	10000ab4 <alarm_pool_irq_handler+0xa4>
10000a54:	88ab      	ldrh	r3, [r5, #4]
10000a56:	0419      	lsls	r1, r3, #16
10000a58:	f140 8094 	bpl.w	10000b84 <alarm_pool_irq_handler+0x174>
10000a5c:	79ab      	ldrb	r3, [r5, #6]
10000a5e:	2b00      	cmp	r3, #0
10000a60:	f040 80de 	bne.w	10000c20 <alarm_pool_irq_handler+0x210>
10000a64:	f9b5 6008 	ldrsh.w	r6, [r5, #8]
10000a68:	2e00      	cmp	r6, #0
10000a6a:	f2c0 811c 	blt.w	10000ca6 <alarm_pool_irq_handler+0x296>
10000a6e:	696b      	ldr	r3, [r5, #20]
10000a70:	eb06 0646 	add.w	r6, r6, r6, lsl #1
10000a74:	eb03 03c6 	add.w	r3, r3, r6, lsl #3
10000a78:	e9d3 6702 	ldrd	r6, r7, [r3, #8]
10000a7c:	f1b7 3fff 	cmp.w	r7, #4294967295	@ 0xffffffff
10000a80:	bf08      	it	eq
10000a82:	f1b6 3fff 	cmpeq.w	r6, #4294967295	@ 0xffffffff
10000a86:	d00e      	beq.n	10000aa6 <alarm_pool_irq_handler+0x96>
10000a88:	eb04 018b 	add.w	r1, r4, fp, lsl #2
10000a8c:	6aa3      	ldr	r3, [r4, #40]	@ 0x28
10000a8e:	690a      	ldr	r2, [r1, #16]
10000a90:	1ad2      	subs	r2, r2, r3
10000a92:	1af3      	subs	r3, r6, r3
10000a94:	4293      	cmp	r3, r2
10000a96:	d305      	bcc.n	10000aa4 <alarm_pool_irq_handler+0x94>
10000a98:	2301      	movs	r3, #1
10000a9a:	6a22      	ldr	r2, [r4, #32]
10000a9c:	fa03 f30b 	lsl.w	r3, r3, fp
10000aa0:	4213      	tst	r3, r2
10000aa2:	d100      	bne.n	10000aa6 <alarm_pool_irq_handler+0x96>
10000aa4:	610e      	str	r6, [r1, #16]
10000aa6:	4620      	mov	r0, r4
10000aa8:	f000 fbee 	bl	10001288 <timer_time_us_64>
10000aac:	42b0      	cmp	r0, r6
10000aae:	41b9      	sbcs	r1, r7
10000ab0:	f2c0 80f9 	blt.w	10000ca6 <alarm_pool_irq_handler+0x296>
10000ab4:	f9b5 6008 	ldrsh.w	r6, [r5, #8]
10000ab8:	9b02      	ldr	r3, [sp, #8]
10000aba:	2e00      	cmp	r6, #0
10000abc:	63e3      	str	r3, [r4, #60]	@ 0x3c
10000abe:	dbc9      	blt.n	10000a54 <alarm_pool_irq_handler+0x44>
10000ac0:	f8d5 9014 	ldr.w	r9, [r5, #20]
10000ac4:	eb06 0a46 	add.w	sl, r6, r6, lsl #1
10000ac8:	eb09 07ca 	add.w	r7, r9, sl, lsl #3
10000acc:	68bb      	ldr	r3, [r7, #8]
10000ace:	4620      	mov	r0, r4
10000ad0:	f8d7 800c 	ldr.w	r8, [r7, #12]
10000ad4:	9301      	str	r3, [sp, #4]
10000ad6:	f000 fbd7 	bl	10001288 <timer_time_us_64>
10000ada:	9b01      	ldr	r3, [sp, #4]
10000adc:	4298      	cmp	r0, r3
10000ade:	eb71 0108 	sbcs.w	r1, r1, r8
10000ae2:	dbb7      	blt.n	10000a54 <alarm_pool_irq_handler+0x44>
10000ae4:	f1b8 0f00 	cmp.w	r8, #0
10000ae8:	f2c0 80c0 	blt.w	10000c6c <alarm_pool_irq_handler+0x25c>
10000aec:	e9d7 3104 	ldrd	r3, r1, [r7, #16]
10000af0:	4a7c      	ldr	r2, [pc, #496]	@ (10000ce4 <alarm_pool_irq_handler+0x2d4>)
10000af2:	4293      	cmp	r3, r2
10000af4:	f000 80f8 	beq.w	10000ce8 <alarm_pool_irq_handler+0x2d8>
10000af8:	887a      	ldrh	r2, [r7, #2]
10000afa:	f9b5 0008 	ldrsh.w	r0, [r5, #8]
10000afe:	b292      	uxth	r2, r2
10000b00:	ea42 4000 	orr.w	r0, r2, r0, lsl #16
10000b04:	4798      	blx	r3
10000b06:	4602      	mov	r2, r0
10000b08:	460b      	mov	r3, r1
10000b0a:	ea52 0103 	orrs.w	r1, r2, r3
10000b0e:	f000 80ad 	beq.w	10000c6c <alarm_pool_irq_handler+0x25c>
10000b12:	2b00      	cmp	r3, #0
10000b14:	f280 80cd 	bge.w	10000cb2 <alarm_pool_irq_handler+0x2a2>
10000b18:	9901      	ldr	r1, [sp, #4]
10000b1a:	ebb1 0e02 	subs.w	lr, r1, r2
10000b1e:	eb68 0803 	sbc.w	r8, r8, r3
10000b22:	f939 303a 	ldrsh.w	r3, [r9, sl, lsl #3]
10000b26:	e9c7 e802 	strd	lr, r8, [r7, #8]
10000b2a:	2b00      	cmp	r3, #0
10000b2c:	db92      	blt.n	10000a54 <alarm_pool_irq_handler+0x44>
10000b2e:	6968      	ldr	r0, [r5, #20]
10000b30:	eb03 0243 	add.w	r2, r3, r3, lsl #1
10000b34:	eb00 02c2 	add.w	r2, r0, r2, lsl #3
10000b38:	e9d2 7102 	ldrd	r7, r1, [r2, #8]
10000b3c:	45be      	cmp	lr, r7
10000b3e:	eb78 0c01 	sbcs.w	ip, r8, r1
10000b42:	ea4f 0243 	mov.w	r2, r3, lsl #1
10000b46:	db85      	blt.n	10000a54 <alarm_pool_irq_handler+0x44>
10000b48:	46ac      	mov	ip, r5
10000b4a:	f82c 3f08 	strh.w	r3, [ip, #8]!
10000b4e:	e006      	b.n	10000b5e <alarm_pool_irq_handler+0x14e>
10000b50:	eb03 0143 	add.w	r1, r3, r3, lsl #1
10000b54:	eb00 01c1 	add.w	r1, r0, r1, lsl #3
10000b58:	005a      	lsls	r2, r3, #1
10000b5a:	e9d1 7102 	ldrd	r7, r1, [r1, #8]
10000b5e:	45be      	cmp	lr, r7
10000b60:	eb78 0101 	sbcs.w	r1, r8, r1
10000b64:	441a      	add	r2, r3
10000b66:	db05      	blt.n	10000b74 <alarm_pool_irq_handler+0x164>
10000b68:	f930 3032 	ldrsh.w	r3, [r0, r2, lsl #3]
10000b6c:	eb00 0cc2 	add.w	ip, r0, r2, lsl #3
10000b70:	2b00      	cmp	r3, #0
10000b72:	daed      	bge.n	10000b50 <alarm_pool_irq_handler+0x140>
10000b74:	f829 303a 	strh.w	r3, [r9, sl, lsl #3]
10000b78:	f8ac 6000 	strh.w	r6, [ip]
10000b7c:	88ab      	ldrh	r3, [r5, #4]
10000b7e:	0419      	lsls	r1, r3, #16
10000b80:	f53f af6c 	bmi.w	10000a5c <alarm_pool_irq_handler+0x4c>
10000b84:	692b      	ldr	r3, [r5, #16]
10000b86:	f3ef 8210 	mrs	r2, PRIMASK
10000b8a:	b672      	cpsid	i
10000b8c:	e8d3 0fcf 	ldaexb	r0, [r3]
10000b90:	2101      	movs	r1, #1
10000b92:	2800      	cmp	r0, #0
10000b94:	d1fa      	bne.n	10000b8c <alarm_pool_irq_handler+0x17c>
10000b96:	e8c3 1f40 	strexb	r0, r1, [r3]
10000b9a:	2800      	cmp	r0, #0
10000b9c:	d1f6      	bne.n	10000b8c <alarm_pool_irq_handler+0x17c>
10000b9e:	f3bf 8f5f 	dmb	sy
10000ba2:	f64f 76ff 	movw	r6, #65535	@ 0xffff
10000ba6:	88a8      	ldrh	r0, [r5, #4]
10000ba8:	2300      	movs	r3, #0
10000baa:	6929      	ldr	r1, [r5, #16]
10000bac:	b200      	sxth	r0, r0
10000bae:	80ae      	strh	r6, [r5, #4]
10000bb0:	e8c1 3f8f 	stlb	r3, [r1]
10000bb4:	f382 8810 	msr	PRIMASK, r2
10000bb8:	4298      	cmp	r0, r3
10000bba:	f6ff af4f 	blt.w	10000a5c <alarm_pool_irq_handler+0x4c>
10000bbe:	4607      	mov	r7, r0
10000bc0:	46a1      	mov	r9, r4
10000bc2:	696e      	ldr	r6, [r5, #20]
10000bc4:	f105 0808 	add.w	r8, r5, #8
10000bc8:	f9b5 3008 	ldrsh.w	r3, [r5, #8]
10000bcc:	eb07 0e47 	add.w	lr, r7, r7, lsl #1
10000bd0:	2b00      	cmp	r3, #0
10000bd2:	46c4      	mov	ip, r8
10000bd4:	eb06 02ce 	add.w	r2, r6, lr, lsl #3
10000bd8:	db15      	blt.n	10000c06 <alarm_pool_irq_handler+0x1f6>
10000bda:	e9d2 4002 	ldrd	r4, r0, [r2, #8]
10000bde:	46aa      	mov	sl, r5
10000be0:	9701      	str	r7, [sp, #4]
10000be2:	e004      	b.n	10000bee <alarm_pool_irq_handler+0x1de>
10000be4:	f936 3035 	ldrsh.w	r3, [r6, r5, lsl #3]
10000be8:	4694      	mov	ip, r2
10000bea:	2b00      	cmp	r3, #0
10000bec:	db09      	blt.n	10000c02 <alarm_pool_irq_handler+0x1f2>
10000bee:	eb03 0543 	add.w	r5, r3, r3, lsl #1
10000bf2:	eb06 02c5 	add.w	r2, r6, r5, lsl #3
10000bf6:	e9d2 7102 	ldrd	r7, r1, [r2, #8]
10000bfa:	42bc      	cmp	r4, r7
10000bfc:	eb70 0101 	sbcs.w	r1, r0, r1
10000c00:	daf0      	bge.n	10000be4 <alarm_pool_irq_handler+0x1d4>
10000c02:	4655      	mov	r5, sl
10000c04:	9f01      	ldr	r7, [sp, #4]
10000c06:	f8ac 7000 	strh.w	r7, [ip]
10000c0a:	f936 703e 	ldrsh.w	r7, [r6, lr, lsl #3]
10000c0e:	f826 303e 	strh.w	r3, [r6, lr, lsl #3]
10000c12:	2f00      	cmp	r7, #0
10000c14:	dad8      	bge.n	10000bc8 <alarm_pool_irq_handler+0x1b8>
10000c16:	79ab      	ldrb	r3, [r5, #6]
10000c18:	464c      	mov	r4, r9
10000c1a:	2b00      	cmp	r3, #0
10000c1c:	f43f af22 	beq.w	10000a64 <alarm_pool_irq_handler+0x54>
10000c20:	2300      	movs	r3, #0
10000c22:	71ab      	strb	r3, [r5, #6]
10000c24:	f9b5 6008 	ldrsh.w	r6, [r5, #8]
10000c28:	1c72      	adds	r2, r6, #1
10000c2a:	4633      	mov	r3, r6
10000c2c:	d03b      	beq.n	10000ca6 <alarm_pool_irq_handler+0x296>
10000c2e:	6968      	ldr	r0, [r5, #20]
10000c30:	f105 0e08 	add.w	lr, r5, #8
10000c34:	e003      	b.n	10000c3e <alarm_pool_irq_handler+0x22e>
10000c36:	468e      	mov	lr, r1
10000c38:	1c5a      	adds	r2, r3, #1
10000c3a:	f43f af15 	beq.w	10000a68 <alarm_pool_irq_handler+0x58>
10000c3e:	eb03 0243 	add.w	r2, r3, r3, lsl #1
10000c42:	eb00 01c2 	add.w	r1, r0, r2, lsl #3
10000c46:	884f      	ldrh	r7, [r1, #2]
10000c48:	469c      	mov	ip, r3
10000c4a:	043f      	lsls	r7, r7, #16
10000c4c:	f930 3032 	ldrsh.w	r3, [r0, r2, lsl #3]
10000c50:	d5f1      	bpl.n	10000c36 <alarm_pool_irq_handler+0x226>
10000c52:	4566      	cmp	r6, ip
10000c54:	ed81 8b02 	vstr	d8, [r1, #8]
10000c58:	d0ee      	beq.n	10000c38 <alarm_pool_irq_handler+0x228>
10000c5a:	f8ae 3000 	strh.w	r3, [lr]
10000c5e:	8929      	ldrh	r1, [r5, #8]
10000c60:	4666      	mov	r6, ip
10000c62:	f820 1032 	strh.w	r1, [r0, r2, lsl #3]
10000c66:	f8a5 c008 	strh.w	ip, [r5, #8]
10000c6a:	e7e5      	b.n	10000c38 <alarm_pool_irq_handler+0x228>
10000c6c:	f839 303a 	ldrh.w	r3, [r9, sl, lsl #3]
10000c70:	812b      	strh	r3, [r5, #8]
10000c72:	692b      	ldr	r3, [r5, #16]
10000c74:	f3ef 8210 	mrs	r2, PRIMASK
10000c78:	b672      	cpsid	i
10000c7a:	e8d3 0fcf 	ldaexb	r0, [r3]
10000c7e:	2101      	movs	r1, #1
10000c80:	2800      	cmp	r0, #0
10000c82:	d1fa      	bne.n	10000c7a <alarm_pool_irq_handler+0x26a>
10000c84:	e8c3 1f40 	strexb	r0, r1, [r3]
10000c88:	2800      	cmp	r0, #0
10000c8a:	d1f6      	bne.n	10000c7a <alarm_pool_irq_handler+0x26a>
10000c8c:	f3bf 8f5f 	dmb	sy
10000c90:	886b      	ldrh	r3, [r5, #2]
10000c92:	6929      	ldr	r1, [r5, #16]
10000c94:	f829 303a 	strh.w	r3, [r9, sl, lsl #3]
10000c98:	2300      	movs	r3, #0
10000c9a:	806e      	strh	r6, [r5, #2]
10000c9c:	e8c1 3f8f 	stlb	r3, [r1]
10000ca0:	f382 8810 	msr	PRIMASK, r2
10000ca4:	e6d6      	b.n	10000a54 <alarm_pool_irq_handler+0x44>
10000ca6:	bf40      	sev
10000ca8:	b005      	add	sp, #20
10000caa:	ecbd 8b02 	vpop	{d8}
10000cae:	e8bd 8ff0 	ldmia.w	sp!, {r4, r5, r6, r7, r8, r9, sl, fp, pc}
10000cb2:	4620      	mov	r0, r4
10000cb4:	9303      	str	r3, [sp, #12]
10000cb6:	9201      	str	r2, [sp, #4]
10000cb8:	f000 fae6 	bl	10001288 <timer_time_us_64>
10000cbc:	9a01      	ldr	r2, [sp, #4]
10000cbe:	9b03      	ldr	r3, [sp, #12]
10000cc0:	eb10 0e02 	adds.w	lr, r0, r2
10000cc4:	eb43 0801 	adc.w	r8, r3, r1
10000cc8:	e72b      	b.n	10000b22 <alarm_pool_irq_handler+0x112>
10000cca:	bf00      	nop
10000ccc:	f3af 8000 	nop.w
10000cd0:	ffffffff 	.word	0xffffffff
10000cd4:	ffffffff 	.word	0xffffffff
10000cd8:	400b8000 	.word	0x400b8000
10000cdc:	20001cfc 	.word	0x20001cfc
10000ce0:	400b0000 	.word	0x400b0000
10000ce4:	10000a11 	.word	0x10000a11
10000ce8:	4608      	mov	r0, r1
10000cea:	690b      	ldr	r3, [r1, #16]
10000cec:	9103      	str	r1, [sp, #12]
10000cee:	4798      	blx	r3
10000cf0:	2800      	cmp	r0, #0
10000cf2:	d0bb      	beq.n	10000c6c <alarm_pool_irq_handler+0x25c>
10000cf4:	9903      	ldr	r1, [sp, #12]
10000cf6:	e9d1 2300 	ldrd	r2, r3, [r1]
10000cfa:	e706      	b.n	10000b0a <alarm_pool_irq_handler+0xfa>

10000cfc <runtime_init_default_alarm_pool>:
10000cfc:	b538      	push	{r3, r4, r5, lr}
10000cfe:	4b38      	ldr	r3, [pc, #224]	@ (10000de0 <runtime_init_default_alarm_pool+0xe4>)
10000d00:	691c      	ldr	r4, [r3, #16]
10000d02:	b12c      	cbz	r4, 10000d10 <runtime_init_default_alarm_pool+0x14>
10000d04:	e8bd 4038 	ldmia.w	sp!, {r3, r4, r5, lr}
10000d08:	210a      	movs	r1, #10
10000d0a:	4836      	ldr	r0, [pc, #216]	@ (10000de4 <runtime_init_default_alarm_pool+0xe8>)
10000d0c:	f7ff be08 	b.w	10000920 <lock_init>
10000d10:	2103      	movs	r1, #3
10000d12:	4835      	ldr	r0, [pc, #212]	@ (10000de8 <runtime_init_default_alarm_pool+0xec>)
10000d14:	f000 faa6 	bl	10001264 <timer_hardware_alarm_claim>
10000d18:	4d33      	ldr	r5, [pc, #204]	@ (10000de8 <runtime_init_default_alarm_pool+0xec>)
10000d1a:	4b31      	ldr	r3, [pc, #196]	@ (10000de0 <runtime_init_default_alarm_pool+0xe4>)
10000d1c:	60dd      	str	r5, [r3, #12]
10000d1e:	f7ff fbcf 	bl	100004c0 <next_striped_spin_lock_num>
10000d22:	4a32      	ldr	r2, [pc, #200]	@ (10000dec <runtime_init_default_alarm_pool+0xf0>)
10000d24:	f04f 4e50 	mov.w	lr, #3489660928	@ 0xd0000000
10000d28:	4402      	add	r2, r0
10000d2a:	2003      	movs	r0, #3
10000d2c:	4b2c      	ldr	r3, [pc, #176]	@ (10000de0 <runtime_init_default_alarm_pool+0xe4>)
10000d2e:	f04f 0c0f 	mov.w	ip, #15
10000d32:	7018      	strb	r0, [r3, #0]
10000d34:	611a      	str	r2, [r3, #16]
10000d36:	f8de 2000 	ldr.w	r2, [lr]
10000d3a:	f64f 71ff 	movw	r1, #65535	@ 0xffff
10000d3e:	705a      	strb	r2, [r3, #1]
10000d40:	695a      	ldr	r2, [r3, #20]
10000d42:	f8a3 c002 	strh.w	ip, [r3, #2]
10000d46:	8314      	strh	r4, [r2, #24]
10000d48:	f04f 0402 	mov.w	r4, #2
10000d4c:	f8a2 4048 	strh.w	r4, [r2, #72]	@ 0x48
10000d50:	f04f 0404 	mov.w	r4, #4
10000d54:	f8a2 4078 	strh.w	r4, [r2, #120]	@ 0x78
10000d58:	f04f 0405 	mov.w	r4, #5
10000d5c:	f8a2 4090 	strh.w	r4, [r2, #144]	@ 0x90
10000d60:	f04f 0406 	mov.w	r4, #6
10000d64:	f8a2 40a8 	strh.w	r4, [r2, #168]	@ 0xa8
10000d68:	f04f 0407 	mov.w	r4, #7
10000d6c:	f8a2 40c0 	strh.w	r4, [r2, #192]	@ 0xc0
10000d70:	f04f 0409 	mov.w	r4, #9
10000d74:	f8a2 40f0 	strh.w	r4, [r2, #240]	@ 0xf0
10000d78:	f04f 040a 	mov.w	r4, #10
10000d7c:	f8a2 4108 	strh.w	r4, [r2, #264]	@ 0x108
10000d80:	f04f 040b 	mov.w	r4, #11
10000d84:	f8a2 4120 	strh.w	r4, [r2, #288]	@ 0x120
10000d88:	f04f 040c 	mov.w	r4, #12
10000d8c:	f8a2 4138 	strh.w	r4, [r2, #312]	@ 0x138
10000d90:	f04f 0401 	mov.w	r4, #1
10000d94:	8614      	strh	r4, [r2, #48]	@ 0x30
10000d96:	f04f 0408 	mov.w	r4, #8
10000d9a:	f8a2 40d8 	strh.w	r4, [r2, #216]	@ 0xd8
10000d9e:	4c14      	ldr	r4, [pc, #80]	@ (10000df0 <runtime_init_default_alarm_pool+0xf4>)
10000da0:	f04f 0e0d 	mov.w	lr, #13
10000da4:	f04f 0c0e 	mov.w	ip, #14
10000da8:	609c      	str	r4, [r3, #8]
10000daa:	2408      	movs	r4, #8
10000dac:	8099      	strh	r1, [r3, #4]
10000dae:	f8a2 e150 	strh.w	lr, [r2, #336]	@ 0x150
10000db2:	f8a2 c168 	strh.w	ip, [r2, #360]	@ 0x168
10000db6:	f8a2 0060 	strh.w	r0, [r2, #96]	@ 0x60
10000dba:	8011      	strh	r1, [r2, #0]
10000dbc:	4a0d      	ldr	r2, [pc, #52]	@ (10000df4 <runtime_init_default_alarm_pool+0xf8>)
10000dbe:	622c      	str	r4, [r5, #32]
10000dc0:	490d      	ldr	r1, [pc, #52]	@ (10000df8 <runtime_init_default_alarm_pool+0xfc>)
10000dc2:	60d3      	str	r3, [r2, #12]
10000dc4:	f7ff fc10 	bl	100005e8 <irq_set_exclusive_handler>
10000dc8:	2101      	movs	r1, #1
10000dca:	2003      	movs	r0, #3
10000dcc:	f7ff fbca 	bl	10000564 <irq_set_enabled>
10000dd0:	4b0a      	ldr	r3, [pc, #40]	@ (10000dfc <runtime_init_default_alarm_pool+0x100>)
10000dd2:	210a      	movs	r1, #10
10000dd4:	641c      	str	r4, [r3, #64]	@ 0x40
10000dd6:	4803      	ldr	r0, [pc, #12]	@ (10000de4 <runtime_init_default_alarm_pool+0xe8>)
10000dd8:	e8bd 4038 	ldmia.w	sp!, {r3, r4, r5, lr}
10000ddc:	f7ff bda0 	b.w	10000920 <lock_init>
10000de0:	200013b0 	.word	0x200013b0
10000de4:	20001d30 	.word	0x20001d30
10000de8:	400b0000 	.word	0x400b0000
10000dec:	20001734 	.word	0x20001734
10000df0:	0010ffff 	.word	0x0010ffff
10000df4:	20001cfc 	.word	0x20001cfc
10000df8:	10000a11 	.word	0x10000a11
10000dfc:	400b2000 	.word	0x400b2000

10000e00 <alarm_pool_get_default>:
10000e00:	4800      	ldr	r0, [pc, #0]	@ (10000e04 <alarm_pool_get_default+0x4>)
10000e02:	4770      	bx	lr
10000e04:	200013b0 	.word	0x200013b0

10000e08 <alarm_pool_add_alarm_at>:
10000e08:	b5f0      	push	{r4, r5, r6, r7, lr}
10000e0a:	b083      	sub	sp, #12
10000e0c:	f89d 4028 	ldrb.w	r4, [sp, #40]	@ 0x28
10000e10:	461d      	mov	r5, r3
10000e12:	4603      	mov	r3, r0
10000e14:	b954      	cbnz	r4, 10000e2c <alarm_pool_add_alarm_at+0x24>
10000e16:	e9cd 0200 	strd	r0, r2, [sp]
10000e1a:	f000 fa3d 	bl	10001298 <time_us_64>
10000e1e:	9a01      	ldr	r2, [sp, #4]
10000e20:	9b00      	ldr	r3, [sp, #0]
10000e22:	4282      	cmp	r2, r0
10000e24:	eb65 0101 	sbc.w	r1, r5, r1
10000e28:	42a1      	cmp	r1, r4
10000e2a:	db5b      	blt.n	10000ee4 <alarm_pool_add_alarm_at+0xdc>
10000e2c:	6919      	ldr	r1, [r3, #16]
10000e2e:	f3ef 8010 	mrs	r0, PRIMASK
10000e32:	b672      	cpsid	i
10000e34:	e8d1 6fcf 	ldaexb	r6, [r1]
10000e38:	2401      	movs	r4, #1
10000e3a:	2e00      	cmp	r6, #0
10000e3c:	d1fa      	bne.n	10000e34 <alarm_pool_add_alarm_at+0x2c>
10000e3e:	e8c1 4f46 	strexb	r6, r4, [r1]
10000e42:	2e00      	cmp	r6, #0
10000e44:	d1f6      	bne.n	10000e34 <alarm_pool_add_alarm_at+0x2c>
10000e46:	f3bf 8f5f 	dmb	sy
10000e4a:	f9b3 4002 	ldrsh.w	r4, [r3, #2]
10000e4e:	691f      	ldr	r7, [r3, #16]
10000e50:	2c00      	cmp	r4, #0
10000e52:	db3e      	blt.n	10000ed2 <alarm_pool_add_alarm_at+0xca>
10000e54:	f8d3 c014 	ldr.w	ip, [r3, #20]
10000e58:	eb04 0e44 	add.w	lr, r4, r4, lsl #1
10000e5c:	f83c 103e 	ldrh.w	r1, [ip, lr, lsl #3]
10000e60:	2600      	movs	r6, #0
10000e62:	8059      	strh	r1, [r3, #2]
10000e64:	eb0c 01ce 	add.w	r1, ip, lr, lsl #3
10000e68:	e8c7 6f8f 	stlb	r6, [r7]
10000e6c:	f380 8810 	msr	PRIMASK, r0
10000e70:	8848      	ldrh	r0, [r1, #2]
10000e72:	e9c1 2502 	strd	r2, r5, [r1, #8]
10000e76:	3001      	adds	r0, #1
10000e78:	f3c0 000e 	ubfx	r0, r0, #0, #15
10000e7c:	2801      	cmp	r0, #1
10000e7e:	bf38      	it	cc
10000e80:	2001      	movcc	r0, #1
10000e82:	9a08      	ldr	r2, [sp, #32]
10000e84:	8048      	strh	r0, [r1, #2]
10000e86:	610a      	str	r2, [r1, #16]
10000e88:	9a09      	ldr	r2, [sp, #36]	@ 0x24
10000e8a:	ea40 4004 	orr.w	r0, r0, r4, lsl #16
10000e8e:	614a      	str	r2, [r1, #20]
10000e90:	691a      	ldr	r2, [r3, #16]
10000e92:	f3ef 8110 	mrs	r1, PRIMASK
10000e96:	b672      	cpsid	i
10000e98:	e8d2 7fcf 	ldaexb	r7, [r2]
10000e9c:	2501      	movs	r5, #1
10000e9e:	2f00      	cmp	r7, #0
10000ea0:	d1fa      	bne.n	10000e98 <alarm_pool_add_alarm_at+0x90>
10000ea2:	e8c2 5f47 	strexb	r7, r5, [r2]
10000ea6:	2f00      	cmp	r7, #0
10000ea8:	d1f6      	bne.n	10000e98 <alarm_pool_add_alarm_at+0x90>
10000eaa:	f3bf 8f5f 	dmb	sy
10000eae:	889a      	ldrh	r2, [r3, #4]
10000eb0:	f82c 203e 	strh.w	r2, [ip, lr, lsl #3]
10000eb4:	691a      	ldr	r2, [r3, #16]
10000eb6:	809c      	strh	r4, [r3, #4]
10000eb8:	e8c2 6f8f 	stlb	r6, [r2]
10000ebc:	f381 8810 	msr	PRIMASK, r1
10000ec0:	2101      	movs	r1, #1
10000ec2:	781c      	ldrb	r4, [r3, #0]
10000ec4:	68da      	ldr	r2, [r3, #12]
10000ec6:	40a1      	lsls	r1, r4
10000ec8:	f502 5301 	add.w	r3, r2, #8256	@ 0x2040
10000ecc:	6059      	str	r1, [r3, #4]
10000ece:	b003      	add	sp, #12
10000ed0:	bdf0      	pop	{r4, r5, r6, r7, pc}
10000ed2:	2300      	movs	r3, #0
10000ed4:	e8c7 3f8f 	stlb	r3, [r7]
10000ed8:	f380 8810 	msr	PRIMASK, r0
10000edc:	f04f 30ff 	mov.w	r0, #4294967295	@ 0xffffffff
10000ee0:	b003      	add	sp, #12
10000ee2:	bdf0      	pop	{r4, r5, r6, r7, pc}
10000ee4:	4620      	mov	r0, r4
10000ee6:	b003      	add	sp, #12
10000ee8:	bdf0      	pop	{r4, r5, r6, r7, pc}
10000eea:	bf00      	nop

10000eec <alarm_pool_add_alarm_at_force_in_context>:
10000eec:	b5f0      	push	{r4, r5, r6, r7, lr}
10000eee:	4616      	mov	r6, r2
10000ef0:	461f      	mov	r7, r3
10000ef2:	6902      	ldr	r2, [r0, #16]
10000ef4:	4603      	mov	r3, r0
10000ef6:	f3ef 8010 	mrs	r0, PRIMASK
10000efa:	b672      	cpsid	i
10000efc:	e8d2 4fcf 	ldaexb	r4, [r2]
10000f00:	2101      	movs	r1, #1
10000f02:	2c00      	cmp	r4, #0
10000f04:	d1fa      	bne.n	10000efc <alarm_pool_add_alarm_at_force_in_context+0x10>
10000f06:	e8c2 1f44 	strexb	r4, r1, [r2]
10000f0a:	2c00      	cmp	r4, #0
10000f0c:	d1f6      	bne.n	10000efc <alarm_pool_add_alarm_at_force_in_context+0x10>
10000f0e:	f3bf 8f5f 	dmb	sy
10000f12:	f9b3 1002 	ldrsh.w	r1, [r3, #2]
10000f16:	691d      	ldr	r5, [r3, #16]
10000f18:	2900      	cmp	r1, #0
10000f1a:	db45      	blt.n	10000fa8 <alarm_pool_add_alarm_at_force_in_context+0xbc>
10000f1c:	f8d3 e014 	ldr.w	lr, [r3, #20]
10000f20:	eb01 0241 	add.w	r2, r1, r1, lsl #1
10000f24:	f83e 4032 	ldrh.w	r4, [lr, r2, lsl #3]
10000f28:	eb0e 0cc2 	add.w	ip, lr, r2, lsl #3
10000f2c:	805c      	strh	r4, [r3, #2]
10000f2e:	2400      	movs	r4, #0
10000f30:	e8c5 4f8f 	stlb	r4, [r5]
10000f34:	f380 8810 	msr	PRIMASK, r0
10000f38:	9805      	ldr	r0, [sp, #20]
10000f3a:	4635      	mov	r5, r6
10000f3c:	f8cc 0010 	str.w	r0, [ip, #16]
10000f40:	9806      	ldr	r0, [sp, #24]
10000f42:	463e      	mov	r6, r7
10000f44:	f8cc 0014 	str.w	r0, [ip, #20]
10000f48:	f8bc 0002 	ldrh.w	r0, [ip, #2]
10000f4c:	e9cc 5602 	strd	r5, r6, [ip, #8]
10000f50:	3001      	adds	r0, #1
10000f52:	f3c0 000e 	ubfx	r0, r0, #0, #15
10000f56:	2801      	cmp	r0, #1
10000f58:	bf38      	it	cc
10000f5a:	2001      	movcc	r0, #1
10000f5c:	f8ac 0002 	strh.w	r0, [ip, #2]
10000f60:	ea40 4001 	orr.w	r0, r0, r1, lsl #16
10000f64:	f8d3 c010 	ldr.w	ip, [r3, #16]
10000f68:	f3ef 8510 	mrs	r5, PRIMASK
10000f6c:	b672      	cpsid	i
10000f6e:	e8dc 7fcf 	ldaexb	r7, [ip]
10000f72:	2601      	movs	r6, #1
10000f74:	2f00      	cmp	r7, #0
10000f76:	d1fa      	bne.n	10000f6e <alarm_pool_add_alarm_at_force_in_context+0x82>
10000f78:	e8cc 6f47 	strexb	r7, r6, [ip]
10000f7c:	2f00      	cmp	r7, #0
10000f7e:	d1f6      	bne.n	10000f6e <alarm_pool_add_alarm_at_force_in_context+0x82>
10000f80:	f3bf 8f5f 	dmb	sy
10000f84:	f8b3 c004 	ldrh.w	ip, [r3, #4]
10000f88:	f82e c032 	strh.w	ip, [lr, r2, lsl #3]
10000f8c:	8099      	strh	r1, [r3, #4]
10000f8e:	691a      	ldr	r2, [r3, #16]
10000f90:	e8c2 4f8f 	stlb	r4, [r2]
10000f94:	f385 8810 	msr	PRIMASK, r5
10000f98:	2101      	movs	r1, #1
10000f9a:	781c      	ldrb	r4, [r3, #0]
10000f9c:	68da      	ldr	r2, [r3, #12]
10000f9e:	40a1      	lsls	r1, r4
10000fa0:	f502 5301 	add.w	r3, r2, #8256	@ 0x2040
10000fa4:	6059      	str	r1, [r3, #4]
10000fa6:	bdf0      	pop	{r4, r5, r6, r7, pc}
10000fa8:	2300      	movs	r3, #0
10000faa:	e8c5 3f8f 	stlb	r3, [r5]
10000fae:	f380 8810 	msr	PRIMASK, r0
10000fb2:	f04f 30ff 	mov.w	r0, #4294967295	@ 0xffffffff
10000fb6:	bdf0      	pop	{r4, r5, r6, r7, pc}

10000fb8 <alarm_pool_cancel_alarm>:
10000fb8:	4603      	mov	r3, r0
10000fba:	8940      	ldrh	r0, [r0, #10]
10000fbc:	ebb0 4f21 	cmp.w	r0, r1, asr #16
10000fc0:	dd3a      	ble.n	10001038 <alarm_pool_cancel_alarm+0x80>
10000fc2:	6958      	ldr	r0, [r3, #20]
10000fc4:	140a      	asrs	r2, r1, #16
10000fc6:	eb02 0242 	add.w	r2, r2, r2, lsl #1
10000fca:	b510      	push	{r4, lr}
10000fcc:	f8d3 c010 	ldr.w	ip, [r3, #16]
10000fd0:	eb00 00c2 	add.w	r0, r0, r2, lsl #3
10000fd4:	f3ef 8e10 	mrs	lr, PRIMASK
10000fd8:	b672      	cpsid	i
10000fda:	e8dc 4fcf 	ldaexb	r4, [ip]
10000fde:	2201      	movs	r2, #1
10000fe0:	2c00      	cmp	r4, #0
10000fe2:	d1fa      	bne.n	10000fda <alarm_pool_cancel_alarm+0x22>
10000fe4:	e8cc 2f44 	strexb	r4, r2, [ip]
10000fe8:	2c00      	cmp	r4, #0
10000fea:	d1f6      	bne.n	10000fda <alarm_pool_cancel_alarm+0x22>
10000fec:	f3bf 8f5f 	dmb	sy
10000ff0:	8842      	ldrh	r2, [r0, #2]
10000ff2:	b289      	uxth	r1, r1
10000ff4:	b292      	uxth	r2, r2
10000ff6:	428a      	cmp	r2, r1
10000ff8:	d007      	beq.n	1000100a <alarm_pool_cancel_alarm+0x52>
10000ffa:	2200      	movs	r2, #0
10000ffc:	691b      	ldr	r3, [r3, #16]
10000ffe:	e8c3 2f8f 	stlb	r2, [r3]
10001002:	f38e 8810 	msr	PRIMASK, lr
10001006:	2000      	movs	r0, #0
10001008:	bd10      	pop	{r4, pc}
1000100a:	ea6f 4242 	mvn.w	r2, r2, lsl #17
1000100e:	ea6f 4252 	mvn.w	r2, r2, lsr #17
10001012:	8042      	strh	r2, [r0, #2]
10001014:	2101      	movs	r1, #1
10001016:	2200      	movs	r2, #0
10001018:	6918      	ldr	r0, [r3, #16]
1000101a:	7199      	strb	r1, [r3, #6]
1000101c:	e8c0 2f8f 	stlb	r2, [r0]
10001020:	f38e 8810 	msr	PRIMASK, lr
10001024:	f893 c000 	ldrb.w	ip, [r3]
10001028:	68da      	ldr	r2, [r3, #12]
1000102a:	4608      	mov	r0, r1
1000102c:	f502 5301 	add.w	r3, r2, #8256	@ 0x2040
10001030:	fa01 f10c 	lsl.w	r1, r1, ip
10001034:	6059      	str	r1, [r3, #4]
10001036:	bd10      	pop	{r4, pc}
10001038:	2000      	movs	r0, #0
1000103a:	4770      	bx	lr

1000103c <alarm_pool_core_num>:
1000103c:	7840      	ldrb	r0, [r0, #1]
1000103e:	4770      	bx	lr

10001040 <sleep_ms>:
10001040:	e92d 43f0 	stmdb	sp!, {r4, r5, r6, r7, r8, r9, lr}
10001044:	b083      	sub	sp, #12
10001046:	4606      	mov	r6, r0
10001048:	f000 f926 	bl	10001298 <time_us_64>
1000104c:	f44f 737a 	mov.w	r3, #1000	@ 0x3e8
10001050:	4604      	mov	r4, r0
10001052:	f04f 30ff 	mov.w	r0, #4294967295	@ 0xffffffff
10001056:	f06f 4200 	mvn.w	r2, #2147483648	@ 0x80000000
1000105a:	fbe6 4103 	umlal	r4, r1, r6, r3
1000105e:	42a0      	cmp	r0, r4
10001060:	eb72 0301 	sbcs.w	r3, r2, r1
10001064:	bf3a      	itte	cc
10001066:	4604      	movcc	r4, r0
10001068:	4615      	movcc	r5, r2
1000106a:	460d      	movcs	r5, r1
1000106c:	1fa6      	subs	r6, r4, #6
1000106e:	f145 37ff 	adc.w	r7, r5, #4294967295	@ 0xffffffff
10001072:	42b4      	cmp	r4, r6
10001074:	eb75 0307 	sbcs.w	r3, r5, r7
10001078:	bf3c      	itt	cc
1000107a:	2600      	movcc	r6, #0
1000107c:	4637      	movcc	r7, r6
1000107e:	f000 f90b 	bl	10001298 <time_us_64>
10001082:	1a30      	subs	r0, r6, r0
10001084:	eb67 0101 	sbc.w	r1, r7, r1
10001088:	2801      	cmp	r0, #1
1000108a:	f171 0100 	sbcs.w	r1, r1, #0
1000108e:	da06      	bge.n	1000109e <sleep_ms+0x5e>
10001090:	4620      	mov	r0, r4
10001092:	4629      	mov	r1, r5
10001094:	b003      	add	sp, #12
10001096:	e8bd 43f0 	ldmia.w	sp!, {r4, r5, r6, r7, r8, r9, lr}
1000109a:	f000 b907 	b.w	100012ac <busy_wait_until>
1000109e:	f000 f8fb 	bl	10001298 <time_us_64>
100010a2:	4286      	cmp	r6, r0
100010a4:	eb67 0101 	sbc.w	r1, r7, r1
100010a8:	2900      	cmp	r1, #0
100010aa:	db0a      	blt.n	100010c2 <sleep_ms+0x82>
100010ac:	2100      	movs	r1, #0
100010ae:	4b1d      	ldr	r3, [pc, #116]	@ (10001124 <sleep_ms+0xe4>)
100010b0:	4632      	mov	r2, r6
100010b2:	9300      	str	r3, [sp, #0]
100010b4:	481c      	ldr	r0, [pc, #112]	@ (10001128 <sleep_ms+0xe8>)
100010b6:	463b      	mov	r3, r7
100010b8:	9101      	str	r1, [sp, #4]
100010ba:	f7ff ff17 	bl	10000eec <alarm_pool_add_alarm_at_force_in_context>
100010be:	3001      	adds	r0, #1
100010c0:	d0e6      	beq.n	10001090 <sleep_ms+0x50>
100010c2:	f04f 0e00 	mov.w	lr, #0
100010c6:	4a19      	ldr	r2, [pc, #100]	@ (1000112c <sleep_ms+0xec>)
100010c8:	f8df c068 	ldr.w	ip, [pc, #104]	@ 10001134 <sleep_ms+0xf4>
100010cc:	4918      	ldr	r1, [pc, #96]	@ (10001130 <sleep_ms+0xf0>)
100010ce:	6a53      	ldr	r3, [r2, #36]	@ 0x24
100010d0:	429f      	cmp	r7, r3
100010d2:	d804      	bhi.n	100010de <sleep_ms+0x9e>
100010d4:	6a90      	ldr	r0, [r2, #40]	@ 0x28
100010d6:	42b0      	cmp	r0, r6
100010d8:	d2da      	bcs.n	10001090 <sleep_ms+0x50>
100010da:	429f      	cmp	r7, r3
100010dc:	d1d8      	bne.n	10001090 <sleep_ms+0x50>
100010de:	f8dc 3000 	ldr.w	r3, [ip]
100010e2:	f3ef 8010 	mrs	r0, PRIMASK
100010e6:	b672      	cpsid	i
100010e8:	e8d3 9fcf 	ldaexb	r9, [r3]
100010ec:	f05f 0801 	movs.w	r8, #1
100010f0:	f1b9 0f00 	cmp.w	r9, #0
100010f4:	d1f8      	bne.n	100010e8 <sleep_ms+0xa8>
100010f6:	e8c3 8f49 	strexb	r9, r8, [r3]
100010fa:	f1b9 0f00 	cmp.w	r9, #0
100010fe:	d1f3      	bne.n	100010e8 <sleep_ms+0xa8>
10001100:	f3bf 8f5f 	dmb	sy
10001104:	780b      	ldrb	r3, [r1, #0]
10001106:	fa5f f883 	uxtb.w	r8, r3
1000110a:	f8dc 3000 	ldr.w	r3, [ip]
1000110e:	e8c3 ef8f 	stlb	lr, [r3]
10001112:	f380 8810 	msr	PRIMASK, r0
10001116:	7808      	ldrb	r0, [r1, #0]
10001118:	4580      	cmp	r8, r0
1000111a:	d100      	bne.n	1000111e <sleep_ms+0xde>
1000111c:	bf20      	wfe
1000111e:	bf20      	wfe
10001120:	e7d5      	b.n	100010ce <sleep_ms+0x8e>
10001122:	bf00      	nop
10001124:	100009c1 	.word	0x100009c1
10001128:	200013b0 	.word	0x200013b0
1000112c:	400b0000 	.word	0x400b0000
10001130:	20001d53 	.word	0x20001d53
10001134:	20001d30 	.word	0x20001d30

10001138 <best_effort_wfe_or_timeout>:
10001138:	b5f0      	push	{r4, r5, r6, r7, lr}
1000113a:	4602      	mov	r2, r0
1000113c:	b085      	sub	sp, #20
1000113e:	f3ef 8505 	mrs	r5, IPSR
10001142:	b2ed      	uxtb	r5, r5
10001144:	2d00      	cmp	r5, #0
10001146:	d161      	bne.n	1000120c <best_effort_wfe_or_timeout+0xd4>
10001148:	460b      	mov	r3, r1
1000114a:	4c42      	ldr	r4, [pc, #264]	@ (10001254 <best_effort_wfe_or_timeout+0x11c>)
1000114c:	e9d4 0100 	ldrd	r0, r1, [r4]
10001150:	4299      	cmp	r1, r3
10001152:	bf08      	it	eq
10001154:	4290      	cmpeq	r0, r2
10001156:	d04a      	beq.n	100011ee <best_effort_wfe_or_timeout+0xb6>
10001158:	e9cd 2302 	strd	r2, r3, [sp, #8]
1000115c:	4b3e      	ldr	r3, [pc, #248]	@ (10001258 <best_effort_wfe_or_timeout+0x120>)
1000115e:	68df      	ldr	r7, [r3, #12]
10001160:	781e      	ldrb	r6, [r3, #0]
10001162:	4638      	mov	r0, r7
10001164:	f000 f890 	bl	10001288 <timer_time_us_64>
10001168:	f106 0c04 	add.w	ip, r6, #4
1000116c:	f857 c02c 	ldr.w	ip, [r7, ip, lsl #2]
10001170:	9a02      	ldr	r2, [sp, #8]
10001172:	9b03      	ldr	r3, [sp, #12]
10001174:	ebac 0c00 	sub.w	ip, ip, r0
10001178:	1a10      	subs	r0, r2, r0
1000117a:	eb63 0101 	sbc.w	r1, r3, r1
1000117e:	4560      	cmp	r0, ip
10001180:	f171 0100 	sbcs.w	r1, r1, #0
10001184:	da33      	bge.n	100011ee <best_effort_wfe_or_timeout+0xb6>
10001186:	e9cd 2302 	strd	r2, r3, [sp, #8]
1000118a:	f000 f885 	bl	10001298 <time_us_64>
1000118e:	9a02      	ldr	r2, [sp, #8]
10001190:	9b03      	ldr	r3, [sp, #12]
10001192:	4282      	cmp	r2, r0
10001194:	eb63 0101 	sbc.w	r1, r3, r1
10001198:	2900      	cmp	r1, #0
1000119a:	db49      	blt.n	10001230 <best_effort_wfe_or_timeout+0xf8>
1000119c:	492f      	ldr	r1, [pc, #188]	@ (1000125c <best_effort_wfe_or_timeout+0x124>)
1000119e:	482e      	ldr	r0, [pc, #184]	@ (10001258 <best_effort_wfe_or_timeout+0x120>)
100011a0:	9100      	str	r1, [sp, #0]
100011a2:	9501      	str	r5, [sp, #4]
100011a4:	e9cd 3202 	strd	r3, r2, [sp, #8]
100011a8:	f7ff fea0 	bl	10000eec <alarm_pool_add_alarm_at_force_in_context>
100011ac:	e9dd 3202 	ldrd	r3, r2, [sp, #8]
100011b0:	1e01      	subs	r1, r0, #0
100011b2:	dd3d      	ble.n	10001230 <best_effort_wfe_or_timeout+0xf8>
100011b4:	482a      	ldr	r0, [pc, #168]	@ (10001260 <best_effort_wfe_or_timeout+0x128>)
100011b6:	e9c4 2300 	strd	r2, r3, [r4]
100011ba:	6a44      	ldr	r4, [r0, #36]	@ 0x24
100011bc:	429c      	cmp	r4, r3
100011be:	d346      	bcc.n	1000124e <best_effort_wfe_or_timeout+0x116>
100011c0:	6a80      	ldr	r0, [r0, #40]	@ 0x28
100011c2:	4290      	cmp	r0, r2
100011c4:	d341      	bcc.n	1000124a <best_effort_wfe_or_timeout+0x112>
100011c6:	4824      	ldr	r0, [pc, #144]	@ (10001258 <best_effort_wfe_or_timeout+0x120>)
100011c8:	e9cd 3202 	strd	r3, r2, [sp, #8]
100011cc:	f7ff fef4 	bl	10000fb8 <alarm_pool_cancel_alarm>
100011d0:	4923      	ldr	r1, [pc, #140]	@ (10001260 <best_effort_wfe_or_timeout+0x128>)
100011d2:	9b02      	ldr	r3, [sp, #8]
100011d4:	6a48      	ldr	r0, [r1, #36]	@ 0x24
100011d6:	4298      	cmp	r0, r3
100011d8:	d31c      	bcc.n	10001214 <best_effort_wfe_or_timeout+0xdc>
100011da:	bf14      	ite	ne
100011dc:	2001      	movne	r0, #1
100011de:	2000      	moveq	r0, #0
100011e0:	6a8b      	ldr	r3, [r1, #40]	@ 0x28
100011e2:	9a03      	ldr	r2, [sp, #12]
100011e4:	4293      	cmp	r3, r2
100011e6:	bf28      	it	cs
100011e8:	f040 0001 	orrcs.w	r0, r0, #1
100011ec:	e00c      	b.n	10001208 <best_effort_wfe_or_timeout+0xd0>
100011ee:	bf20      	wfe
100011f0:	491b      	ldr	r1, [pc, #108]	@ (10001260 <best_effort_wfe_or_timeout+0x128>)
100011f2:	6a48      	ldr	r0, [r1, #36]	@ 0x24
100011f4:	4298      	cmp	r0, r3
100011f6:	d30d      	bcc.n	10001214 <best_effort_wfe_or_timeout+0xdc>
100011f8:	bf14      	ite	ne
100011fa:	2001      	movne	r0, #1
100011fc:	2000      	moveq	r0, #0
100011fe:	6a8b      	ldr	r3, [r1, #40]	@ 0x28
10001200:	4293      	cmp	r3, r2
10001202:	bf28      	it	cs
10001204:	f040 0001 	orrcs.w	r0, r0, #1
10001208:	b005      	add	sp, #20
1000120a:	bdf0      	pop	{r4, r5, r6, r7, pc}
1000120c:	4814      	ldr	r0, [pc, #80]	@ (10001260 <best_effort_wfe_or_timeout+0x128>)
1000120e:	6a43      	ldr	r3, [r0, #36]	@ 0x24
10001210:	428b      	cmp	r3, r1
10001212:	d202      	bcs.n	1000121a <best_effort_wfe_or_timeout+0xe2>
10001214:	2000      	movs	r0, #0
10001216:	b005      	add	sp, #20
10001218:	bdf0      	pop	{r4, r5, r6, r7, pc}
1000121a:	bf14      	ite	ne
1000121c:	2301      	movne	r3, #1
1000121e:	2300      	moveq	r3, #0
10001220:	6a81      	ldr	r1, [r0, #40]	@ 0x28
10001222:	4291      	cmp	r1, r2
10001224:	bf34      	ite	cc
10001226:	4618      	movcc	r0, r3
10001228:	f043 0001 	orrcs.w	r0, r3, #1
1000122c:	b005      	add	sp, #20
1000122e:	bdf0      	pop	{r4, r5, r6, r7, pc}
10001230:	490b      	ldr	r1, [pc, #44]	@ (10001260 <best_effort_wfe_or_timeout+0x128>)
10001232:	6a48      	ldr	r0, [r1, #36]	@ 0x24
10001234:	4298      	cmp	r0, r3
10001236:	d3ed      	bcc.n	10001214 <best_effort_wfe_or_timeout+0xdc>
10001238:	1ac0      	subs	r0, r0, r3
1000123a:	bf18      	it	ne
1000123c:	2001      	movne	r0, #1
1000123e:	6a8b      	ldr	r3, [r1, #40]	@ 0x28
10001240:	4293      	cmp	r3, r2
10001242:	bf28      	it	cs
10001244:	f040 0001 	orrcs.w	r0, r0, #1
10001248:	e7de      	b.n	10001208 <best_effort_wfe_or_timeout+0xd0>
1000124a:	429c      	cmp	r4, r3
1000124c:	d1bb      	bne.n	100011c6 <best_effort_wfe_or_timeout+0x8e>
1000124e:	bf20      	wfe
10001250:	e7b9      	b.n	100011c6 <best_effort_wfe_or_timeout+0x8e>
10001252:	bf00      	nop
10001254:	200013a8 	.word	0x200013a8
10001258:	200013b0 	.word	0x200013b0
1000125c:	100009c1 	.word	0x100009c1
10001260:	400b0000 	.word	0x400b0000

10001264 <timer_hardware_alarm_claim>:
10001264:	b410      	push	{r4}
10001266:	4b05      	ldr	r3, [pc, #20]	@ (1000127c <timer_hardware_alarm_claim+0x18>)
10001268:	4c05      	ldr	r4, [pc, #20]	@ (10001280 <timer_hardware_alarm_claim+0x1c>)
1000126a:	4a06      	ldr	r2, [pc, #24]	@ (10001284 <timer_hardware_alarm_claim+0x20>)
1000126c:	42a0      	cmp	r0, r4
1000126e:	bf14      	ite	ne
10001270:	4618      	movne	r0, r3
10001272:	1c58      	addeq	r0, r3, #1
10001274:	bc10      	pop	{r4}
10001276:	f7ff b8b5 	b.w	100003e4 <hw_claim_or_assert>
1000127a:	bf00      	nop
1000127c:	20001888 	.word	0x20001888
10001280:	400b8000 	.word	0x400b8000
10001284:	100076d0 	.word	0x100076d0

10001288 <timer_time_us_64>:
10001288:	4603      	mov	r3, r0
1000128a:	6a41      	ldr	r1, [r0, #36]	@ 0x24
1000128c:	460a      	mov	r2, r1
1000128e:	6a98      	ldr	r0, [r3, #40]	@ 0x28
10001290:	6a59      	ldr	r1, [r3, #36]	@ 0x24
10001292:	428a      	cmp	r2, r1
10001294:	d1fa      	bne.n	1000128c <timer_time_us_64+0x4>
10001296:	4770      	bx	lr

10001298 <time_us_64>:
10001298:	4b03      	ldr	r3, [pc, #12]	@ (100012a8 <time_us_64+0x10>)
1000129a:	6a59      	ldr	r1, [r3, #36]	@ 0x24
1000129c:	460a      	mov	r2, r1
1000129e:	6a98      	ldr	r0, [r3, #40]	@ 0x28
100012a0:	6a59      	ldr	r1, [r3, #36]	@ 0x24
100012a2:	4291      	cmp	r1, r2
100012a4:	d1fa      	bne.n	1000129c <time_us_64+0x4>
100012a6:	4770      	bx	lr
100012a8:	400b0000 	.word	0x400b0000

100012ac <busy_wait_until>:
100012ac:	4a07      	ldr	r2, [pc, #28]	@ (100012cc <busy_wait_until+0x20>)
100012ae:	6a53      	ldr	r3, [r2, #36]	@ 0x24
100012b0:	4299      	cmp	r1, r3
100012b2:	d8fc      	bhi.n	100012ae <busy_wait_until+0x2>
100012b4:	4299      	cmp	r1, r3
100012b6:	d107      	bne.n	100012c8 <busy_wait_until+0x1c>
100012b8:	4b04      	ldr	r3, [pc, #16]	@ (100012cc <busy_wait_until+0x20>)
100012ba:	e002      	b.n	100012c2 <busy_wait_until+0x16>
100012bc:	6a5a      	ldr	r2, [r3, #36]	@ 0x24
100012be:	4291      	cmp	r1, r2
100012c0:	d102      	bne.n	100012c8 <busy_wait_until+0x1c>
100012c2:	6a9a      	ldr	r2, [r3, #40]	@ 0x28
100012c4:	4290      	cmp	r0, r2
100012c6:	d8f9      	bhi.n	100012bc <busy_wait_until+0x10>
100012c8:	4770      	bx	lr
100012ca:	bf00      	nop
100012cc:	400b0000 	.word	0x400b0000

100012d0 <clock_configure_undivided>:
100012d0:	eb00 0c40 	add.w	ip, r0, r0, lsl #1
100012d4:	ea4f 0c8c 	mov.w	ip, ip, lsl #2
100012d8:	f10c 4c80 	add.w	ip, ip, #1073741824	@ 0x40000000
100012dc:	f50c 3c80 	add.w	ip, ip, #65536	@ 0x10000
100012e0:	b570      	push	{r4, r5, r6, lr}
100012e2:	461e      	mov	r6, r3
100012e4:	f8dc 3004 	ldr.w	r3, [ip, #4]
100012e8:	1f04      	subs	r4, r0, #4
100012ea:	f5b3 3f80 	cmp.w	r3, #65536	@ 0x10000
100012ee:	bf38      	it	cc
100012f0:	f44f 3380 	movcc.w	r3, #65536	@ 0x10000
100012f4:	b2e4      	uxtb	r4, r4
100012f6:	bf38      	it	cc
100012f8:	f8cc 3004 	strcc.w	r3, [ip, #4]
100012fc:	2c01      	cmp	r4, #1
100012fe:	d92e      	bls.n	1000135e <clock_configure_undivided+0x8e>
10001300:	f44f 6500 	mov.w	r5, #2048	@ 0x800
10001304:	4b28      	ldr	r3, [pc, #160]	@ (100013a8 <clock_configure_undivided+0xd8>)
10001306:	f50c 5e40 	add.w	lr, ip, #12288	@ 0x3000
1000130a:	f8ce 5000 	str.w	r5, [lr]
1000130e:	f853 e020 	ldr.w	lr, [r3, r0, lsl #2]
10001312:	f1be 0f00 	cmp.w	lr, #0
10001316:	d117      	bne.n	10001348 <clock_configure_undivided+0x78>
10001318:	f8dc e000 	ldr.w	lr, [ip]
1000131c:	2c01      	cmp	r4, #1
1000131e:	ea8e 1242 	eor.w	r2, lr, r2, lsl #5
10001322:	f002 02e0 	and.w	r2, r2, #224	@ 0xe0
10001326:	f50c 5e80 	add.w	lr, ip, #4096	@ 0x1000
1000132a:	f8ce 2000 	str.w	r2, [lr]
1000132e:	d92b      	bls.n	10001388 <clock_configure_undivided+0xb8>
10001330:	f44f 6100 	mov.w	r1, #2048	@ 0x800
10001334:	f843 6020 	str.w	r6, [r3, r0, lsl #2]
10001338:	f44f 3380 	mov.w	r3, #65536	@ 0x10000
1000133c:	f50c 5200 	add.w	r2, ip, #8192	@ 0x2000
10001340:	6011      	str	r1, [r2, #0]
10001342:	f8cc 3004 	str.w	r3, [ip, #4]
10001346:	bd70      	pop	{r4, r5, r6, pc}
10001348:	695d      	ldr	r5, [r3, #20]
1000134a:	fbb5 fefe 	udiv	lr, r5, lr
1000134e:	f10e 0e01 	add.w	lr, lr, #1
10001352:	eb0e 0e4e 	add.w	lr, lr, lr, lsl #1
10001356:	f1be 0e03 	subs.w	lr, lr, #3
1000135a:	d2fc      	bcs.n	10001356 <clock_configure_undivided+0x86>
1000135c:	e7dc      	b.n	10001318 <clock_configure_undivided+0x48>
1000135e:	2901      	cmp	r1, #1
10001360:	d1ce      	bne.n	10001300 <clock_configure_undivided+0x30>
10001362:	2403      	movs	r4, #3
10001364:	f50c 5340 	add.w	r3, ip, #12288	@ 0x3000
10001368:	601c      	str	r4, [r3, #0]
1000136a:	f8dc 3008 	ldr.w	r3, [ip, #8]
1000136e:	07db      	lsls	r3, r3, #31
10001370:	d5fb      	bpl.n	1000136a <clock_configure_undivided+0x9a>
10001372:	f8dc 3000 	ldr.w	r3, [ip]
10001376:	f50c 5e80 	add.w	lr, ip, #4096	@ 0x1000
1000137a:	ea83 1342 	eor.w	r3, r3, r2, lsl #5
1000137e:	f003 03e0 	and.w	r3, r3, #224	@ 0xe0
10001382:	f8ce 3000 	str.w	r3, [lr]
10001386:	4b08      	ldr	r3, [pc, #32]	@ (100013a8 <clock_configure_undivided+0xd8>)
10001388:	2201      	movs	r2, #1
1000138a:	f8dc 4000 	ldr.w	r4, [ip]
1000138e:	404c      	eors	r4, r1
10001390:	f004 0403 	and.w	r4, r4, #3
10001394:	f8ce 4000 	str.w	r4, [lr]
10001398:	fa02 f101 	lsl.w	r1, r2, r1
1000139c:	f8dc 2008 	ldr.w	r2, [ip, #8]
100013a0:	420a      	tst	r2, r1
100013a2:	d0fb      	beq.n	1000139c <clock_configure_undivided+0xcc>
100013a4:	e7c4      	b.n	10001330 <clock_configure_undivided+0x60>
100013a6:	bf00      	nop
100013a8:	2000188c 	.word	0x2000188c

100013ac <clock_get_hz>:
100013ac:	4b01      	ldr	r3, [pc, #4]	@ (100013b4 <clock_get_hz+0x8>)
100013ae:	f853 0020 	ldr.w	r0, [r3, r0, lsl #2]
100013b2:	4770      	bx	lr
100013b4:	2000188c 	.word	0x2000188c

100013b8 <pll_init>:
100013b8:	b510      	push	{r4, lr}
100013ba:	9c02      	ldr	r4, [sp, #8]
100013bc:	468e      	mov	lr, r1
100013be:	ea4f 3c04 	mov.w	ip, r4, lsl #12
100013c2:	ea4c 4c03 	orr.w	ip, ip, r3, lsl #16
100013c6:	4b1c      	ldr	r3, [pc, #112]	@ (10001438 <pll_init+0x80>)
100013c8:	fbb3 f3f1 	udiv	r3, r3, r1
100013cc:	6801      	ldr	r1, [r0, #0]
100013ce:	fbb2 f4f3 	udiv	r4, r2, r3
100013d2:	2900      	cmp	r1, #0
100013d4:	db20      	blt.n	10001418 <pll_init+0x60>
100013d6:	4a19      	ldr	r2, [pc, #100]	@ (1000143c <pll_init+0x84>)
100013d8:	4b19      	ldr	r3, [pc, #100]	@ (10001440 <pll_init+0x88>)
100013da:	4290      	cmp	r0, r2
100013dc:	bf14      	ite	ne
100013de:	f44f 4280 	movne.w	r2, #16384	@ 0x4000
100013e2:	f44f 4200 	moveq.w	r2, #32768	@ 0x8000
100013e6:	4917      	ldr	r1, [pc, #92]	@ (10001444 <pll_init+0x8c>)
100013e8:	601a      	str	r2, [r3, #0]
100013ea:	f503 5380 	add.w	r3, r3, #4096	@ 0x1000
100013ee:	601a      	str	r2, [r3, #0]
100013f0:	688b      	ldr	r3, [r1, #8]
100013f2:	ea32 0303 	bics.w	r3, r2, r3
100013f6:	d1fb      	bne.n	100013f0 <pll_init+0x38>
100013f8:	2221      	movs	r2, #33	@ 0x21
100013fa:	f500 5340 	add.w	r3, r0, #12288	@ 0x3000
100013fe:	3304      	adds	r3, #4
10001400:	f8c0 e000 	str.w	lr, [r0]
10001404:	6084      	str	r4, [r0, #8]
10001406:	601a      	str	r2, [r3, #0]
10001408:	6802      	ldr	r2, [r0, #0]
1000140a:	2a00      	cmp	r2, #0
1000140c:	dafc      	bge.n	10001408 <pll_init+0x50>
1000140e:	2208      	movs	r2, #8
10001410:	f8c0 c00c 	str.w	ip, [r0, #12]
10001414:	601a      	str	r2, [r3, #0]
10001416:	bd10      	pop	{r4, pc}
10001418:	6803      	ldr	r3, [r0, #0]
1000141a:	f003 033f 	and.w	r3, r3, #63	@ 0x3f
1000141e:	4573      	cmp	r3, lr
10001420:	d1d9      	bne.n	100013d6 <pll_init+0x1e>
10001422:	6883      	ldr	r3, [r0, #8]
10001424:	f3c3 030b 	ubfx	r3, r3, #0, #12
10001428:	42a3      	cmp	r3, r4
1000142a:	d1d4      	bne.n	100013d6 <pll_init+0x1e>
1000142c:	68c3      	ldr	r3, [r0, #12]
1000142e:	f403 23ee 	and.w	r3, r3, #487424	@ 0x77000
10001432:	4563      	cmp	r3, ip
10001434:	d1cf      	bne.n	100013d6 <pll_init+0x1e>
10001436:	bd10      	pop	{r4, pc}
10001438:	00b71b00 	.word	0x00b71b00
1000143c:	40058000 	.word	0x40058000
10001440:	40022000 	.word	0x40022000
10001444:	40020000 	.word	0x40020000

10001448 <watchdog_reboot>:
10001448:	f04f 4c80 	mov.w	ip, #1073741824	@ 0x40000000
1000144c:	4b21      	ldr	r3, [pc, #132]	@ (100014d4 <watchdog_reboot+0x8c>)
1000144e:	b500      	push	{lr}
10001450:	f8c3 c000 	str.w	ip, [r3]
10001454:	2800      	cmp	r0, #0
10001456:	d039      	beq.n	100014cc <watchdog_reboot+0x84>
10001458:	f8df c088 	ldr.w	ip, [pc, #136]	@ 100014e4 <watchdog_reboot+0x9c>
1000145c:	f5a3 5340 	sub.w	r3, r3, #12288	@ 0x3000
10001460:	f8c3 c01c 	str.w	ip, [r3, #28]
10001464:	f8df c080 	ldr.w	ip, [pc, #128]	@ 100014e8 <watchdog_reboot+0xa0>
10001468:	f040 0001 	orr.w	r0, r0, #1
1000146c:	ea80 0c0c 	eor.w	ip, r0, ip
10001470:	f8c3 c020 	str.w	ip, [r3, #32]
10001474:	6259      	str	r1, [r3, #36]	@ 0x24
10001476:	6298      	str	r0, [r3, #40]	@ 0x28
10001478:	f04f 4e80 	mov.w	lr, #1073741824	@ 0x40000000
1000147c:	f04f 61e0 	mov.w	r1, #117440512	@ 0x7000000
10001480:	4b14      	ldr	r3, [pc, #80]	@ (100014d4 <watchdog_reboot+0x8c>)
10001482:	4815      	ldr	r0, [pc, #84]	@ (100014d8 <watchdog_reboot+0x90>)
10001484:	f8df c064 	ldr.w	ip, [pc, #100]	@ 100014ec <watchdog_reboot+0xa4>
10001488:	f8c3 e000 	str.w	lr, [r3]
1000148c:	f8c0 c008 	str.w	ip, [r0, #8]
10001490:	6019      	str	r1, [r3, #0]
10001492:	b92a      	cbnz	r2, 100014a0 <watchdog_reboot+0x58>
10001494:	f04f 4200 	mov.w	r2, #2147483648	@ 0x80000000
10001498:	f5a3 5380 	sub.w	r3, r3, #4096	@ 0x1000
1000149c:	601a      	str	r2, [r3, #0]
1000149e:	bd00      	pop	{pc}
100014a0:	f44f 737a 	mov.w	r3, #1000	@ 0x3e8
100014a4:	fb03 f202 	mul.w	r2, r3, r2
100014a8:	f1b2 7f80 	cmp.w	r2, #16777216	@ 0x1000000
100014ac:	bf2a      	itet	cs
100014ae:	f06f 437f 	mvncs.w	r3, #4278190080	@ 0xff000000
100014b2:	4613      	movcc	r3, r2
100014b4:	461a      	movcs	r2, r3
100014b6:	f04f 4180 	mov.w	r1, #1073741824	@ 0x40000000
100014ba:	f8df c034 	ldr.w	ip, [pc, #52]	@ 100014f0 <watchdog_reboot+0xa8>
100014be:	4807      	ldr	r0, [pc, #28]	@ (100014dc <watchdog_reboot+0x94>)
100014c0:	f8cc 3000 	str.w	r3, [ip]
100014c4:	4b06      	ldr	r3, [pc, #24]	@ (100014e0 <watchdog_reboot+0x98>)
100014c6:	6042      	str	r2, [r0, #4]
100014c8:	6019      	str	r1, [r3, #0]
100014ca:	bd00      	pop	{pc}
100014cc:	4b03      	ldr	r3, [pc, #12]	@ (100014dc <watchdog_reboot+0x94>)
100014ce:	61d8      	str	r0, [r3, #28]
100014d0:	e7d2      	b.n	10001478 <watchdog_reboot+0x30>
100014d2:	bf00      	nop
100014d4:	400db000 	.word	0x400db000
100014d8:	4001a000 	.word	0x4001a000
100014dc:	400d8000 	.word	0x400d8000
100014e0:	400da000 	.word	0x400da000
100014e4:	b007c0d3 	.word	0xb007c0d3
100014e8:	4ff83f2d 	.word	0x4ff83f2d
100014ec:	01fffff3 	.word	0x01fffff3
100014f0:	20001cec 	.word	0x20001cec

100014f4 <tick_start>:
100014f4:	2301      	movs	r3, #1
100014f6:	eb00 0040 	add.w	r0, r0, r0, lsl #1
100014fa:	0080      	lsls	r0, r0, #2
100014fc:	f100 4080 	add.w	r0, r0, #1073741824	@ 0x40000000
10001500:	f500 1084 	add.w	r0, r0, #1081344	@ 0x108000
10001504:	6041      	str	r1, [r0, #4]
10001506:	6003      	str	r3, [r0, #0]
10001508:	4770      	bx	lr
1000150a:	bf00      	nop

1000150c <rom_reboot.constprop.0.isra.0>:
1000150c:	f04f 0c00 	mov.w	ip, #0
10001510:	b530      	push	{r4, r5, lr}
10001512:	4613      	mov	r3, r2
10001514:	b083      	sub	sp, #12
10001516:	4604      	mov	r4, r0
10001518:	460d      	mov	r5, r1
1000151a:	f8bc 2016 	ldrh.w	r2, [ip, #22]
1000151e:	2100      	movs	r1, #0
10001520:	e841 f100 	tt	r1, r1
10001524:	9301      	str	r3, [sp, #4]
10001526:	024b      	lsls	r3, r1, #9
10001528:	bf54      	ite	pl
1000152a:	2110      	movpl	r1, #16
1000152c:	2104      	movmi	r1, #4
1000152e:	f244 2052 	movw	r0, #16978	@ 0x4252
10001532:	4790      	blx	r2
10001534:	4686      	mov	lr, r0
10001536:	462a      	mov	r2, r5
10001538:	210a      	movs	r1, #10
1000153a:	4620      	mov	r0, r4
1000153c:	46f4      	mov	ip, lr
1000153e:	9b01      	ldr	r3, [sp, #4]
10001540:	b003      	add	sp, #12
10001542:	e8bd 4030 	ldmia.w	sp!, {r4, r5, lr}
10001546:	4760      	bx	ip

10001548 <rom_func_lookup>:
10001548:	2300      	movs	r3, #0
1000154a:	8adb      	ldrh	r3, [r3, #22]
1000154c:	2200      	movs	r2, #0
1000154e:	e842 f200 	tt	r2, r2
10001552:	0252      	lsls	r2, r2, #9
10001554:	d401      	bmi.n	1000155a <rom_func_lookup+0x12>
10001556:	2110      	movs	r1, #16
10001558:	4718      	bx	r3
1000155a:	2104      	movs	r1, #4
1000155c:	4718      	bx	r3
1000155e:	bf00      	nop

10001560 <rom_reset_usb_boot_extra>:
10001560:	2800      	cmp	r0, #0
10001562:	b508      	push	{r3, lr}
10001564:	db0e      	blt.n	10001584 <rom_reset_usb_boot_extra+0x24>
10001566:	b952      	cbnz	r2, 1000157e <rom_reset_usb_boot_extra+0x1e>
10001568:	f041 0120 	orr.w	r1, r1, #32
1000156c:	2300      	movs	r3, #0
1000156e:	7cdb      	ldrb	r3, [r3, #19]
10001570:	2b02      	cmp	r3, #2
10001572:	d00a      	beq.n	1000158a <rom_reset_usb_boot_extra+0x2a>
10001574:	4602      	mov	r2, r0
10001576:	f44f 7081 	mov.w	r0, #258	@ 0x102
1000157a:	f7ff ffc7 	bl	1000150c <rom_reboot.constprop.0.isra.0>
1000157e:	f041 0130 	orr.w	r1, r1, #48	@ 0x30
10001582:	e7f3      	b.n	1000156c <rom_reset_usb_boot_extra+0xc>
10001584:	068b      	lsls	r3, r1, #26
10001586:	d5f5      	bpl.n	10001574 <rom_reset_usb_boot_extra+0x14>
10001588:	e7f0      	b.n	1000156c <rom_reset_usb_boot_extra+0xc>
1000158a:	4602      	mov	r2, r0
1000158c:	f44f 7091 	mov.w	r0, #290	@ 0x122
10001590:	f7ff ffbc 	bl	1000150c <rom_reboot.constprop.0.isra.0>

10001594 <runtime_init_bootrom_locking_enable>:
10001594:	4a03      	ldr	r2, [pc, #12]	@ (100015a4 <runtime_init_bootrom_locking_enable+0x10>)
10001596:	f8d2 3828 	ldr.w	r3, [r2, #2088]	@ 0x828
1000159a:	2b00      	cmp	r3, #0
1000159c:	d0fb      	beq.n	10001596 <runtime_init_bootrom_locking_enable+0x2>
1000159e:	f3bf 8f5f 	dmb	sy
100015a2:	4770      	bx	lr
100015a4:	400e0000 	.word	0x400e0000

100015a8 <runtime_init_boot_locks_reset>:
100015a8:	2100      	movs	r1, #0
100015aa:	4b04      	ldr	r3, [pc, #16]	@ (100015bc <runtime_init_boot_locks_reset+0x14>)
100015ac:	4a04      	ldr	r2, [pc, #16]	@ (100015c0 <runtime_init_boot_locks_reset+0x18>)
100015ae:	f3bf 8f5f 	dmb	sy
100015b2:	f843 1b04 	str.w	r1, [r3], #4
100015b6:	4293      	cmp	r3, r2
100015b8:	d1f9      	bne.n	100015ae <runtime_init_boot_locks_reset+0x6>
100015ba:	4770      	bx	lr
100015bc:	400e080c 	.word	0x400e080c
100015c0:	400e082c 	.word	0x400e082c

100015c4 <xosc_init>:
100015c4:	f44f 6c2a 	mov.w	ip, #2720	@ 0xaa0
100015c8:	f44f 708d 	mov.w	r0, #282	@ 0x11a
100015cc:	4a05      	ldr	r2, [pc, #20]	@ (100015e4 <xosc_init+0x20>)
100015ce:	4b06      	ldr	r3, [pc, #24]	@ (100015e8 <xosc_init+0x24>)
100015d0:	4906      	ldr	r1, [pc, #24]	@ (100015ec <xosc_init+0x28>)
100015d2:	f8c2 c000 	str.w	ip, [r2]
100015d6:	60d0      	str	r0, [r2, #12]
100015d8:	6019      	str	r1, [r3, #0]
100015da:	6853      	ldr	r3, [r2, #4]
100015dc:	2b00      	cmp	r3, #0
100015de:	dafc      	bge.n	100015da <xosc_init+0x16>
100015e0:	4770      	bx	lr
100015e2:	bf00      	nop
100015e4:	40048000 	.word	0x40048000
100015e8:	4004a000 	.word	0x4004a000
100015ec:	00fab000 	.word	0x00fab000

100015f0 <first_per_core_initializer>:
100015f0:	4770      	bx	lr
100015f2:	bf00      	nop

100015f4 <hard_assertion_failure>:
100015f4:	b508      	push	{r3, lr}
100015f6:	4801      	ldr	r0, [pc, #4]	@ (100015fc <hard_assertion_failure+0x8>)
100015f8:	f7fe fedc 	bl	100003b4 <panic>
100015fc:	100076f4 	.word	0x100076f4

10001600 <runtime_run_initializers>:
10001600:	b538      	push	{r3, r4, r5, lr}
10001602:	4c05      	ldr	r4, [pc, #20]	@ (10001618 <runtime_run_initializers+0x18>)
10001604:	4d05      	ldr	r5, [pc, #20]	@ (1000161c <runtime_run_initializers+0x1c>)
10001606:	42ac      	cmp	r4, r5
10001608:	d204      	bcs.n	10001614 <runtime_run_initializers+0x14>
1000160a:	f854 3b04 	ldr.w	r3, [r4], #4
1000160e:	4798      	blx	r3
10001610:	42ac      	cmp	r4, r5
10001612:	d3fa      	bcc.n	1000160a <runtime_run_initializers+0xa>
10001614:	bd38      	pop	{r3, r4, r5, pc}
10001616:	bf00      	nop
10001618:	10007520 	.word	0x10007520
1000161c:	10007560 	.word	0x10007560

10001620 <runtime_init_early_resets>:
10001620:	4806      	ldr	r0, [pc, #24]	@ (1000163c <runtime_init_early_resets+0x1c>)
10001622:	f8df c028 	ldr.w	ip, [pc, #40]	@ 1000164c <runtime_init_early_resets+0x2c>
10001626:	4b06      	ldr	r3, [pc, #24]	@ (10001640 <runtime_init_early_resets+0x20>)
10001628:	4a06      	ldr	r2, [pc, #24]	@ (10001644 <runtime_init_early_resets+0x24>)
1000162a:	4907      	ldr	r1, [pc, #28]	@ (10001648 <runtime_init_early_resets+0x28>)
1000162c:	f8c0 c000 	str.w	ip, [r0]
10001630:	601a      	str	r2, [r3, #0]
10001632:	688b      	ldr	r3, [r1, #8]
10001634:	ea32 0303 	bics.w	r3, r2, r3
10001638:	d1fb      	bne.n	10001632 <runtime_init_early_resets+0x12>
1000163a:	4770      	bx	lr
1000163c:	40022000 	.word	0x40022000
10001640:	40023000 	.word	0x40023000
10001644:	03f3fff6 	.word	0x03f3fff6
10001648:	40020000 	.word	0x40020000
1000164c:	efef3b7f 	.word	0xefef3b7f

10001650 <runtime_init_usb_power_down>:
10001650:	4b04      	ldr	r3, [pc, #16]	@ (10001664 <runtime_init_usb_power_down+0x14>)
10001652:	6cdb      	ldr	r3, [r3, #76]	@ 0x4c
10001654:	f5b3 4f00 	cmp.w	r3, #32768	@ 0x8000
10001658:	d103      	bne.n	10001662 <runtime_init_usb_power_down+0x12>
1000165a:	f44f 2280 	mov.w	r2, #262144	@ 0x40000
1000165e:	4b02      	ldr	r3, [pc, #8]	@ (10001668 <runtime_init_usb_power_down+0x18>)
10001660:	64da      	str	r2, [r3, #76]	@ 0x4c
10001662:	4770      	bx	lr
10001664:	50110000 	.word	0x50110000
10001668:	50112000 	.word	0x50112000

1000166c <runtime_init_per_core_enable_coprocessors>:
1000166c:	f04f 22e0 	mov.w	r2, #3758153728	@ 0xe000e000
10001670:	4b04      	ldr	r3, [pc, #16]	@ (10001684 <runtime_init_per_core_enable_coprocessors+0x18>)
10001672:	f8d2 1d88 	ldr.w	r1, [r2, #3464]	@ 0xd88
10001676:	430b      	orrs	r3, r1
10001678:	f8c2 3d88 	str.w	r3, [r2, #3464]	@ 0xd88
1000167c:	ee10 0430 			dcp_rcmp r0
10001680:	4770      	bx	lr
10001682:	bf00      	nop
10001684:	00300303 	.word	0x00300303

10001688 <runtime_init_post_clock_resets>:
10001688:	f06f 4160 	mvn.w	r1, #3758096384	@ 0xe0000000
1000168c:	4b04      	ldr	r3, [pc, #16]	@ (100016a0 <runtime_init_post_clock_resets+0x18>)
1000168e:	4a05      	ldr	r2, [pc, #20]	@ (100016a4 <runtime_init_post_clock_resets+0x1c>)
10001690:	6019      	str	r1, [r3, #0]
10001692:	6893      	ldr	r3, [r2, #8]
10001694:	43db      	mvns	r3, r3
10001696:	f033 4360 	bics.w	r3, r3, #3758096384	@ 0xe0000000
1000169a:	d1fa      	bne.n	10001692 <runtime_init_post_clock_resets+0xa>
1000169c:	4770      	bx	lr
1000169e:	bf00      	nop
100016a0:	40023000 	.word	0x40023000
100016a4:	40020000 	.word	0x40020000

100016a8 <runtime_init_bootrom_reset>:
100016a8:	b510      	push	{r4, lr}
100016aa:	f245 2053 	movw	r0, #21075	@ 0x5253
100016ae:	f7ff ff4b 	bl	10001548 <rom_func_lookup>
100016b2:	e8bd 4010 	ldmia.w	sp!, {r4, lr}
100016b6:	4603      	mov	r3, r0
100016b8:	2004      	movs	r0, #4
100016ba:	4718      	bx	r3

100016bc <runtime_init_per_core_bootrom_reset>:
100016bc:	b510      	push	{r4, lr}
100016be:	f245 2053 	movw	r0, #21075	@ 0x5253
100016c2:	f7ff ff41 	bl	10001548 <rom_func_lookup>
100016c6:	e8bd 4010 	ldmia.w	sp!, {r4, lr}
100016ca:	4603      	mov	r3, r0
100016cc:	2001      	movs	r0, #1
100016ce:	4718      	bx	r3

100016d0 <runtime_init_spin_locks_reset>:
100016d0:	f7fe bf1c 	b.w	1000050c <spin_locks_reset>

100016d4 <runtime_init_install_ram_vector_table>:
100016d4:	4913      	ldr	r1, [pc, #76]	@ (10001724 <runtime_init_install_ram_vector_table+0x50>)
100016d6:	4b14      	ldr	r3, [pc, #80]	@ (10001728 <runtime_init_install_ram_vector_table+0x54>)
100016d8:	b570      	push	{r4, r5, r6, lr}
100016da:	1a5c      	subs	r4, r3, r1
100016dc:	08a5      	lsrs	r5, r4, #2
100016de:	2d44      	cmp	r5, #68	@ 0x44
100016e0:	462a      	mov	r2, r5
100016e2:	bf28      	it	cs
100016e4:	2244      	movcs	r2, #68	@ 0x44
100016e6:	4e11      	ldr	r6, [pc, #68]	@ (1000172c <runtime_init_install_ram_vector_table+0x58>)
100016e8:	0092      	lsls	r2, r2, #2
100016ea:	4630      	mov	r0, r6
100016ec:	f005 ff0c 	bl	10007508 <__memcpy_veneer>
100016f0:	2d43      	cmp	r5, #67	@ 0x43
100016f2:	d813      	bhi.n	1000171c <runtime_init_install_ram_vector_table+0x48>
100016f4:	4a0e      	ldr	r2, [pc, #56]	@ (10001730 <runtime_init_install_ram_vector_table+0x5c>)
100016f6:	d00f      	beq.n	10001718 <runtime_init_install_ram_vector_table+0x44>
100016f8:	f1c5 0044 	rsb	r0, r5, #68	@ 0x44
100016fc:	1933      	adds	r3, r6, r4
100016fe:	0841      	lsrs	r1, r0, #1
10001700:	eb03 01c1 	add.w	r1, r3, r1, lsl #3
10001704:	e9c3 2200 	strd	r2, r2, [r3]
10001708:	3308      	adds	r3, #8
1000170a:	428b      	cmp	r3, r1
1000170c:	d1fa      	bne.n	10001704 <runtime_init_install_ram_vector_table+0x30>
1000170e:	07c3      	lsls	r3, r0, #31
10001710:	d504      	bpl.n	1000171c <runtime_init_install_ram_vector_table+0x48>
10001712:	f020 0001 	bic.w	r0, r0, #1
10001716:	4405      	add	r5, r0
10001718:	f846 2025 	str.w	r2, [r6, r5, lsl #2]
1000171c:	4b05      	ldr	r3, [pc, #20]	@ (10001734 <runtime_init_install_ram_vector_table+0x60>)
1000171e:	609e      	str	r6, [r3, #8]
10001720:	bd70      	pop	{r4, r5, r6, pc}
10001722:	bf00      	nop
10001724:	10000000 	.word	0x10000000
10001728:	10000110 	.word	0x10000110
1000172c:	20000000 	.word	0x20000000
10001730:	10000111 	.word	0x10000111
10001734:	e000ed00 	.word	0xe000ed00

10001738 <runtime_init_clocks>:
10001738:	2300      	movs	r3, #0
1000173a:	b570      	push	{r4, r5, r6, lr}
1000173c:	4c2b      	ldr	r4, [pc, #172]	@ (100017ec <runtime_init_clocks+0xb4>)
1000173e:	b082      	sub	sp, #8
10001740:	f8c4 3084 	str.w	r3, [r4, #132]	@ 0x84
10001744:	f7ff ff3e 	bl	100015c4 <xosc_init>
10001748:	2201      	movs	r2, #1
1000174a:	4b29      	ldr	r3, [pc, #164]	@ (100017f0 <runtime_init_clocks+0xb8>)
1000174c:	63da      	str	r2, [r3, #60]	@ 0x3c
1000174e:	6c63      	ldr	r3, [r4, #68]	@ 0x44
10001750:	2b01      	cmp	r3, #1
10001752:	d1fc      	bne.n	1000174e <runtime_init_clocks+0x16>
10001754:	2103      	movs	r1, #3
10001756:	4a26      	ldr	r2, [pc, #152]	@ (100017f0 <runtime_init_clocks+0xb8>)
10001758:	4b24      	ldr	r3, [pc, #144]	@ (100017ec <runtime_init_clocks+0xb4>)
1000175a:	6311      	str	r1, [r2, #48]	@ 0x30
1000175c:	6b9c      	ldr	r4, [r3, #56]	@ 0x38
1000175e:	2c01      	cmp	r4, #1
10001760:	d1fc      	bne.n	1000175c <runtime_init_clocks+0x24>
10001762:	2602      	movs	r6, #2
10001764:	2505      	movs	r5, #5
10001766:	4621      	mov	r1, r4
10001768:	2305      	movs	r3, #5
1000176a:	4a22      	ldr	r2, [pc, #136]	@ (100017f4 <runtime_init_clocks+0xbc>)
1000176c:	4822      	ldr	r0, [pc, #136]	@ (100017f8 <runtime_init_clocks+0xc0>)
1000176e:	9600      	str	r6, [sp, #0]
10001770:	f7ff fe22 	bl	100013b8 <pll_init>
10001774:	4621      	mov	r1, r4
10001776:	462b      	mov	r3, r5
10001778:	4a20      	ldr	r2, [pc, #128]	@ (100017fc <runtime_init_clocks+0xc4>)
1000177a:	4821      	ldr	r0, [pc, #132]	@ (10001800 <runtime_init_clocks+0xc8>)
1000177c:	9500      	str	r5, [sp, #0]
1000177e:	f7ff fe1b 	bl	100013b8 <pll_init>
10001782:	2200      	movs	r2, #0
10001784:	2004      	movs	r0, #4
10001786:	4631      	mov	r1, r6
10001788:	4b1e      	ldr	r3, [pc, #120]	@ (10001804 <runtime_init_clocks+0xcc>)
1000178a:	f7ff fda1 	bl	100012d0 <clock_configure_undivided>
1000178e:	4621      	mov	r1, r4
10001790:	4628      	mov	r0, r5
10001792:	2200      	movs	r2, #0
10001794:	4b1c      	ldr	r3, [pc, #112]	@ (10001808 <runtime_init_clocks+0xd0>)
10001796:	f7ff fd9b 	bl	100012d0 <clock_configure_undivided>
1000179a:	2200      	movs	r2, #0
1000179c:	2008      	movs	r0, #8
1000179e:	4611      	mov	r1, r2
100017a0:	4b1a      	ldr	r3, [pc, #104]	@ (1000180c <runtime_init_clocks+0xd4>)
100017a2:	f7ff fd95 	bl	100012d0 <clock_configure_undivided>
100017a6:	2200      	movs	r2, #0
100017a8:	2009      	movs	r0, #9
100017aa:	4611      	mov	r1, r2
100017ac:	4b17      	ldr	r3, [pc, #92]	@ (1000180c <runtime_init_clocks+0xd4>)
100017ae:	f7ff fd8f 	bl	100012d0 <clock_configure_undivided>
100017b2:	2200      	movs	r2, #0
100017b4:	2006      	movs	r0, #6
100017b6:	4611      	mov	r1, r2
100017b8:	4b13      	ldr	r3, [pc, #76]	@ (10001808 <runtime_init_clocks+0xd0>)
100017ba:	f7ff fd89 	bl	100012d0 <clock_configure_undivided>
100017be:	2200      	movs	r2, #0
100017c0:	4b11      	ldr	r3, [pc, #68]	@ (10001808 <runtime_init_clocks+0xd0>)
100017c2:	2007      	movs	r0, #7
100017c4:	4611      	mov	r1, r2
100017c6:	f7ff fd83 	bl	100012d0 <clock_configure_undivided>
100017ca:	2004      	movs	r0, #4
100017cc:	f7ff fdee 	bl	100013ac <clock_get_hz>
100017d0:	2400      	movs	r4, #0
100017d2:	4b0f      	ldr	r3, [pc, #60]	@ (10001810 <runtime_init_clocks+0xd8>)
100017d4:	fba3 3500 	umull	r3, r5, r3, r0
100017d8:	0cad      	lsrs	r5, r5, #18
100017da:	b2e0      	uxtb	r0, r4
100017dc:	4629      	mov	r1, r5
100017de:	3401      	adds	r4, #1
100017e0:	f7ff fe88 	bl	100014f4 <tick_start>
100017e4:	2c06      	cmp	r4, #6
100017e6:	d1f8      	bne.n	100017da <runtime_init_clocks+0xa2>
100017e8:	b002      	add	sp, #8
100017ea:	bd70      	pop	{r4, r5, r6, pc}
100017ec:	40010000 	.word	0x40010000
100017f0:	40013000 	.word	0x40013000
100017f4:	59682f00 	.word	0x59682f00
100017f8:	40050000 	.word	0x40050000
100017fc:	47868c00 	.word	0x47868c00
10001800:	40058000 	.word	0x40058000
10001804:	00b71b00 	.word	0x00b71b00
10001808:	08f0d180 	.word	0x08f0d180
1000180c:	02dc6c00 	.word	0x02dc6c00
10001810:	431bde83 	.word	0x431bde83

10001814 <generic_save_state>:
10001814:	b086      	sub	sp, #24
10001816:	b403      	push	{r0, r1}
10001818:	fc51 0408 	dcp_pxmd r0, r1
1000181c:	e9cd 0102 	strd	r0, r1, [sp, #8]
10001820:	fc51 0409 	dcp_pymd r0, r1
10001824:	e9cd 0104 	strd	r0, r1, [sp, #16]
10001828:	ec51 040a 	dcp_refd r0, r1
1000182c:	e9cd 0106 	strd	r0, r1, [sp, #24]
10001830:	bc03      	pop	{r0, r1}
10001832:	47f0      	blx	lr

10001834 <generic_restore_state>:
10001834:	e8bd 5000 	ldmia.w	sp!, {ip, lr}
10001838:	ec4e c400 	dcp_wxmd ip, lr
1000183c:	e8bd 5000 	ldmia.w	sp!, {ip, lr}
10001840:	ec4e c401 	dcp_wymd ip, lr
10001844:	e8bd 5000 	ldmia.w	sp!, {ip, lr}
10001848:	ec4e c402 	dcp_wefd ip, lr
1000184c:	bd00      	pop	{pc}
1000184e:	0000      	movs	r0, r0
10001850:	b500      	push	{lr}
10001852:	f7ff ffdf 	bl	10001814 <generic_save_state>
10001856:	e002      	b.n	1000185e <__wrap___aeabi_dadd+0x6>

10001858 <__wrap___aeabi_dadd>:
10001858:	fe10 f430 	dcp_pcmp APSR_nzcv
1000185c:	d4f8      	bmi.n	10001850 <generic_restore_state+0x1c>
1000185e:	ec41 0410 	dcp_wxup r0, r1
10001862:	ec43 2411 	dcp_wyup r2, r3
10001866:	ee00 0401 			dcp_add0
1000186a:	ee10 0401 			dcp_add1
1000186e:	ee80 0420 			dcp_nrdd
10001872:	ec51 0410 	dcp_rdda r0, r1
10001876:	4770      	bx	lr
10001878:	b500      	push	{lr}
1000187a:	f7ff ffcb 	bl	10001814 <generic_save_state>
1000187e:	e002      	b.n	10001886 <__wrap___aeabi_dsub+0x6>

10001880 <__wrap___aeabi_dsub>:
10001880:	fe10 f430 	dcp_pcmp APSR_nzcv
10001884:	d4f8      	bmi.n	10001878 <__wrap___aeabi_dadd+0x20>
10001886:	ec41 0410 	dcp_wxup r0, r1
1000188a:	ec43 2411 	dcp_wyup r2, r3
1000188e:	ee00 0401 			dcp_add0
10001892:	ee10 0421 			dcp_sub1
10001896:	ee80 0420 			dcp_nrdd
1000189a:	ec51 0430 	dcp_rdds r0, r1
1000189e:	4770      	bx	lr
100018a0:	b500      	push	{lr}
100018a2:	f7ff ffb7 	bl	10001814 <generic_save_state>
100018a6:	e002      	b.n	100018ae <__wrap___aeabi_dmul+0x6>

100018a8 <__wrap___aeabi_dmul>:
100018a8:	fe10 f430 	dcp_pcmp APSR_nzcv
100018ac:	d4f8      	bmi.n	100018a0 <__wrap___aeabi_dsub+0x20>
100018ae:	b510      	push	{r4, lr}
100018b0:	ec41 0410 	dcp_wxup r0, r1
100018b4:	ec43 2411 	dcp_wyup r2, r3
100018b8:	ec51 0404 	dcp_rxms r0, r1, #0x0
100018bc:	ec53 2405 	dcp_ryms r2, r3, #0x0
100018c0:	fba0 4c02 	umull	r4, ip, r0, r2
100018c4:	f05f 0e00 	movs.w	lr, #0
100018c8:	fbe0 ce03 	umlal	ip, lr, r0, r3
100018cc:	fbe1 ce02 	umlal	ip, lr, r1, r2
100018d0:	ec4c 4420 	dcp_wxms r4, ip
100018d4:	2400      	movs	r4, #0
100018d6:	fbe1 e403 	umlal	lr, r4, r1, r3
100018da:	ec44 e430 	dcp_wxmo lr, r4
100018de:	ee80 0420 			dcp_nrdd
100018e2:	ec51 0450 	dcp_rddm r0, r1
100018e6:	bd10      	pop	{r4, pc}
100018e8:	b500      	push	{lr}
100018ea:	f7ff ff93 	bl	10001814 <generic_save_state>
100018ee:	e002      	b.n	100018f6 <__wrap___aeabi_ddiv+0x6>

100018f0 <__wrap___aeabi_ddiv>:
100018f0:	fe10 f430 	dcp_pcmp APSR_nzcv
100018f4:	d4f8      	bmi.n	100018e8 <__wrap___aeabi_dmul+0x40>
100018f6:	ec41 0410 	dcp_wxup r0, r1
100018fa:	ec43 2411 	dcp_wyup r2, r3
100018fe:	ec51 0421 	dcp_rymr r0, r1
10001902:	fba0 1201 	umull	r1, r2, r0, r1
10001906:	ea6f 0282 	mvn.w	r2, r2, lsl #2
1000190a:	fb52 0010 	smmlar	r0, r2, r0, r0
1000190e:	fb52 f212 	smmulr	r2, r2, r2
10001912:	fb52 0010 	smmlar	r0, r2, r0, r0
10001916:	eba0 7cd0 	sub.w	ip, r0, r0, lsr #31
1000191a:	ec53 2404 	dcp_rxms r2, r3, #0x0
1000191e:	fb5c f113 	smmulr	r1, ip, r3
10001922:	ec53 2415 	dcp_ryms r2, r3, #0x1
10001926:	fba1 2002 	umull	r2, r0, r1, r2
1000192a:	fb01 0003 	mla	r0, r1, r3, r0
1000192e:	ec53 2444 	dcp_rxms r2, r3, #0x4
10001932:	eba2 0000 	sub.w	r0, r2, r0
10001936:	fb50 f21c 	smmulr	r2, r0, ip
1000193a:	ea4f 1311 	mov.w	r3, r1, lsr #4
1000193e:	eb12 7001 	adds.w	r0, r2, r1, lsl #28
10001942:	eb43 71e2 	adc.w	r1, r3, r2, asr #31
10001946:	ea40 5051 	orr.w	r0, r0, r1, lsr #21
1000194a:	ea20 5091 	bic.w	r0, r0, r1, lsr #22
1000194e:	f020 0007 	bic.w	r0, r0, #7
10001952:	ec53 2475 	dcp_ryms r2, r3, #0x7
10001956:	fba0 3c02 	umull	r3, ip, r0, r2
1000195a:	ec53 2475 	dcp_ryms r2, r3, #0x7
1000195e:	fb00 cc03 	mla	ip, r0, r3, ip
10001962:	fb01 cc02 	mla	ip, r1, r2, ip
10001966:	ec53 2404 	dcp_rxms r2, r3, #0x0
1000196a:	ebac 4c82 	sub.w	ip, ip, r2, lsl #18
1000196e:	ea40 705c 	orr.w	r0, r0, ip, lsr #29
10001972:	f1a0 0001 	sub.w	r0, r0, #1
10001976:	ec41 0440 	dcp_wxdd r0, r1
1000197a:	ee80 0420 			dcp_nrdd
1000197e:	ec51 0470 	dcp_rddd r0, r1
10001982:	4770      	bx	lr
10001984:	b500      	push	{lr}
10001986:	f7ff ff45 	bl	10001814 <generic_save_state>
1000198a:	e002      	b.n	10001992 <__wrap___aeabi_i2d+0x6>

1000198c <__wrap___aeabi_i2d>:
1000198c:	fe10 f430 	dcp_pcmp APSR_nzcv
10001990:	d4f8      	bmi.n	10001984 <__wrap___aeabi_ddiv+0x94>
10001992:	ec40 0470 	dcp_wxic r0, r0
10001996:	ee00 0401 			dcp_add0
1000199a:	ee10 0421 			dcp_sub1
1000199e:	ee80 0420 			dcp_nrdd
100019a2:	ec51 0430 	dcp_rdds r0, r1
100019a6:	4770      	bx	lr
100019a8:	b500      	push	{lr}
100019aa:	f7ff ff33 	bl	10001814 <generic_save_state>
100019ae:	e002      	b.n	100019b6 <__wrap___aeabi_ui2d+0x6>

100019b0 <__wrap___aeabi_ui2d>:
100019b0:	fe10 f430 	dcp_pcmp APSR_nzcv
100019b4:	d4f8      	bmi.n	100019a8 <__wrap___aeabi_i2d+0x1c>
100019b6:	ec40 0460 	dcp_wxuc r0, r0
100019ba:	ee00 0401 			dcp_add0
100019be:	ee10 0421 			dcp_sub1
100019c2:	ee80 0420 			dcp_nrdd
100019c6:	ec51 0430 	dcp_rdds r0, r1
100019ca:	4770      	bx	lr
100019cc:	b500      	push	{lr}
100019ce:	f7ff ff21 	bl	10001814 <generic_save_state>
100019d2:	e002      	b.n	100019da <double2int_z_entry>

100019d4 <__wrap___aeabi_d2iz>:
100019d4:	fe10 f430 	dcp_pcmp APSR_nzcv
100019d8:	d4f8      	bmi.n	100019cc <__wrap___aeabi_ui2d+0x1c>

100019da <double2int_z_entry>:
100019da:	ec41 0480 	dcp_wxdc r0, r1
100019de:	ee00 0401 			dcp_add0
100019e2:	ee10 0401 			dcp_add1
100019e6:	ee80 0440 			dcp_ntdc
100019ea:	ee10 0413 			dcp_rdic r0
100019ee:	4770      	bx	lr
100019f0:	b500      	push	{lr}
100019f2:	f7ff ff0f 	bl	10001814 <generic_save_state>
100019f6:	e002      	b.n	100019fe <double2uint_z_entry>

100019f8 <__wrap___aeabi_d2uiz>:
100019f8:	fe10 f430 	dcp_pcmp APSR_nzcv
100019fc:	d4f8      	bmi.n	100019f0 <double2int_z_entry+0x16>

100019fe <double2uint_z_entry>:
100019fe:	ec41 0480 	dcp_wxdc r0, r1
10001a02:	ee00 0401 			dcp_add0
10001a06:	ee10 0401 			dcp_add1
10001a0a:	ee80 0440 			dcp_ntdc
10001a0e:	ee10 0433 			dcp_rduc r0
10001a12:	4770      	bx	lr
10001a14:	b500      	push	{lr}
10001a16:	f7ff fefd 	bl	10001814 <generic_save_state>
10001a1a:	e002      	b.n	10001a22 <__wrap___aeabi_dcmpun+0x6>

10001a1c <__wrap___aeabi_dcmpun>:
10001a1c:	fe10 f430 	dcp_pcmp APSR_nzcv
10001a20:	d4f8      	bmi.n	10001a14 <double2uint_z_entry+0x16>
10001a22:	ec41 0410 	dcp_wxup r0, r1
10001a26:	ec43 2411 	dcp_wyup r2, r3
10001a2a:	ee00 0401 			dcp_add0
10001a2e:	ee10 0430 			dcp_rcmp r0
10001a32:	f3c0 7000 	ubfx	r0, r0, #28, #1
10001a36:	4770      	bx	lr
10001a38:	b500      	push	{lr}
10001a3a:	f7ff feeb 	bl	10001814 <generic_save_state>
10001a3e:	e002      	b.n	10001a46 <__wrap___aeabi_dcmplt+0x6>

10001a40 <__wrap___aeabi_dcmplt>:
10001a40:	fe10 f430 	dcp_pcmp APSR_nzcv
10001a44:	d4f8      	bmi.n	10001a38 <__wrap___aeabi_dcmpun+0x1c>
10001a46:	ec43 2410 	dcp_wxup r2, r3
10001a4a:	ec41 0411 	dcp_wyup r0, r1
10001a4e:	ee00 0401 			dcp_add0
10001a52:	ee10 f430 			dcp_rcmp APSR_nzcv
10001a56:	bf8c      	ite	hi
10001a58:	2001      	movhi	r0, #1
10001a5a:	2000      	movls	r0, #0
10001a5c:	4770      	bx	lr
10001a5e:	bf00      	nop
10001a60:	b500      	push	{lr}
10001a62:	f7ff fed7 	bl	10001814 <generic_save_state>
10001a66:	e002      	b.n	10001a6e <__wrap___aeabi_dcmple+0x6>

10001a68 <__wrap___aeabi_dcmple>:
10001a68:	fe10 f430 	dcp_pcmp APSR_nzcv
10001a6c:	d4f8      	bmi.n	10001a60 <__wrap___aeabi_dcmplt+0x20>
10001a6e:	ec43 2410 	dcp_wxup r2, r3
10001a72:	ec41 0411 	dcp_wyup r0, r1
10001a76:	ee00 0401 			dcp_add0
10001a7a:	ee10 f430 			dcp_rcmp APSR_nzcv
10001a7e:	bf2c      	ite	cs
10001a80:	2001      	movcs	r0, #1
10001a82:	2000      	movcc	r0, #0
10001a84:	4770      	bx	lr
10001a86:	bf00      	nop
10001a88:	b500      	push	{lr}
10001a8a:	f7ff fec3 	bl	10001814 <generic_save_state>
10001a8e:	e002      	b.n	10001a96 <__wrap___aeabi_dcmpge+0x6>

10001a90 <__wrap___aeabi_dcmpge>:
10001a90:	fe10 f430 	dcp_pcmp APSR_nzcv
10001a94:	d4f8      	bmi.n	10001a88 <__wrap___aeabi_dcmple+0x20>
10001a96:	ec41 0410 	dcp_wxup r0, r1
10001a9a:	ec43 2411 	dcp_wyup r2, r3
10001a9e:	ee00 0401 			dcp_add0
10001aa2:	ee10 f430 			dcp_rcmp APSR_nzcv
10001aa6:	bf2c      	ite	cs
10001aa8:	2001      	movcs	r0, #1
10001aaa:	2000      	movcc	r0, #0
10001aac:	4770      	bx	lr
10001aae:	bf00      	nop
10001ab0:	b500      	push	{lr}
10001ab2:	f7ff feaf 	bl	10001814 <generic_save_state>
10001ab6:	e002      	b.n	10001abe <__wrap___aeabi_dcmpgt+0x6>

10001ab8 <__wrap___aeabi_dcmpgt>:
10001ab8:	fe10 f430 	dcp_pcmp APSR_nzcv
10001abc:	d4f8      	bmi.n	10001ab0 <__wrap___aeabi_dcmpge+0x20>
10001abe:	ec41 0410 	dcp_wxup r0, r1
10001ac2:	ec43 2411 	dcp_wyup r2, r3
10001ac6:	ee00 0401 			dcp_add0
10001aca:	ee10 f430 			dcp_rcmp APSR_nzcv
10001ace:	bf8c      	ite	hi
10001ad0:	2001      	movhi	r0, #1
10001ad2:	2000      	movls	r0, #0
10001ad4:	4770      	bx	lr
10001ad6:	bf00      	nop

10001ad8 <_out_null>:
10001ad8:	4770      	bx	lr
10001ada:	bf00      	nop

10001adc <_out_rev>:
10001adc:	e92d 4ff0 	stmdb	sp!, {r4, r5, r6, r7, r8, r9, sl, fp, lr}
10001ae0:	b083      	sub	sp, #12
10001ae2:	460f      	mov	r7, r1
10001ae4:	4611      	mov	r1, r2
10001ae6:	e9dd b20e 	ldrd	fp, r2, [sp, #56]	@ 0x38
10001aea:	0792      	lsls	r2, r2, #30
10001aec:	4698      	mov	r8, r3
10001aee:	e9dd 930c 	ldrd	r9, r3, [sp, #48]	@ 0x30
10001af2:	4606      	mov	r6, r0
10001af4:	d029      	beq.n	10001b4a <_out_rev+0x6e>
10001af6:	460d      	mov	r5, r1
10001af8:	b19b      	cbz	r3, 10001b22 <_out_rev+0x46>
10001afa:	eb09 0403 	add.w	r4, r9, r3
10001afe:	eb05 0a04 	add.w	sl, r5, r4
10001b02:	9501      	str	r5, [sp, #4]
10001b04:	460d      	mov	r5, r1
10001b06:	930d      	str	r3, [sp, #52]	@ 0x34
10001b08:	ebaa 0204 	sub.w	r2, sl, r4
10001b0c:	f814 0d01 	ldrb.w	r0, [r4, #-1]!
10001b10:	4643      	mov	r3, r8
10001b12:	4639      	mov	r1, r7
10001b14:	47b0      	blx	r6
10001b16:	45a1      	cmp	r9, r4
10001b18:	d1f6      	bne.n	10001b08 <_out_rev+0x2c>
10001b1a:	4629      	mov	r1, r5
10001b1c:	9b0d      	ldr	r3, [sp, #52]	@ 0x34
10001b1e:	9d01      	ldr	r5, [sp, #4]
10001b20:	441d      	add	r5, r3
10001b22:	9b0f      	ldr	r3, [sp, #60]	@ 0x3c
10001b24:	079b      	lsls	r3, r3, #30
10001b26:	d50c      	bpl.n	10001b42 <_out_rev+0x66>
10001b28:	1a6c      	subs	r4, r5, r1
10001b2a:	45a3      	cmp	fp, r4
10001b2c:	d909      	bls.n	10001b42 <_out_rev+0x66>
10001b2e:	462a      	mov	r2, r5
10001b30:	4643      	mov	r3, r8
10001b32:	4639      	mov	r1, r7
10001b34:	2020      	movs	r0, #32
10001b36:	3401      	adds	r4, #1
10001b38:	47b0      	blx	r6
10001b3a:	455c      	cmp	r4, fp
10001b3c:	f105 0501 	add.w	r5, r5, #1
10001b40:	d3f5      	bcc.n	10001b2e <_out_rev+0x52>
10001b42:	4628      	mov	r0, r5
10001b44:	b003      	add	sp, #12
10001b46:	e8bd 8ff0 	ldmia.w	sp!, {r4, r5, r6, r7, r8, r9, sl, fp, pc}
10001b4a:	455b      	cmp	r3, fp
10001b4c:	d215      	bcs.n	10001b7a <_out_rev+0x9e>
10001b4e:	468a      	mov	sl, r1
10001b50:	461c      	mov	r4, r3
10001b52:	4689      	mov	r9, r1
10001b54:	ebab 0503 	sub.w	r5, fp, r3
10001b58:	440d      	add	r5, r1
10001b5a:	4652      	mov	r2, sl
10001b5c:	4643      	mov	r3, r8
10001b5e:	4639      	mov	r1, r7
10001b60:	2020      	movs	r0, #32
10001b62:	f10a 0a01 	add.w	sl, sl, #1
10001b66:	47b0      	blx	r6
10001b68:	45aa      	cmp	sl, r5
10001b6a:	d1f6      	bne.n	10001b5a <_out_rev+0x7e>
10001b6c:	4649      	mov	r1, r9
10001b6e:	4623      	mov	r3, r4
10001b70:	f8dd 9030 	ldr.w	r9, [sp, #48]	@ 0x30
10001b74:	2c00      	cmp	r4, #0
10001b76:	d1c0      	bne.n	10001afa <_out_rev+0x1e>
10001b78:	e7e3      	b.n	10001b42 <_out_rev+0x66>
10001b7a:	460d      	mov	r5, r1
10001b7c:	2b00      	cmp	r3, #0
10001b7e:	d1bc      	bne.n	10001afa <_out_rev+0x1e>
10001b80:	e7df      	b.n	10001b42 <_out_rev+0x66>
10001b82:	bf00      	nop

10001b84 <_ntoa_format>:
10001b84:	e92d 4ff0 	stmdb	sp!, {r4, r5, r6, r7, r8, r9, sl, fp, lr}
10001b88:	460f      	mov	r7, r1
10001b8a:	990f      	ldr	r1, [sp, #60]	@ 0x3c
10001b8c:	4606      	mov	r6, r0
10001b8e:	f89d 002c 	ldrb.w	r0, [sp, #44]	@ 0x2c
10001b92:	078d      	lsls	r5, r1, #30
10001b94:	4690      	mov	r8, r2
10001b96:	e9dd a20c 	ldrd	sl, r2, [sp, #48]	@ 0x30
10001b9a:	4699      	mov	r9, r3
10001b9c:	4683      	mov	fp, r0
10001b9e:	9c09      	ldr	r4, [sp, #36]	@ 0x24
10001ba0:	f8dd c028 	ldr.w	ip, [sp, #40]	@ 0x28
10001ba4:	9b0e      	ldr	r3, [sp, #56]	@ 0x38
10001ba6:	d449      	bmi.n	10001c3c <_ntoa_format+0xb8>
10001ba8:	2b00      	cmp	r3, #0
10001baa:	d142      	bne.n	10001c32 <_ntoa_format+0xae>
10001bac:	4594      	cmp	ip, r2
10001bae:	d245      	bcs.n	10001c3c <_ntoa_format+0xb8>
10001bb0:	f001 0501 	and.w	r5, r1, #1
10001bb4:	f104 3eff 	add.w	lr, r4, #4294967295	@ 0xffffffff
10001bb8:	2030      	movs	r0, #48	@ 0x30
10001bba:	44e6      	add	lr, ip
10001bbc:	e005      	b.n	10001bca <_ntoa_format+0x46>
10001bbe:	f10c 0c01 	add.w	ip, ip, #1
10001bc2:	4562      	cmp	r2, ip
10001bc4:	f80e 0f01 	strb.w	r0, [lr, #1]!
10001bc8:	d902      	bls.n	10001bd0 <_ntoa_format+0x4c>
10001bca:	f1bc 0f20 	cmp.w	ip, #32
10001bce:	d1f6      	bne.n	10001bbe <_ntoa_format+0x3a>
10001bd0:	2d00      	cmp	r5, #0
10001bd2:	f000 8087 	beq.w	10001ce4 <_ntoa_format+0x160>
10001bd6:	4563      	cmp	r3, ip
10001bd8:	d930      	bls.n	10001c3c <_ntoa_format+0xb8>
10001bda:	1e60      	subs	r0, r4, #1
10001bdc:	f04f 0e30 	mov.w	lr, #48	@ 0x30
10001be0:	4460      	add	r0, ip
10001be2:	e005      	b.n	10001bf0 <_ntoa_format+0x6c>
10001be4:	f10c 0c01 	add.w	ip, ip, #1
10001be8:	459c      	cmp	ip, r3
10001bea:	f800 ef01 	strb.w	lr, [r0, #1]!
10001bee:	d025      	beq.n	10001c3c <_ntoa_format+0xb8>
10001bf0:	f1bc 0f20 	cmp.w	ip, #32
10001bf4:	d1f6      	bne.n	10001be4 <_ntoa_format+0x60>
10001bf6:	06cd      	lsls	r5, r1, #27
10001bf8:	d50e      	bpl.n	10001c18 <_ntoa_format+0x94>
10001bfa:	0548      	lsls	r0, r1, #21
10001bfc:	d451      	bmi.n	10001ca2 <_ntoa_format+0x11e>
10001bfe:	4562      	cmp	r2, ip
10001c00:	d064      	beq.n	10001ccc <_ntoa_format+0x148>
10001c02:	4563      	cmp	r3, ip
10001c04:	d062      	beq.n	10001ccc <_ntoa_format+0x148>
10001c06:	f1ba 0f10 	cmp.w	sl, #16
10001c0a:	d04d      	beq.n	10001ca8 <_ntoa_format+0x124>
10001c0c:	f1ba 0f02 	cmp.w	sl, #2
10001c10:	d055      	beq.n	10001cbe <_ntoa_format+0x13a>
10001c12:	f1bc 0f20 	cmp.w	ip, #32
10001c16:	d12d      	bne.n	10001c74 <_ntoa_format+0xf0>
10001c18:	2220      	movs	r2, #32
10001c1a:	e9cd 310b 	strd	r3, r1, [sp, #44]	@ 0x2c
10001c1e:	920a      	str	r2, [sp, #40]	@ 0x28
10001c20:	464b      	mov	r3, r9
10001c22:	4642      	mov	r2, r8
10001c24:	4639      	mov	r1, r7
10001c26:	4630      	mov	r0, r6
10001c28:	9409      	str	r4, [sp, #36]	@ 0x24
10001c2a:	e8bd 4ff0 	ldmia.w	sp!, {r4, r5, r6, r7, r8, r9, sl, fp, lr}
10001c2e:	f7ff bf55 	b.w	10001adc <_out_rev>
10001c32:	f011 0501 	ands.w	r5, r1, #1
10001c36:	d12e      	bne.n	10001c96 <_ntoa_format+0x112>
10001c38:	4594      	cmp	ip, r2
10001c3a:	d3bb      	bcc.n	10001bb4 <_ntoa_format+0x30>
10001c3c:	06cd      	lsls	r5, r1, #27
10001c3e:	d51e      	bpl.n	10001c7e <_ntoa_format+0xfa>
10001c40:	0548      	lsls	r0, r1, #21
10001c42:	d4e0      	bmi.n	10001c06 <_ntoa_format+0x82>
10001c44:	f1bc 0f00 	cmp.w	ip, #0
10001c48:	d1d9      	bne.n	10001bfe <_ntoa_format+0x7a>
10001c4a:	f1ba 0f10 	cmp.w	sl, #16
10001c4e:	d05f      	beq.n	10001d10 <_ntoa_format+0x18c>
10001c50:	f1ba 0f02 	cmp.w	sl, #2
10001c54:	d074      	beq.n	10001d40 <_ntoa_format+0x1bc>
10001c56:	2230      	movs	r2, #48	@ 0x30
10001c58:	f04f 0c01 	mov.w	ip, #1
10001c5c:	7022      	strb	r2, [r4, #0]
10001c5e:	f1bb 0f00 	cmp.w	fp, #0
10001c62:	d112      	bne.n	10001c8a <_ntoa_format+0x106>
10001c64:	0748      	lsls	r0, r1, #29
10001c66:	d542      	bpl.n	10001cee <_ntoa_format+0x16a>
10001c68:	222b      	movs	r2, #43	@ 0x2b
10001c6a:	f804 200c 	strb.w	r2, [r4, ip]
10001c6e:	f10c 0201 	add.w	r2, ip, #1
10001c72:	e7d2      	b.n	10001c1a <_ntoa_format+0x96>
10001c74:	4662      	mov	r2, ip
10001c76:	f10c 0c01 	add.w	ip, ip, #1
10001c7a:	2030      	movs	r0, #48	@ 0x30
10001c7c:	54a0      	strb	r0, [r4, r2]
10001c7e:	f1bc 0f20 	cmp.w	ip, #32
10001c82:	d0c9      	beq.n	10001c18 <_ntoa_format+0x94>
10001c84:	f1bb 0f00 	cmp.w	fp, #0
10001c88:	d0ec      	beq.n	10001c64 <_ntoa_format+0xe0>
10001c8a:	222d      	movs	r2, #45	@ 0x2d
10001c8c:	f804 200c 	strb.w	r2, [r4, ip]
10001c90:	f10c 0201 	add.w	r2, ip, #1
10001c94:	e7c1      	b.n	10001c1a <_ntoa_format+0x96>
10001c96:	b398      	cbz	r0, 10001d00 <_ntoa_format+0x17c>
10001c98:	4594      	cmp	ip, r2
10001c9a:	f103 33ff 	add.w	r3, r3, #4294967295	@ 0xffffffff
10001c9e:	d389      	bcc.n	10001bb4 <_ntoa_format+0x30>
10001ca0:	e799      	b.n	10001bd6 <_ntoa_format+0x52>
10001ca2:	f1ba 0f10 	cmp.w	sl, #16
10001ca6:	d1b7      	bne.n	10001c18 <_ntoa_format+0x94>
10001ca8:	068d      	lsls	r5, r1, #26
10001caa:	d53d      	bpl.n	10001d28 <_ntoa_format+0x1a4>
10001cac:	f1bc 0f20 	cmp.w	ip, #32
10001cb0:	d0b2      	beq.n	10001c18 <_ntoa_format+0x94>
10001cb2:	2258      	movs	r2, #88	@ 0x58
10001cb4:	f804 200c 	strb.w	r2, [r4, ip]
10001cb8:	f10c 0c01 	add.w	ip, ip, #1
10001cbc:	e7a9      	b.n	10001c12 <_ntoa_format+0x8e>
10001cbe:	f1bc 0f20 	cmp.w	ip, #32
10001cc2:	d0a9      	beq.n	10001c18 <_ntoa_format+0x94>
10001cc4:	4662      	mov	r2, ip
10001cc6:	f10c 0c01 	add.w	ip, ip, #1
10001cca:	e008      	b.n	10001cde <_ntoa_format+0x15a>
10001ccc:	f1bc 0201 	subs.w	r2, ip, #1
10001cd0:	d0bb      	beq.n	10001c4a <_ntoa_format+0xc6>
10001cd2:	f1ba 0f10 	cmp.w	sl, #16
10001cd6:	d035      	beq.n	10001d44 <_ntoa_format+0x1c0>
10001cd8:	f1ba 0f02 	cmp.w	sl, #2
10001cdc:	d1cd      	bne.n	10001c7a <_ntoa_format+0xf6>
10001cde:	2062      	movs	r0, #98	@ 0x62
10001ce0:	54a0      	strb	r0, [r4, r2]
10001ce2:	e796      	b.n	10001c12 <_ntoa_format+0x8e>
10001ce4:	06cd      	lsls	r5, r1, #27
10001ce6:	d5ca      	bpl.n	10001c7e <_ntoa_format+0xfa>
10001ce8:	0548      	lsls	r0, r1, #21
10001cea:	d588      	bpl.n	10001bfe <_ntoa_format+0x7a>
10001cec:	e78b      	b.n	10001c06 <_ntoa_format+0x82>
10001cee:	070a      	lsls	r2, r1, #28
10001cf0:	bf49      	itett	mi
10001cf2:	2220      	movmi	r2, #32
10001cf4:	4662      	movpl	r2, ip
10001cf6:	f804 200c 	strbmi.w	r2, [r4, ip]
10001cfa:	f10c 0201 	addmi.w	r2, ip, #1
10001cfe:	e78c      	b.n	10001c1a <_ntoa_format+0x96>
10001d00:	f011 0f0c 	tst.w	r1, #12
10001d04:	d000      	beq.n	10001d08 <_ntoa_format+0x184>
10001d06:	3b01      	subs	r3, #1
10001d08:	4594      	cmp	ip, r2
10001d0a:	f4ff af53 	bcc.w	10001bb4 <_ntoa_format+0x30>
10001d0e:	e762      	b.n	10001bd6 <_ntoa_format+0x52>
10001d10:	068a      	lsls	r2, r1, #26
10001d12:	d413      	bmi.n	10001d3c <_ntoa_format+0x1b8>
10001d14:	2278      	movs	r2, #120	@ 0x78
10001d16:	7022      	strb	r2, [r4, #0]
10001d18:	2230      	movs	r2, #48	@ 0x30
10001d1a:	f04f 0c02 	mov.w	ip, #2
10001d1e:	7062      	strb	r2, [r4, #1]
10001d20:	f1bb 0f00 	cmp.w	fp, #0
10001d24:	d09e      	beq.n	10001c64 <_ntoa_format+0xe0>
10001d26:	e7b0      	b.n	10001c8a <_ntoa_format+0x106>
10001d28:	f1bc 0f20 	cmp.w	ip, #32
10001d2c:	f43f af74 	beq.w	10001c18 <_ntoa_format+0x94>
10001d30:	2278      	movs	r2, #120	@ 0x78
10001d32:	f804 200c 	strb.w	r2, [r4, ip]
10001d36:	f10c 0c01 	add.w	ip, ip, #1
10001d3a:	e76a      	b.n	10001c12 <_ntoa_format+0x8e>
10001d3c:	2258      	movs	r2, #88	@ 0x58
10001d3e:	e7ea      	b.n	10001d16 <_ntoa_format+0x192>
10001d40:	2262      	movs	r2, #98	@ 0x62
10001d42:	e7e8      	b.n	10001d16 <_ntoa_format+0x192>
10001d44:	068d      	lsls	r5, r1, #26
10001d46:	f1ac 0002 	sub.w	r0, ip, #2
10001d4a:	d504      	bpl.n	10001d56 <_ntoa_format+0x1d2>
10001d4c:	f04f 0e58 	mov.w	lr, #88	@ 0x58
10001d50:	f804 e000 	strb.w	lr, [r4, r0]
10001d54:	e791      	b.n	10001c7a <_ntoa_format+0xf6>
10001d56:	f04f 0e78 	mov.w	lr, #120	@ 0x78
10001d5a:	f804 e000 	strb.w	lr, [r4, r0]
10001d5e:	e78c      	b.n	10001c7a <_ntoa_format+0xf6>

10001d60 <_out_char>:
10001d60:	b900      	cbnz	r0, 10001d64 <_out_char+0x4>
10001d62:	4770      	bx	lr
10001d64:	f001 bb60 	b.w	10003428 <__wrap_putchar>

10001d68 <_out_fct>:
10001d68:	b110      	cbz	r0, 10001d70 <_out_fct+0x8>
10001d6a:	e9d1 3100 	ldrd	r3, r1, [r1]
10001d6e:	4718      	bx	r3
10001d70:	4770      	bx	lr
10001d72:	bf00      	nop
10001d74:	0000      	movs	r0, r0
	...

10001d78 <_ftoa>:
10001d78:	e92d 4ff0 	stmdb	sp!, {r4, r5, r6, r7, r8, r9, sl, fp, lr}
10001d7c:	b097      	sub	sp, #92	@ 0x5c
10001d7e:	ed9d 7b20 	vldr	d7, [sp, #128]	@ 0x80
10001d82:	e9dd 5b22 	ldrd	r5, fp, [sp, #136]	@ 0x88
10001d86:	4680      	mov	r8, r0
10001d88:	4689      	mov	r9, r1
10001d8a:	ec51 0b17 	vmov	r0, r1, d7
10001d8e:	469a      	mov	sl, r3
10001d90:	9b24      	ldr	r3, [sp, #144]	@ 0x90
10001d92:	920c      	str	r2, [sp, #48]	@ 0x30
10001d94:	9307      	str	r3, [sp, #28]
10001d96:	4602      	mov	r2, r0
10001d98:	460b      	mov	r3, r1
10001d9a:	ed8d 7b04 	vstr	d7, [sp, #16]
10001d9e:	f7ff fe3d 	bl	10001a1c <__wrap___aeabi_dcmpun>
10001da2:	2800      	cmp	r0, #0
10001da4:	f040 81e3 	bne.w	1000216e <_ftoa+0x3f6>
10001da8:	e9dd 0104 	ldrd	r0, r1, [sp, #16]
10001dac:	f04f 32ff 	mov.w	r2, #4294967295	@ 0xffffffff
10001db0:	f46f 1380 	mvn.w	r3, #1048576	@ 0x100000
10001db4:	f7ff fe44 	bl	10001a40 <__wrap___aeabi_dcmplt>
10001db8:	2800      	cmp	r0, #0
10001dba:	f040 80cb 	bne.w	10001f54 <_ftoa+0x1dc>
10001dbe:	e9dd 0104 	ldrd	r0, r1, [sp, #16]
10001dc2:	f04f 32ff 	mov.w	r2, #4294967295	@ 0xffffffff
10001dc6:	4bb2      	ldr	r3, [pc, #712]	@ (10002090 <_ftoa+0x318>)
10001dc8:	f7ff fe76 	bl	10001ab8 <__wrap___aeabi_dcmpgt>
10001dcc:	2800      	cmp	r0, #0
10001dce:	f040 809f 	bne.w	10001f10 <_ftoa+0x198>
10001dd2:	e9dd 6704 	ldrd	r6, r7, [sp, #16]
10001dd6:	a3aa      	add	r3, pc, #680	@ (adr r3, 10002080 <_ftoa+0x308>)
10001dd8:	e9d3 2300 	ldrd	r2, r3, [r3]
10001ddc:	4630      	mov	r0, r6
10001dde:	4639      	mov	r1, r7
10001de0:	f7ff fe6a 	bl	10001ab8 <__wrap___aeabi_dcmpgt>
10001de4:	2800      	cmp	r0, #0
10001de6:	f040 8082 	bne.w	10001eee <_ftoa+0x176>
10001dea:	a3a7      	add	r3, pc, #668	@ (adr r3, 10002088 <_ftoa+0x310>)
10001dec:	e9d3 2300 	ldrd	r2, r3, [r3]
10001df0:	4630      	mov	r0, r6
10001df2:	4639      	mov	r1, r7
10001df4:	f7ff fe24 	bl	10001a40 <__wrap___aeabi_dcmplt>
10001df8:	2800      	cmp	r0, #0
10001dfa:	d178      	bne.n	10001eee <_ftoa+0x176>
10001dfc:	4630      	mov	r0, r6
10001dfe:	4639      	mov	r1, r7
10001e00:	2200      	movs	r2, #0
10001e02:	2300      	movs	r3, #0
10001e04:	f7ff fe1c 	bl	10001a40 <__wrap___aeabi_dcmplt>
10001e08:	2800      	cmp	r0, #0
10001e0a:	f040 8098 	bne.w	10001f3e <_ftoa+0x1c6>
10001e0e:	900d      	str	r0, [sp, #52]	@ 0x34
10001e10:	9b07      	ldr	r3, [sp, #28]
10001e12:	2130      	movs	r1, #48	@ 0x30
10001e14:	f413 6f80 	tst.w	r3, #1024	@ 0x400
10001e18:	bf08      	it	eq
10001e1a:	2506      	moveq	r5, #6
10001e1c:	aa0e      	add	r2, sp, #56	@ 0x38
10001e1e:	462b      	mov	r3, r5
10001e20:	f1a5 0620 	sub.w	r6, r5, #32
10001e24:	e005      	b.n	10001e32 <_ftoa+0xba>
10001e26:	3b01      	subs	r3, #1
10001e28:	42b3      	cmp	r3, r6
10001e2a:	f802 1b01 	strb.w	r1, [r2], #1
10001e2e:	f000 8165 	beq.w	100020fc <_ftoa+0x384>
10001e32:	2b09      	cmp	r3, #9
10001e34:	d8f7      	bhi.n	10001e26 <_ftoa+0xae>
10001e36:	461e      	mov	r6, r3
10001e38:	1aed      	subs	r5, r5, r3
10001e3a:	e9dd 0104 	ldrd	r0, r1, [sp, #16]
10001e3e:	f7ff fdc9 	bl	100019d4 <__wrap___aeabi_d2iz>
10001e42:	4b94      	ldr	r3, [pc, #592]	@ (10002094 <_ftoa+0x31c>)
10001e44:	4604      	mov	r4, r0
10001e46:	eb03 03c6 	add.w	r3, r3, r6, lsl #3
10001e4a:	ed93 7b00 	vldr	d7, [r3]
10001e4e:	ed8d 7b08 	vstr	d7, [sp, #32]
10001e52:	f7ff fd9b 	bl	1000198c <__wrap___aeabi_i2d>
10001e56:	4602      	mov	r2, r0
10001e58:	460b      	mov	r3, r1
10001e5a:	e9dd 0104 	ldrd	r0, r1, [sp, #16]
10001e5e:	f7ff fd0f 	bl	10001880 <__wrap___aeabi_dsub>
10001e62:	e9dd 2308 	ldrd	r2, r3, [sp, #32]
10001e66:	f7ff fd1f 	bl	100018a8 <__wrap___aeabi_dmul>
10001e6a:	e9cd 010a 	strd	r0, r1, [sp, #40]	@ 0x28
10001e6e:	f7ff fdc3 	bl	100019f8 <__wrap___aeabi_d2uiz>
10001e72:	4607      	mov	r7, r0
10001e74:	f7ff fd9c 	bl	100019b0 <__wrap___aeabi_ui2d>
10001e78:	4602      	mov	r2, r0
10001e7a:	460b      	mov	r3, r1
10001e7c:	e9dd 010a 	ldrd	r0, r1, [sp, #40]	@ 0x28
10001e80:	f7ff fcfe 	bl	10001880 <__wrap___aeabi_dsub>
10001e84:	2200      	movs	r2, #0
10001e86:	4b84      	ldr	r3, [pc, #528]	@ (10002098 <_ftoa+0x320>)
10001e88:	e9cd 010a 	strd	r0, r1, [sp, #40]	@ 0x28
10001e8c:	f7ff fe14 	bl	10001ab8 <__wrap___aeabi_dcmpgt>
10001e90:	2800      	cmp	r0, #0
10001e92:	f000 8088 	beq.w	10001fa6 <_ftoa+0x22e>
10001e96:	3701      	adds	r7, #1
10001e98:	4638      	mov	r0, r7
10001e9a:	f7ff fd89 	bl	100019b0 <__wrap___aeabi_ui2d>
10001e9e:	4602      	mov	r2, r0
10001ea0:	460b      	mov	r3, r1
10001ea2:	e9dd 0108 	ldrd	r0, r1, [sp, #32]
10001ea6:	f7ff fddf 	bl	10001a68 <__wrap___aeabi_dcmple>
10001eaa:	b108      	cbz	r0, 10001eb0 <_ftoa+0x138>
10001eac:	2700      	movs	r7, #0
10001eae:	3401      	adds	r4, #1
10001eb0:	2e00      	cmp	r6, #0
10001eb2:	f000 8088 	beq.w	10001fc6 <_ftoa+0x24e>
10001eb6:	f10d 0337 	add.w	r3, sp, #55	@ 0x37
10001eba:	f8df c1f0 	ldr.w	ip, [pc, #496]	@ 100020ac <_ftoa+0x334>
10001ebe:	1958      	adds	r0, r3, r5
10001ec0:	e00d      	b.n	10001ede <_ftoa+0x166>
10001ec2:	fbac 2107 	umull	r2, r1, ip, r7
10001ec6:	08c9      	lsrs	r1, r1, #3
10001ec8:	eb01 0281 	add.w	r2, r1, r1, lsl #2
10001ecc:	eba7 0242 	sub.w	r2, r7, r2, lsl #1
10001ed0:	3230      	adds	r2, #48	@ 0x30
10001ed2:	2f09      	cmp	r7, #9
10001ed4:	f800 2f01 	strb.w	r2, [r0, #1]!
10001ed8:	f240 80fb 	bls.w	100020d2 <_ftoa+0x35a>
10001edc:	460f      	mov	r7, r1
10001ede:	2d20      	cmp	r5, #32
10001ee0:	f106 36ff 	add.w	r6, r6, #4294967295	@ 0xffffffff
10001ee4:	f105 0501 	add.w	r5, r5, #1
10001ee8:	d1eb      	bne.n	10001ec2 <_ftoa+0x14a>
10001eea:	2520      	movs	r5, #32
10001eec:	e086      	b.n	10001ffc <_ftoa+0x284>
10001eee:	9b07      	ldr	r3, [sp, #28]
10001ef0:	ed9d 7b04 	vldr	d7, [sp, #16]
10001ef4:	e9cd b323 	strd	fp, r3, [sp, #140]	@ 0x8c
10001ef8:	4649      	mov	r1, r9
10001efa:	4653      	mov	r3, sl
10001efc:	4640      	mov	r0, r8
10001efe:	9a0c      	ldr	r2, [sp, #48]	@ 0x30
10001f00:	ed8d 7b20 	vstr	d7, [sp, #128]	@ 0x80
10001f04:	9522      	str	r5, [sp, #136]	@ 0x88
10001f06:	b017      	add	sp, #92	@ 0x5c
10001f08:	e8bd 4ff0 	ldmia.w	sp!, {r4, r5, r6, r7, r8, r9, sl, fp, lr}
10001f0c:	f000 b980 	b.w	10002210 <_etoa>
10001f10:	9b07      	ldr	r3, [sp, #28]
10001f12:	4649      	mov	r1, r9
10001f14:	0758      	lsls	r0, r3, #29
10001f16:	bf4c      	ite	mi
10001f18:	2304      	movmi	r3, #4
10001f1a:	2303      	movpl	r3, #3
10001f1c:	4640      	mov	r0, r8
10001f1e:	9321      	str	r3, [sp, #132]	@ 0x84
10001f20:	4653      	mov	r3, sl
10001f22:	9a07      	ldr	r2, [sp, #28]
10001f24:	bf48      	it	mi
10001f26:	4c5d      	ldrmi	r4, [pc, #372]	@ (1000209c <_ftoa+0x324>)
10001f28:	e9cd b222 	strd	fp, r2, [sp, #136]	@ 0x88
10001f2c:	bf58      	it	pl
10001f2e:	4c5c      	ldrpl	r4, [pc, #368]	@ (100020a0 <_ftoa+0x328>)
10001f30:	9a0c      	ldr	r2, [sp, #48]	@ 0x30
10001f32:	9420      	str	r4, [sp, #128]	@ 0x80
10001f34:	b017      	add	sp, #92	@ 0x5c
10001f36:	e8bd 4ff0 	ldmia.w	sp!, {r4, r5, r6, r7, r8, r9, sl, fp, lr}
10001f3a:	f7ff bdcf 	b.w	10001adc <_out_rev>
10001f3e:	463b      	mov	r3, r7
10001f40:	4632      	mov	r2, r6
10001f42:	2000      	movs	r0, #0
10001f44:	2100      	movs	r1, #0
10001f46:	f7ff fc9b 	bl	10001880 <__wrap___aeabi_dsub>
10001f4a:	2301      	movs	r3, #1
10001f4c:	e9cd 0104 	strd	r0, r1, [sp, #16]
10001f50:	930d      	str	r3, [sp, #52]	@ 0x34
10001f52:	e75d      	b.n	10001e10 <_ftoa+0x98>
10001f54:	9b07      	ldr	r3, [sp, #28]
10001f56:	f003 0202 	and.w	r2, r3, #2
10001f5a:	079c      	lsls	r4, r3, #30
10001f5c:	9204      	str	r2, [sp, #16]
10001f5e:	f000 80f4 	beq.w	1000214a <_ftoa+0x3d2>
10001f62:	9f0c      	ldr	r7, [sp, #48]	@ 0x30
10001f64:	463d      	mov	r5, r7
10001f66:	4e4f      	ldr	r6, [pc, #316]	@ (100020a4 <_ftoa+0x32c>)
10001f68:	1d34      	adds	r4, r6, #4
10001f6a:	f814 0d01 	ldrb.w	r0, [r4, #-1]!
10001f6e:	462a      	mov	r2, r5
10001f70:	4653      	mov	r3, sl
10001f72:	4649      	mov	r1, r9
10001f74:	47c0      	blx	r8
10001f76:	42a6      	cmp	r6, r4
10001f78:	f105 0501 	add.w	r5, r5, #1
10001f7c:	d1f5      	bne.n	10001f6a <_ftoa+0x1f2>
10001f7e:	9b04      	ldr	r3, [sp, #16]
10001f80:	1d3c      	adds	r4, r7, #4
10001f82:	b163      	cbz	r3, 10001f9e <_ftoa+0x226>
10001f84:	9d0c      	ldr	r5, [sp, #48]	@ 0x30
10001f86:	1b63      	subs	r3, r4, r5
10001f88:	459b      	cmp	fp, r3
10001f8a:	d908      	bls.n	10001f9e <_ftoa+0x226>
10001f8c:	4622      	mov	r2, r4
10001f8e:	4653      	mov	r3, sl
10001f90:	4649      	mov	r1, r9
10001f92:	2020      	movs	r0, #32
10001f94:	3401      	adds	r4, #1
10001f96:	47c0      	blx	r8
10001f98:	1b63      	subs	r3, r4, r5
10001f9a:	459b      	cmp	fp, r3
10001f9c:	d8f6      	bhi.n	10001f8c <_ftoa+0x214>
10001f9e:	4620      	mov	r0, r4
10001fa0:	b017      	add	sp, #92	@ 0x5c
10001fa2:	e8bd 8ff0 	ldmia.w	sp!, {r4, r5, r6, r7, r8, r9, sl, fp, pc}
10001fa6:	2200      	movs	r2, #0
10001fa8:	e9dd 010a 	ldrd	r0, r1, [sp, #40]	@ 0x28
10001fac:	4b3a      	ldr	r3, [pc, #232]	@ (10002098 <_ftoa+0x320>)
10001fae:	f7ff fd47 	bl	10001a40 <__wrap___aeabi_dcmplt>
10001fb2:	2800      	cmp	r0, #0
10001fb4:	f47f af7c 	bne.w	10001eb0 <_ftoa+0x138>
10001fb8:	2f00      	cmp	r7, #0
10001fba:	f040 80c2 	bne.w	10002142 <_ftoa+0x3ca>
10001fbe:	3701      	adds	r7, #1
10001fc0:	2e00      	cmp	r6, #0
10001fc2:	f47f af78 	bne.w	10001eb6 <_ftoa+0x13e>
10001fc6:	4620      	mov	r0, r4
10001fc8:	f7ff fce0 	bl	1000198c <__wrap___aeabi_i2d>
10001fcc:	4602      	mov	r2, r0
10001fce:	460b      	mov	r3, r1
10001fd0:	e9dd 0104 	ldrd	r0, r1, [sp, #16]
10001fd4:	f7ff fc54 	bl	10001880 <__wrap___aeabi_dsub>
10001fd8:	2200      	movs	r2, #0
10001fda:	4b2f      	ldr	r3, [pc, #188]	@ (10002098 <_ftoa+0x320>)
10001fdc:	4606      	mov	r6, r0
10001fde:	460f      	mov	r7, r1
10001fe0:	f7ff fd2e 	bl	10001a40 <__wrap___aeabi_dcmplt>
10001fe4:	b940      	cbnz	r0, 10001ff8 <_ftoa+0x280>
10001fe6:	4630      	mov	r0, r6
10001fe8:	4639      	mov	r1, r7
10001fea:	2200      	movs	r2, #0
10001fec:	4b2a      	ldr	r3, [pc, #168]	@ (10002098 <_ftoa+0x320>)
10001fee:	f7ff fd63 	bl	10001ab8 <__wrap___aeabi_dcmpgt>
10001ff2:	2800      	cmp	r0, #0
10001ff4:	f000 80a1 	beq.w	1000213a <_ftoa+0x3c2>
10001ff8:	f10d 0337 	add.w	r3, sp, #55	@ 0x37
10001ffc:	482a      	ldr	r0, [pc, #168]	@ (100020a8 <_ftoa+0x330>)
10001ffe:	1959      	adds	r1, r3, r5
10002000:	e00e      	b.n	10002020 <_ftoa+0x2a8>
10002002:	fb80 7604 	smull	r7, r6, r0, r4
10002006:	ebc2 02a6 	rsb	r2, r2, r6, asr #2
1000200a:	eb02 0682 	add.w	r6, r2, r2, lsl #2
1000200e:	eba4 0646 	sub.w	r6, r4, r6, lsl #1
10002012:	3630      	adds	r6, #48	@ 0x30
10002014:	4614      	mov	r4, r2
10002016:	3501      	adds	r5, #1
10002018:	f801 6f01 	strb.w	r6, [r1, #1]!
1000201c:	2a00      	cmp	r2, #0
1000201e:	d047      	beq.n	100020b0 <_ftoa+0x338>
10002020:	2d20      	cmp	r5, #32
10002022:	ea4f 72e4 	mov.w	r2, r4, asr #31
10002026:	d1ec      	bne.n	10002002 <_ftoa+0x28a>
10002028:	9a07      	ldr	r2, [sp, #28]
1000202a:	f002 0203 	and.w	r2, r2, #3
1000202e:	2a01      	cmp	r2, #1
10002030:	d114      	bne.n	1000205c <_ftoa+0x2e4>
10002032:	f1bb 0f00 	cmp.w	fp, #0
10002036:	d011      	beq.n	1000205c <_ftoa+0x2e4>
10002038:	9a0d      	ldr	r2, [sp, #52]	@ 0x34
1000203a:	2a00      	cmp	r2, #0
1000203c:	d060      	beq.n	10002100 <_ftoa+0x388>
1000203e:	f10b 3bff 	add.w	fp, fp, #4294967295	@ 0xffffffff
10002042:	f1bb 0f20 	cmp.w	fp, #32
10002046:	d909      	bls.n	1000205c <_ftoa+0x2e4>
10002048:	2230      	movs	r2, #48	@ 0x30
1000204a:	442b      	add	r3, r5
1000204c:	e004      	b.n	10002058 <_ftoa+0x2e0>
1000204e:	3501      	adds	r5, #1
10002050:	455d      	cmp	r5, fp
10002052:	f803 2f01 	strb.w	r2, [r3, #1]!
10002056:	d231      	bcs.n	100020bc <_ftoa+0x344>
10002058:	2d20      	cmp	r5, #32
1000205a:	d1f8      	bne.n	1000204e <_ftoa+0x2d6>
1000205c:	9b07      	ldr	r3, [sp, #28]
1000205e:	ac0e      	add	r4, sp, #56	@ 0x38
10002060:	e9cd b302 	strd	fp, r3, [sp, #8]
10002064:	9400      	str	r4, [sp, #0]
10002066:	4653      	mov	r3, sl
10002068:	4649      	mov	r1, r9
1000206a:	4640      	mov	r0, r8
1000206c:	9a0c      	ldr	r2, [sp, #48]	@ 0x30
1000206e:	9501      	str	r5, [sp, #4]
10002070:	f7ff fd34 	bl	10001adc <_out_rev>
10002074:	4604      	mov	r4, r0
10002076:	4620      	mov	r0, r4
10002078:	b017      	add	sp, #92	@ 0x5c
1000207a:	e8bd 8ff0 	ldmia.w	sp!, {r4, r5, r6, r7, r8, r9, sl, fp, pc}
1000207e:	bf00      	nop
10002080:	00000000 	.word	0x00000000
10002084:	41cdcd65 	.word	0x41cdcd65
10002088:	00000000 	.word	0x00000000
1000208c:	c1cdcd65 	.word	0xc1cdcd65
10002090:	7fefffff 	.word	0x7fefffff
10002094:	10007848 	.word	0x10007848
10002098:	3fe00000 	.word	0x3fe00000
1000209c:	1000773c 	.word	0x1000773c
100020a0:	10007744 	.word	0x10007744
100020a4:	1000774c 	.word	0x1000774c
100020a8:	66666667 	.word	0x66666667
100020ac:	cccccccd 	.word	0xcccccccd
100020b0:	9a07      	ldr	r2, [sp, #28]
100020b2:	f002 0203 	and.w	r2, r2, #3
100020b6:	2a01      	cmp	r2, #1
100020b8:	f000 8096 	beq.w	100021e8 <_ftoa+0x470>
100020bc:	2d20      	cmp	r5, #32
100020be:	d0cd      	beq.n	1000205c <_ftoa+0x2e4>
100020c0:	9b0d      	ldr	r3, [sp, #52]	@ 0x34
100020c2:	b33b      	cbz	r3, 10002114 <_ftoa+0x39c>
100020c4:	222d      	movs	r2, #45	@ 0x2d
100020c6:	eb0d 0305 	add.w	r3, sp, r5
100020ca:	f883 2038 	strb.w	r2, [r3, #56]	@ 0x38
100020ce:	3501      	adds	r5, #1
100020d0:	e7c4      	b.n	1000205c <_ftoa+0x2e4>
100020d2:	2d20      	cmp	r5, #32
100020d4:	f43f af09 	beq.w	10001eea <_ftoa+0x172>
100020d8:	2130      	movs	r1, #48	@ 0x30
100020da:	442e      	add	r6, r5
100020dc:	195a      	adds	r2, r3, r5
100020de:	e005      	b.n	100020ec <_ftoa+0x374>
100020e0:	3501      	adds	r5, #1
100020e2:	2d20      	cmp	r5, #32
100020e4:	f802 1f01 	strb.w	r1, [r2, #1]!
100020e8:	f43f aeff 	beq.w	10001eea <_ftoa+0x172>
100020ec:	42ae      	cmp	r6, r5
100020ee:	d1f7      	bne.n	100020e0 <_ftoa+0x368>
100020f0:	222e      	movs	r2, #46	@ 0x2e
100020f2:	446e      	add	r6, sp
100020f4:	3501      	adds	r5, #1
100020f6:	f886 2038 	strb.w	r2, [r6, #56]	@ 0x38
100020fa:	e77f      	b.n	10001ffc <_ftoa+0x284>
100020fc:	2520      	movs	r5, #32
100020fe:	e69c      	b.n	10001e3a <_ftoa+0xc2>
10002100:	9a07      	ldr	r2, [sp, #28]
10002102:	f012 0f0c 	tst.w	r2, #12
10002106:	d05a      	beq.n	100021be <_ftoa+0x446>
10002108:	f10b 3bff 	add.w	fp, fp, #4294967295	@ 0xffffffff
1000210c:	45ab      	cmp	fp, r5
1000210e:	d89b      	bhi.n	10002048 <_ftoa+0x2d0>
10002110:	2d20      	cmp	r5, #32
10002112:	d0a3      	beq.n	1000205c <_ftoa+0x2e4>
10002114:	9b07      	ldr	r3, [sp, #28]
10002116:	075a      	lsls	r2, r3, #29
10002118:	d506      	bpl.n	10002128 <_ftoa+0x3b0>
1000211a:	222b      	movs	r2, #43	@ 0x2b
1000211c:	eb0d 0305 	add.w	r3, sp, r5
10002120:	f883 2038 	strb.w	r2, [r3, #56]	@ 0x38
10002124:	3501      	adds	r5, #1
10002126:	e799      	b.n	1000205c <_ftoa+0x2e4>
10002128:	071b      	lsls	r3, r3, #28
1000212a:	d597      	bpl.n	1000205c <_ftoa+0x2e4>
1000212c:	2220      	movs	r2, #32
1000212e:	eb0d 0305 	add.w	r3, sp, r5
10002132:	f883 2038 	strb.w	r2, [r3, #56]	@ 0x38
10002136:	3501      	adds	r5, #1
10002138:	e790      	b.n	1000205c <_ftoa+0x2e4>
1000213a:	3401      	adds	r4, #1
1000213c:	f024 0401 	bic.w	r4, r4, #1
10002140:	e75a      	b.n	10001ff8 <_ftoa+0x280>
10002142:	07f9      	lsls	r1, r7, #31
10002144:	f57f aeb4 	bpl.w	10001eb0 <_ftoa+0x138>
10002148:	e739      	b.n	10001fbe <_ftoa+0x246>
1000214a:	f1bb 0f04 	cmp.w	fp, #4
1000214e:	f67f af08 	bls.w	10001f62 <_ftoa+0x1ea>
10002152:	9b0c      	ldr	r3, [sp, #48]	@ 0x30
10002154:	461d      	mov	r5, r3
10002156:	3b04      	subs	r3, #4
10002158:	eb03 070b 	add.w	r7, r3, fp
1000215c:	462a      	mov	r2, r5
1000215e:	4653      	mov	r3, sl
10002160:	4649      	mov	r1, r9
10002162:	2020      	movs	r0, #32
10002164:	3501      	adds	r5, #1
10002166:	47c0      	blx	r8
10002168:	42af      	cmp	r7, r5
1000216a:	d1f7      	bne.n	1000215c <_ftoa+0x3e4>
1000216c:	e6fa      	b.n	10001f64 <_ftoa+0x1ec>
1000216e:	9b07      	ldr	r3, [sp, #28]
10002170:	f003 0202 	and.w	r2, r3, #2
10002174:	079d      	lsls	r5, r3, #30
10002176:	9204      	str	r2, [sp, #16]
10002178:	d025      	beq.n	100021c6 <_ftoa+0x44e>
1000217a:	9f0c      	ldr	r7, [sp, #48]	@ 0x30
1000217c:	463d      	mov	r5, r7
1000217e:	4e22      	ldr	r6, [pc, #136]	@ (10002208 <_ftoa+0x490>)
10002180:	1cf4      	adds	r4, r6, #3
10002182:	f814 0d01 	ldrb.w	r0, [r4, #-1]!
10002186:	462a      	mov	r2, r5
10002188:	4653      	mov	r3, sl
1000218a:	4649      	mov	r1, r9
1000218c:	47c0      	blx	r8
1000218e:	42a6      	cmp	r6, r4
10002190:	f105 0501 	add.w	r5, r5, #1
10002194:	d1f5      	bne.n	10002182 <_ftoa+0x40a>
10002196:	9b04      	ldr	r3, [sp, #16]
10002198:	1cfc      	adds	r4, r7, #3
1000219a:	2b00      	cmp	r3, #0
1000219c:	f43f aeff 	beq.w	10001f9e <_ftoa+0x226>
100021a0:	9d0c      	ldr	r5, [sp, #48]	@ 0x30
100021a2:	1b63      	subs	r3, r4, r5
100021a4:	459b      	cmp	fp, r3
100021a6:	f67f aefa 	bls.w	10001f9e <_ftoa+0x226>
100021aa:	4622      	mov	r2, r4
100021ac:	4653      	mov	r3, sl
100021ae:	4649      	mov	r1, r9
100021b0:	2020      	movs	r0, #32
100021b2:	3401      	adds	r4, #1
100021b4:	47c0      	blx	r8
100021b6:	1b63      	subs	r3, r4, r5
100021b8:	459b      	cmp	fp, r3
100021ba:	d8f6      	bhi.n	100021aa <_ftoa+0x432>
100021bc:	e6ef      	b.n	10001f9e <_ftoa+0x226>
100021be:	45ab      	cmp	fp, r5
100021c0:	f63f af42 	bhi.w	10002048 <_ftoa+0x2d0>
100021c4:	e74a      	b.n	1000205c <_ftoa+0x2e4>
100021c6:	f1bb 0f03 	cmp.w	fp, #3
100021ca:	d9d6      	bls.n	1000217a <_ftoa+0x402>
100021cc:	9b0c      	ldr	r3, [sp, #48]	@ 0x30
100021ce:	461d      	mov	r5, r3
100021d0:	3b03      	subs	r3, #3
100021d2:	eb03 070b 	add.w	r7, r3, fp
100021d6:	462a      	mov	r2, r5
100021d8:	4653      	mov	r3, sl
100021da:	4649      	mov	r1, r9
100021dc:	2020      	movs	r0, #32
100021de:	3501      	adds	r5, #1
100021e0:	47c0      	blx	r8
100021e2:	42bd      	cmp	r5, r7
100021e4:	d1f7      	bne.n	100021d6 <_ftoa+0x45e>
100021e6:	e7c9      	b.n	1000217c <_ftoa+0x404>
100021e8:	f1bb 0f00 	cmp.w	fp, #0
100021ec:	f43f af66 	beq.w	100020bc <_ftoa+0x344>
100021f0:	9a0d      	ldr	r2, [sp, #52]	@ 0x34
100021f2:	2a00      	cmp	r2, #0
100021f4:	d084      	beq.n	10002100 <_ftoa+0x388>
100021f6:	f10b 3bff 	add.w	fp, fp, #4294967295	@ 0xffffffff
100021fa:	455d      	cmp	r5, fp
100021fc:	f4ff af24 	bcc.w	10002048 <_ftoa+0x2d0>
10002200:	2d20      	cmp	r5, #32
10002202:	f47f af5f 	bne.w	100020c4 <_ftoa+0x34c>
10002206:	e729      	b.n	1000205c <_ftoa+0x2e4>
10002208:	10007748 	.word	0x10007748
1000220c:	00000000 	.word	0x00000000

10002210 <_etoa>:
10002210:	e92d 4ff0 	stmdb	sp!, {r4, r5, r6, r7, r8, r9, sl, fp, lr}
10002214:	b09f      	sub	sp, #124	@ 0x7c
10002216:	461e      	mov	r6, r3
10002218:	e9dd ab28 	ldrd	sl, fp, [sp, #160]	@ 0xa0
1000221c:	e9dd 982b 	ldrd	r9, r8, [sp, #172]	@ 0xac
10002220:	9b2a      	ldr	r3, [sp, #168]	@ 0xa8
10002222:	4604      	mov	r4, r0
10002224:	460d      	mov	r5, r1
10002226:	920b      	str	r2, [sp, #44]	@ 0x2c
10002228:	930a      	str	r3, [sp, #40]	@ 0x28
1000222a:	4652      	mov	r2, sl
1000222c:	465b      	mov	r3, fp
1000222e:	4650      	mov	r0, sl
10002230:	4659      	mov	r1, fp
10002232:	f7ff fbf3 	bl	10001a1c <__wrap___aeabi_dcmpun>
10002236:	2800      	cmp	r0, #0
10002238:	f040 80c6 	bne.w	100023c8 <_etoa+0x1b8>
1000223c:	4650      	mov	r0, sl
1000223e:	4659      	mov	r1, fp
10002240:	f04f 32ff 	mov.w	r2, #4294967295	@ 0xffffffff
10002244:	4b7b      	ldr	r3, [pc, #492]	@ (10002434 <_etoa+0x224>)
10002246:	f7ff fc37 	bl	10001ab8 <__wrap___aeabi_dcmpgt>
1000224a:	2800      	cmp	r0, #0
1000224c:	f040 80bc 	bne.w	100023c8 <_etoa+0x1b8>
10002250:	4650      	mov	r0, sl
10002252:	4659      	mov	r1, fp
10002254:	f04f 32ff 	mov.w	r2, #4294967295	@ 0xffffffff
10002258:	f46f 1380 	mvn.w	r3, #1048576	@ 0x100000
1000225c:	f7ff fbf0 	bl	10001a40 <__wrap___aeabi_dcmplt>
10002260:	2800      	cmp	r0, #0
10002262:	f040 80b1 	bne.w	100023c8 <_etoa+0x1b8>
10002266:	4650      	mov	r0, sl
10002268:	4659      	mov	r1, fp
1000226a:	2200      	movs	r2, #0
1000226c:	2300      	movs	r3, #0
1000226e:	f7ff fbe7 	bl	10001a40 <__wrap___aeabi_dcmplt>
10002272:	2800      	cmp	r0, #0
10002274:	f040 81dd 	bne.w	10002632 <_etoa+0x422>
10002278:	e9cd ab08 	strd	sl, fp, [sp, #32]
1000227c:	e9dd 1208 	ldrd	r1, r2, [sp, #32]
10002280:	f418 6080 	ands.w	r0, r8, #1024	@ 0x400
10002284:	460b      	mov	r3, r1
10002286:	460f      	mov	r7, r1
10002288:	f408 6100 	and.w	r1, r8, #2048	@ 0x800
1000228c:	920c      	str	r2, [sp, #48]	@ 0x30
1000228e:	9114      	str	r1, [sp, #80]	@ 0x50
10002290:	9015      	str	r0, [sp, #84]	@ 0x54
10002292:	f040 80a8 	bne.w	100023e6 <_etoa+0x1d6>
10002296:	4313      	orrs	r3, r2
10002298:	f040 80d0 	bne.w	1000243c <_etoa+0x22c>
1000229c:	2900      	cmp	r1, #0
1000229e:	f040 81ec 	bne.w	1000267a <_etoa+0x46a>
100022a2:	2306      	movs	r3, #6
100022a4:	930a      	str	r3, [sp, #40]	@ 0x28
100022a6:	f018 0202 	ands.w	r2, r8, #2
100022aa:	9210      	str	r2, [sp, #64]	@ 0x40
100022ac:	f040 81dd 	bne.w	1000266a <_etoa+0x45a>
100022b0:	464b      	mov	r3, r9
100022b2:	2b04      	cmp	r3, #4
100022b4:	bf38      	it	cc
100022b6:	2304      	movcc	r3, #4
100022b8:	920e      	str	r2, [sp, #56]	@ 0x38
100022ba:	2204      	movs	r2, #4
100022bc:	3b04      	subs	r3, #4
100022be:	9212      	str	r2, [sp, #72]	@ 0x48
100022c0:	9314      	str	r3, [sp, #80]	@ 0x50
100022c2:	4650      	mov	r0, sl
100022c4:	4659      	mov	r1, fp
100022c6:	2200      	movs	r2, #0
100022c8:	2300      	movs	r3, #0
100022ca:	f7ff fbb9 	bl	10001a40 <__wrap___aeabi_dcmplt>
100022ce:	2800      	cmp	r0, #0
100022d0:	f040 822a 	bne.w	10002728 <_etoa+0x518>
100022d4:	ed9d 7b08 	vldr	d7, [sp, #32]
100022d8:	9b14      	ldr	r3, [sp, #80]	@ 0x50
100022da:	9a0b      	ldr	r2, [sp, #44]	@ 0x2c
100022dc:	9303      	str	r3, [sp, #12]
100022de:	9b0a      	ldr	r3, [sp, #40]	@ 0x28
100022e0:	ed8d 7b00 	vstr	d7, [sp]
100022e4:	9302      	str	r3, [sp, #8]
100022e6:	f428 6300 	bic.w	r3, r8, #2048	@ 0x800
100022ea:	9304      	str	r3, [sp, #16]
100022ec:	4629      	mov	r1, r5
100022ee:	4633      	mov	r3, r6
100022f0:	4620      	mov	r0, r4
100022f2:	f7ff fd41 	bl	10001d78 <_ftoa>
100022f6:	4602      	mov	r2, r0
100022f8:	f018 0f20 	tst.w	r8, #32
100022fc:	4633      	mov	r3, r6
100022fe:	4629      	mov	r1, r5
10002300:	bf0c      	ite	eq
10002302:	2065      	moveq	r0, #101	@ 0x65
10002304:	2045      	movne	r0, #69	@ 0x45
10002306:	f102 0801 	add.w	r8, r2, #1
1000230a:	47a0      	blx	r4
1000230c:	9b12      	ldr	r3, [sp, #72]	@ 0x48
1000230e:	f10d 0a58 	add.w	sl, sp, #88	@ 0x58
10002312:	f103 3bff 	add.w	fp, r3, #4294967295	@ 0xffffffff
10002316:	9b0e      	ldr	r3, [sp, #56]	@ 0x38
10002318:	2200      	movs	r2, #0
1000231a:	ea83 7ce3 	eor.w	ip, r3, r3, asr #31
1000231e:	4650      	mov	r0, sl
10002320:	f8df e114 	ldr.w	lr, [pc, #276]	@ 10002438 <_etoa+0x228>
10002324:	9f0b      	ldr	r7, [sp, #44]	@ 0x2c
10002326:	ebac 7ce3 	sub.w	ip, ip, r3, asr #31
1000232a:	0fd9      	lsrs	r1, r3, #31
1000232c:	f8cd 8020 	str.w	r8, [sp, #32]
10002330:	e002      	b.n	10002338 <_etoa+0x128>
10002332:	2a20      	cmp	r2, #32
10002334:	46c4      	mov	ip, r8
10002336:	d010      	beq.n	1000235a <_etoa+0x14a>
10002338:	fbae 380c 	umull	r3, r8, lr, ip
1000233c:	ea4f 08d8 	mov.w	r8, r8, lsr #3
10002340:	eb08 0388 	add.w	r3, r8, r8, lsl #2
10002344:	ebac 0343 	sub.w	r3, ip, r3, lsl #1
10002348:	3001      	adds	r0, #1
1000234a:	3330      	adds	r3, #48	@ 0x30
1000234c:	f1bc 0f09 	cmp.w	ip, #9
10002350:	f102 0201 	add.w	r2, r2, #1
10002354:	f800 3c01 	strb.w	r3, [r0, #-1]
10002358:	d8eb      	bhi.n	10002332 <_etoa+0x122>
1000235a:	2305      	movs	r3, #5
1000235c:	f04f 0c00 	mov.w	ip, #0
10002360:	9306      	str	r3, [sp, #24]
10002362:	230a      	movs	r3, #10
10002364:	f8dd 8020 	ldr.w	r8, [sp, #32]
10002368:	e9cd 2101 	strd	r2, r1, [sp, #4]
1000236c:	e9cd 3c03 	strd	r3, ip, [sp, #12]
10002370:	f8cd a000 	str.w	sl, [sp]
10002374:	4633      	mov	r3, r6
10002376:	4642      	mov	r2, r8
10002378:	4629      	mov	r1, r5
1000237a:	4620      	mov	r0, r4
1000237c:	f8cd b014 	str.w	fp, [sp, #20]
10002380:	f7ff fc00 	bl	10001b84 <_ntoa_format>
10002384:	9b10      	ldr	r3, [sp, #64]	@ 0x40
10002386:	4682      	mov	sl, r0
10002388:	b1d3      	cbz	r3, 100023c0 <_etoa+0x1b0>
1000238a:	eba0 0807 	sub.w	r8, r0, r7
1000238e:	45c1      	cmp	r9, r8
10002390:	d916      	bls.n	100023c0 <_etoa+0x1b0>
10002392:	eb07 0208 	add.w	r2, r7, r8
10002396:	4633      	mov	r3, r6
10002398:	4629      	mov	r1, r5
1000239a:	2020      	movs	r0, #32
1000239c:	f108 0801 	add.w	r8, r8, #1
100023a0:	47a0      	blx	r4
100023a2:	45c1      	cmp	r9, r8
100023a4:	d8f5      	bhi.n	10002392 <_etoa+0x182>
100023a6:	1e7b      	subs	r3, r7, #1
100023a8:	444b      	add	r3, r9
100023aa:	f1c7 0201 	rsb	r2, r7, #1
100023ae:	eba3 030a 	sub.w	r3, r3, sl
100023b2:	4452      	add	r2, sl
100023b4:	4591      	cmp	r9, r2
100023b6:	bf38      	it	cc
100023b8:	2300      	movcc	r3, #0
100023ba:	f10a 0a01 	add.w	sl, sl, #1
100023be:	449a      	add	sl, r3
100023c0:	4650      	mov	r0, sl
100023c2:	b01f      	add	sp, #124	@ 0x7c
100023c4:	e8bd 8ff0 	ldmia.w	sp!, {r4, r5, r6, r7, r8, r9, sl, fp, pc}
100023c8:	4633      	mov	r3, r6
100023ca:	4629      	mov	r1, r5
100023cc:	4620      	mov	r0, r4
100023ce:	e9cd ab28 	strd	sl, fp, [sp, #160]	@ 0xa0
100023d2:	9c0a      	ldr	r4, [sp, #40]	@ 0x28
100023d4:	e9cd 982b 	strd	r9, r8, [sp, #172]	@ 0xac
100023d8:	9a0b      	ldr	r2, [sp, #44]	@ 0x2c
100023da:	942a      	str	r4, [sp, #168]	@ 0xa8
100023dc:	b01f      	add	sp, #124	@ 0x7c
100023de:	e8bd 4ff0 	ldmia.w	sp!, {r4, r5, r6, r7, r8, r9, sl, fp, lr}
100023e2:	f7ff bcc9 	b.w	10001d78 <_ftoa>
100023e6:	ea57 0302 	orrs.w	r3, r7, r2
100023ea:	d129      	bne.n	10002440 <_etoa+0x230>
100023ec:	2900      	cmp	r1, #0
100023ee:	f43f af5a 	beq.w	100022a6 <_etoa+0x96>
100023f2:	2300      	movs	r3, #0
100023f4:	930e      	str	r3, [sp, #56]	@ 0x38
100023f6:	9b0a      	ldr	r3, [sp, #40]	@ 0x28
100023f8:	9a0e      	ldr	r2, [sp, #56]	@ 0x38
100023fa:	4293      	cmp	r3, r2
100023fc:	f300 81ba 	bgt.w	10002774 <_etoa+0x564>
10002400:	2700      	movs	r7, #0
10002402:	4650      	mov	r0, sl
10002404:	4659      	mov	r1, fp
10002406:	2200      	movs	r2, #0
10002408:	2300      	movs	r3, #0
1000240a:	f7ff fb19 	bl	10001a40 <__wrap___aeabi_dcmplt>
1000240e:	2800      	cmp	r0, #0
10002410:	f040 8115 	bne.w	1000263e <_etoa+0x42e>
10002414:	ed9d 7b08 	vldr	d7, [sp, #32]
10002418:	f428 6300 	bic.w	r3, r8, #2048	@ 0x800
1000241c:	f443 6380 	orr.w	r3, r3, #1024	@ 0x400
10002420:	932c      	str	r3, [sp, #176]	@ 0xb0
10002422:	ed8d 7b28 	vstr	d7, [sp, #160]	@ 0xa0
10002426:	4633      	mov	r3, r6
10002428:	4629      	mov	r1, r5
1000242a:	4620      	mov	r0, r4
1000242c:	e9cd 792a 	strd	r7, r9, [sp, #168]	@ 0xa8
10002430:	9a0b      	ldr	r2, [sp, #44]	@ 0x2c
10002432:	e7d3      	b.n	100023dc <_etoa+0x1cc>
10002434:	7fefffff 	.word	0x7fefffff
10002438:	cccccccd 	.word	0xcccccccd
1000243c:	2306      	movs	r3, #6
1000243e:	930a      	str	r3, [sp, #40]	@ 0x28
10002440:	9b0c      	ldr	r3, [sp, #48]	@ 0x30
10002442:	f3c3 500a 	ubfx	r0, r3, #20, #11
10002446:	f2a0 30ff 	subw	r0, r0, #1023	@ 0x3ff
1000244a:	f7ff fa9f 	bl	1000198c <__wrap___aeabi_i2d>
1000244e:	a3b2      	add	r3, pc, #712	@ (adr r3, 10002718 <_etoa+0x508>)
10002450:	e9d3 2300 	ldrd	r2, r3, [r3]
10002454:	f7ff fa28 	bl	100018a8 <__wrap___aeabi_dmul>
10002458:	a3b1      	add	r3, pc, #708	@ (adr r3, 10002720 <_etoa+0x510>)
1000245a:	e9d3 2300 	ldrd	r2, r3, [r3]
1000245e:	f7ff f9fb 	bl	10001858 <__wrap___aeabi_dadd>
10002462:	9b0c      	ldr	r3, [sp, #48]	@ 0x30
10002464:	e9cd 010e 	strd	r0, r1, [sp, #56]	@ 0x38
10002468:	f3c3 0313 	ubfx	r3, r3, #0, #20
1000246c:	f043 517f 	orr.w	r1, r3, #1069547520	@ 0x3fc00000
10002470:	4638      	mov	r0, r7
10002472:	2200      	movs	r2, #0
10002474:	4ba2      	ldr	r3, [pc, #648]	@ (10002700 <_etoa+0x4f0>)
10002476:	f441 1140 	orr.w	r1, r1, #3145728	@ 0x300000
1000247a:	f7ff fa01 	bl	10001880 <__wrap___aeabi_dsub>
1000247e:	a394      	add	r3, pc, #592	@ (adr r3, 100026d0 <_etoa+0x4c0>)
10002480:	e9d3 2300 	ldrd	r2, r3, [r3]
10002484:	f7ff fa10 	bl	100018a8 <__wrap___aeabi_dmul>
10002488:	4602      	mov	r2, r0
1000248a:	460b      	mov	r3, r1
1000248c:	e9dd 010e 	ldrd	r0, r1, [sp, #56]	@ 0x38
10002490:	f7ff f9e2 	bl	10001858 <__wrap___aeabi_dadd>
10002494:	f7ff fa9e 	bl	100019d4 <__wrap___aeabi_d2iz>
10002498:	900e      	str	r0, [sp, #56]	@ 0x38
1000249a:	f7ff fa77 	bl	1000198c <__wrap___aeabi_i2d>
1000249e:	a38e      	add	r3, pc, #568	@ (adr r3, 100026d8 <_etoa+0x4c8>)
100024a0:	e9d3 2300 	ldrd	r2, r3, [r3]
100024a4:	e9cd 010c 	strd	r0, r1, [sp, #48]	@ 0x30
100024a8:	f7ff f9fe 	bl	100018a8 <__wrap___aeabi_dmul>
100024ac:	2200      	movs	r2, #0
100024ae:	4b95      	ldr	r3, [pc, #596]	@ (10002704 <_etoa+0x4f4>)
100024b0:	f7ff f9d2 	bl	10001858 <__wrap___aeabi_dadd>
100024b4:	f7ff fa8e 	bl	100019d4 <__wrap___aeabi_d2iz>
100024b8:	a389      	add	r3, pc, #548	@ (adr r3, 100026e0 <_etoa+0x4d0>)
100024ba:	e9d3 2300 	ldrd	r2, r3, [r3]
100024be:	4607      	mov	r7, r0
100024c0:	e9dd 010c 	ldrd	r0, r1, [sp, #48]	@ 0x30
100024c4:	f7ff f9f0 	bl	100018a8 <__wrap___aeabi_dmul>
100024c8:	e9cd 010c 	strd	r0, r1, [sp, #48]	@ 0x30
100024cc:	4638      	mov	r0, r7
100024ce:	f7ff fa5d 	bl	1000198c <__wrap___aeabi_i2d>
100024d2:	a385      	add	r3, pc, #532	@ (adr r3, 100026e8 <_etoa+0x4d8>)
100024d4:	e9d3 2300 	ldrd	r2, r3, [r3]
100024d8:	f7ff f9e6 	bl	100018a8 <__wrap___aeabi_dmul>
100024dc:	4602      	mov	r2, r0
100024de:	460b      	mov	r3, r1
100024e0:	e9dd 010c 	ldrd	r0, r1, [sp, #48]	@ 0x30
100024e4:	f7ff f9cc 	bl	10001880 <__wrap___aeabi_dsub>
100024e8:	4602      	mov	r2, r0
100024ea:	460b      	mov	r3, r1
100024ec:	e9cd 230c 	strd	r2, r3, [sp, #48]	@ 0x30
100024f0:	f7ff f9da 	bl	100018a8 <__wrap___aeabi_dmul>
100024f4:	e9cd 0110 	strd	r0, r1, [sp, #64]	@ 0x40
100024f8:	e9dd 010c 	ldrd	r0, r1, [sp, #48]	@ 0x30
100024fc:	4602      	mov	r2, r0
100024fe:	460b      	mov	r3, r1
10002500:	f7ff f9aa 	bl	10001858 <__wrap___aeabi_dadd>
10002504:	2200      	movs	r2, #0
10002506:	e9cd 0112 	strd	r0, r1, [sp, #72]	@ 0x48
1000250a:	e9dd 0110 	ldrd	r0, r1, [sp, #64]	@ 0x40
1000250e:	4b7e      	ldr	r3, [pc, #504]	@ (10002708 <_etoa+0x4f8>)
10002510:	f7ff f9ee 	bl	100018f0 <__wrap___aeabi_ddiv>
10002514:	2200      	movs	r2, #0
10002516:	4b7d      	ldr	r3, [pc, #500]	@ (1000270c <_etoa+0x4fc>)
10002518:	f7ff f99e 	bl	10001858 <__wrap___aeabi_dadd>
1000251c:	4602      	mov	r2, r0
1000251e:	460b      	mov	r3, r1
10002520:	e9dd 0110 	ldrd	r0, r1, [sp, #64]	@ 0x40
10002524:	f7ff f9e4 	bl	100018f0 <__wrap___aeabi_ddiv>
10002528:	2200      	movs	r2, #0
1000252a:	4b79      	ldr	r3, [pc, #484]	@ (10002710 <_etoa+0x500>)
1000252c:	f7ff f994 	bl	10001858 <__wrap___aeabi_dadd>
10002530:	4602      	mov	r2, r0
10002532:	460b      	mov	r3, r1
10002534:	e9dd 0110 	ldrd	r0, r1, [sp, #64]	@ 0x40
10002538:	f7ff f9da 	bl	100018f0 <__wrap___aeabi_ddiv>
1000253c:	e9cd 0110 	strd	r0, r1, [sp, #64]	@ 0x40
10002540:	e9dd 230c 	ldrd	r2, r3, [sp, #48]	@ 0x30
10002544:	2000      	movs	r0, #0
10002546:	f04f 4180 	mov.w	r1, #1073741824	@ 0x40000000
1000254a:	f7ff f999 	bl	10001880 <__wrap___aeabi_dsub>
1000254e:	4602      	mov	r2, r0
10002550:	460b      	mov	r3, r1
10002552:	e9dd 0110 	ldrd	r0, r1, [sp, #64]	@ 0x40
10002556:	f7ff f97f 	bl	10001858 <__wrap___aeabi_dadd>
1000255a:	4602      	mov	r2, r0
1000255c:	460b      	mov	r3, r1
1000255e:	e9dd 0112 	ldrd	r0, r1, [sp, #72]	@ 0x48
10002562:	f7ff f9c5 	bl	100018f0 <__wrap___aeabi_ddiv>
10002566:	2200      	movs	r2, #0
10002568:	4b6a      	ldr	r3, [pc, #424]	@ (10002714 <_etoa+0x504>)
1000256a:	f7ff f975 	bl	10001858 <__wrap___aeabi_dadd>
1000256e:	f207 3cff 	addw	ip, r7, #1023	@ 0x3ff
10002572:	2200      	movs	r2, #0
10002574:	ea4f 530c 	mov.w	r3, ip, lsl #20
10002578:	f7ff f996 	bl	100018a8 <__wrap___aeabi_dmul>
1000257c:	4602      	mov	r2, r0
1000257e:	460b      	mov	r3, r1
10002580:	e9dd 0108 	ldrd	r0, r1, [sp, #32]
10002584:	e9cd 230c 	strd	r2, r3, [sp, #48]	@ 0x30
10002588:	f7ff fa5a 	bl	10001a40 <__wrap___aeabi_dcmplt>
1000258c:	b150      	cbz	r0, 100025a4 <_etoa+0x394>
1000258e:	e9dd 010c 	ldrd	r0, r1, [sp, #48]	@ 0x30
10002592:	9b0e      	ldr	r3, [sp, #56]	@ 0x38
10002594:	2200      	movs	r2, #0
10002596:	3b01      	subs	r3, #1
10002598:	930e      	str	r3, [sp, #56]	@ 0x38
1000259a:	4b5c      	ldr	r3, [pc, #368]	@ (1000270c <_etoa+0x4fc>)
1000259c:	f7ff f9a8 	bl	100018f0 <__wrap___aeabi_ddiv>
100025a0:	e9cd 010c 	strd	r0, r1, [sp, #48]	@ 0x30
100025a4:	e9dd 010c 	ldrd	r0, r1, [sp, #48]	@ 0x30
100025a8:	9b0e      	ldr	r3, [sp, #56]	@ 0x38
100025aa:	4602      	mov	r2, r0
100025ac:	3363      	adds	r3, #99	@ 0x63
100025ae:	2bc6      	cmp	r3, #198	@ 0xc6
100025b0:	f008 0302 	and.w	r3, r8, #2
100025b4:	9310      	str	r3, [sp, #64]	@ 0x40
100025b6:	9b14      	ldr	r3, [sp, #80]	@ 0x50
100025b8:	d82d      	bhi.n	10002616 <_etoa+0x406>
100025ba:	2b00      	cmp	r3, #0
100025bc:	d05f      	beq.n	1000267e <_etoa+0x46e>
100025be:	2304      	movs	r3, #4
100025c0:	9312      	str	r3, [sp, #72]	@ 0x48
100025c2:	430a      	orrs	r2, r1
100025c4:	f43f af17 	beq.w	100023f6 <_etoa+0x1e6>
100025c8:	e9dd 0108 	ldrd	r0, r1, [sp, #32]
100025cc:	a348      	add	r3, pc, #288	@ (adr r3, 100026f0 <_etoa+0x4e0>)
100025ce:	e9d3 2300 	ldrd	r2, r3, [r3]
100025d2:	f7ff fa5d 	bl	10001a90 <__wrap___aeabi_dcmpge>
100025d6:	b148      	cbz	r0, 100025ec <_etoa+0x3dc>
100025d8:	e9dd 0108 	ldrd	r0, r1, [sp, #32]
100025dc:	a346      	add	r3, pc, #280	@ (adr r3, 100026f8 <_etoa+0x4e8>)
100025de:	e9d3 2300 	ldrd	r2, r3, [r3]
100025e2:	f7ff fa2d 	bl	10001a40 <__wrap___aeabi_dcmplt>
100025e6:	2800      	cmp	r0, #0
100025e8:	f47f af05 	bne.w	100023f6 <_etoa+0x1e6>
100025ec:	9b0a      	ldr	r3, [sp, #40]	@ 0x28
100025ee:	2b00      	cmp	r3, #0
100025f0:	d051      	beq.n	10002696 <_etoa+0x486>
100025f2:	9a15      	ldr	r2, [sp, #84]	@ 0x54
100025f4:	2a00      	cmp	r2, #0
100025f6:	f000 80ac 	beq.w	10002752 <_etoa+0x542>
100025fa:	3b01      	subs	r3, #1
100025fc:	930a      	str	r3, [sp, #40]	@ 0x28
100025fe:	9b12      	ldr	r3, [sp, #72]	@ 0x48
10002600:	4599      	cmp	r9, r3
10002602:	d905      	bls.n	10002610 <_etoa+0x400>
10002604:	9b10      	ldr	r3, [sp, #64]	@ 0x40
10002606:	2b00      	cmp	r3, #0
10002608:	f000 80af 	beq.w	1000276a <_etoa+0x55a>
1000260c:	2302      	movs	r3, #2
1000260e:	9310      	str	r3, [sp, #64]	@ 0x40
10002610:	2300      	movs	r3, #0
10002612:	9314      	str	r3, [sp, #80]	@ 0x50
10002614:	e044      	b.n	100026a0 <_etoa+0x490>
10002616:	bb2b      	cbnz	r3, 10002664 <_etoa+0x454>
10002618:	f1b9 0f05 	cmp.w	r9, #5
1000261c:	d94f      	bls.n	100026be <_etoa+0x4ae>
1000261e:	f008 0302 	and.w	r3, r8, #2
10002622:	2b00      	cmp	r3, #0
10002624:	d149      	bne.n	100026ba <_etoa+0x4aa>
10002626:	2305      	movs	r3, #5
10002628:	9312      	str	r3, [sp, #72]	@ 0x48
1000262a:	f1a9 0305 	sub.w	r3, r9, #5
1000262e:	9314      	str	r3, [sp, #80]	@ 0x50
10002630:	e03a      	b.n	100026a8 <_etoa+0x498>
10002632:	f10b 4300 	add.w	r3, fp, #2147483648	@ 0x80000000
10002636:	f8cd a020 	str.w	sl, [sp, #32]
1000263a:	9309      	str	r3, [sp, #36]	@ 0x24
1000263c:	e61e      	b.n	1000227c <_etoa+0x6c>
1000263e:	f428 6300 	bic.w	r3, r8, #2048	@ 0x800
10002642:	f443 6380 	orr.w	r3, r3, #1024	@ 0x400
10002646:	4620      	mov	r0, r4
10002648:	e9cd 792a 	strd	r7, r9, [sp, #168]	@ 0xa8
1000264c:	932c      	str	r3, [sp, #176]	@ 0xb0
1000264e:	4633      	mov	r3, r6
10002650:	e9dd 6708 	ldrd	r6, r7, [sp, #32]
10002654:	4634      	mov	r4, r6
10002656:	4629      	mov	r1, r5
10002658:	f107 4500 	add.w	r5, r7, #2147483648	@ 0x80000000
1000265c:	e9cd 4528 	strd	r4, r5, [sp, #160]	@ 0xa0
10002660:	9a0b      	ldr	r2, [sp, #44]	@ 0x2c
10002662:	e6bb      	b.n	100023dc <_etoa+0x1cc>
10002664:	2305      	movs	r3, #5
10002666:	9312      	str	r3, [sp, #72]	@ 0x48
10002668:	e7ab      	b.n	100025c2 <_etoa+0x3b2>
1000266a:	2202      	movs	r2, #2
1000266c:	2300      	movs	r3, #0
1000266e:	9210      	str	r2, [sp, #64]	@ 0x40
10002670:	2204      	movs	r2, #4
10002672:	9314      	str	r3, [sp, #80]	@ 0x50
10002674:	9212      	str	r2, [sp, #72]	@ 0x48
10002676:	930e      	str	r3, [sp, #56]	@ 0x38
10002678:	e623      	b.n	100022c2 <_etoa+0xb2>
1000267a:	2705      	movs	r7, #5
1000267c:	e6c1      	b.n	10002402 <_etoa+0x1f2>
1000267e:	f1b9 0f04 	cmp.w	r9, #4
10002682:	d91f      	bls.n	100026c4 <_etoa+0x4b4>
10002684:	9b10      	ldr	r3, [sp, #64]	@ 0x40
10002686:	2b00      	cmp	r3, #0
10002688:	d177      	bne.n	1000277a <_etoa+0x56a>
1000268a:	2304      	movs	r3, #4
1000268c:	9312      	str	r3, [sp, #72]	@ 0x48
1000268e:	f1a9 0304 	sub.w	r3, r9, #4
10002692:	9314      	str	r3, [sp, #80]	@ 0x50
10002694:	e004      	b.n	100026a0 <_etoa+0x490>
10002696:	9b12      	ldr	r3, [sp, #72]	@ 0x48
10002698:	4599      	cmp	r9, r3
1000269a:	d85f      	bhi.n	1000275c <_etoa+0x54c>
1000269c:	9b0a      	ldr	r3, [sp, #40]	@ 0x28
1000269e:	9314      	str	r3, [sp, #80]	@ 0x50
100026a0:	9b0e      	ldr	r3, [sp, #56]	@ 0x38
100026a2:	2b00      	cmp	r3, #0
100026a4:	f43f ae0d 	beq.w	100022c2 <_etoa+0xb2>
100026a8:	e9dd 0108 	ldrd	r0, r1, [sp, #32]
100026ac:	e9dd 230c 	ldrd	r2, r3, [sp, #48]	@ 0x30
100026b0:	f7ff f91e 	bl	100018f0 <__wrap___aeabi_ddiv>
100026b4:	e9cd 0108 	strd	r0, r1, [sp, #32]
100026b8:	e603      	b.n	100022c2 <_etoa+0xb2>
100026ba:	2302      	movs	r3, #2
100026bc:	9310      	str	r3, [sp, #64]	@ 0x40
100026be:	2305      	movs	r3, #5
100026c0:	9312      	str	r3, [sp, #72]	@ 0x48
100026c2:	e7f1      	b.n	100026a8 <_etoa+0x498>
100026c4:	2304      	movs	r3, #4
100026c6:	9312      	str	r3, [sp, #72]	@ 0x48
100026c8:	e7ea      	b.n	100026a0 <_etoa+0x490>
100026ca:	bf00      	nop
100026cc:	f3af 8000 	nop.w
100026d0:	636f4361 	.word	0x636f4361
100026d4:	3fd287a7 	.word	0x3fd287a7
100026d8:	0979a371 	.word	0x0979a371
100026dc:	400a934f 	.word	0x400a934f
100026e0:	bbb55516 	.word	0xbbb55516
100026e4:	40026bb1 	.word	0x40026bb1
100026e8:	fefa39ef 	.word	0xfefa39ef
100026ec:	3fe62e42 	.word	0x3fe62e42
100026f0:	eb1c432d 	.word	0xeb1c432d
100026f4:	3f1a36e2 	.word	0x3f1a36e2
100026f8:	00000000 	.word	0x00000000
100026fc:	412e8480 	.word	0x412e8480
10002700:	3ff80000 	.word	0x3ff80000
10002704:	3fe00000 	.word	0x3fe00000
10002708:	402c0000 	.word	0x402c0000
1000270c:	40240000 	.word	0x40240000
10002710:	40180000 	.word	0x40180000
10002714:	3ff00000 	.word	0x3ff00000
10002718:	509f79fb 	.word	0x509f79fb
1000271c:	3fd34413 	.word	0x3fd34413
10002720:	8b60c8b3 	.word	0x8b60c8b3
10002724:	3fc68a28 	.word	0x3fc68a28
10002728:	9b14      	ldr	r3, [sp, #80]	@ 0x50
1000272a:	e9dd a708 	ldrd	sl, r7, [sp, #32]
1000272e:	9303      	str	r3, [sp, #12]
10002730:	9b0a      	ldr	r3, [sp, #40]	@ 0x28
10002732:	f107 4b00 	add.w	fp, r7, #2147483648	@ 0x80000000
10002736:	9302      	str	r3, [sp, #8]
10002738:	f428 6300 	bic.w	r3, r8, #2048	@ 0x800
1000273c:	9a0b      	ldr	r2, [sp, #44]	@ 0x2c
1000273e:	9304      	str	r3, [sp, #16]
10002740:	4629      	mov	r1, r5
10002742:	4633      	mov	r3, r6
10002744:	4620      	mov	r0, r4
10002746:	e9cd ab00 	strd	sl, fp, [sp]
1000274a:	f7ff fb15 	bl	10001d78 <_ftoa>
1000274e:	4602      	mov	r2, r0
10002750:	e5d2      	b.n	100022f8 <_etoa+0xe8>
10002752:	9b12      	ldr	r3, [sp, #72]	@ 0x48
10002754:	4599      	cmp	r9, r3
10002756:	d815      	bhi.n	10002784 <_etoa+0x574>
10002758:	9214      	str	r2, [sp, #80]	@ 0x50
1000275a:	e7a1      	b.n	100026a0 <_etoa+0x490>
1000275c:	9b10      	ldr	r3, [sp, #64]	@ 0x40
1000275e:	b123      	cbz	r3, 1000276a <_etoa+0x55a>
10002760:	9b0a      	ldr	r3, [sp, #40]	@ 0x28
10002762:	9314      	str	r3, [sp, #80]	@ 0x50
10002764:	2302      	movs	r3, #2
10002766:	9310      	str	r3, [sp, #64]	@ 0x40
10002768:	e79a      	b.n	100026a0 <_etoa+0x490>
1000276a:	9b12      	ldr	r3, [sp, #72]	@ 0x48
1000276c:	eba9 0303 	sub.w	r3, r9, r3
10002770:	9314      	str	r3, [sp, #80]	@ 0x50
10002772:	e795      	b.n	100026a0 <_etoa+0x490>
10002774:	1a9b      	subs	r3, r3, r2
10002776:	1e5f      	subs	r7, r3, #1
10002778:	e643      	b.n	10002402 <_etoa+0x1f2>
1000277a:	2304      	movs	r3, #4
1000277c:	9312      	str	r3, [sp, #72]	@ 0x48
1000277e:	2302      	movs	r3, #2
10002780:	9310      	str	r3, [sp, #64]	@ 0x40
10002782:	e78d      	b.n	100026a0 <_etoa+0x490>
10002784:	9b10      	ldr	r3, [sp, #64]	@ 0x40
10002786:	2b00      	cmp	r3, #0
10002788:	d0ef      	beq.n	1000276a <_etoa+0x55a>
1000278a:	2302      	movs	r3, #2
1000278c:	9214      	str	r2, [sp, #80]	@ 0x50
1000278e:	9310      	str	r3, [sp, #64]	@ 0x40
10002790:	e786      	b.n	100026a0 <_etoa+0x490>
10002792:	bf00      	nop

10002794 <_vsnprintf>:
10002794:	e92d 4ff0 	stmdb	sp!, {r4, r5, r6, r7, r8, r9, sl, fp, lr}
10002798:	4691      	mov	r9, r2
1000279a:	4c9a      	ldr	r4, [pc, #616]	@ (10002a04 <_vsnprintf+0x270>)
1000279c:	4a9a      	ldr	r2, [pc, #616]	@ (10002a08 <_vsnprintf+0x274>)
1000279e:	f1b1 0a00 	subs.w	sl, r1, #0
100027a2:	b09b      	sub	sp, #108	@ 0x6c
100027a4:	bf18      	it	ne
100027a6:	4683      	movne	fp, r0
100027a8:	6014      	str	r4, [r2, #0]
100027aa:	7818      	ldrb	r0, [r3, #0]
100027ac:	4a97      	ldr	r2, [pc, #604]	@ (10002a0c <_vsnprintf+0x278>)
100027ae:	f8dd 8090 	ldr.w	r8, [sp, #144]	@ 0x90
100027b2:	bf08      	it	eq
100027b4:	4693      	moveq	fp, r2
100027b6:	2800      	cmp	r0, #0
100027b8:	f000 828a 	beq.w	10002cd0 <_vsnprintf+0x53c>
100027bc:	461d      	mov	r5, r3
100027be:	2600      	movs	r6, #0
100027c0:	f8cd 9020 	str.w	r9, [sp, #32]
100027c4:	e008      	b.n	100027d8 <_vsnprintf+0x44>
100027c6:	4632      	mov	r2, r6
100027c8:	4651      	mov	r1, sl
100027ca:	9b08      	ldr	r3, [sp, #32]
100027cc:	47d8      	blx	fp
100027ce:	3601      	adds	r6, #1
100027d0:	7828      	ldrb	r0, [r5, #0]
100027d2:	2800      	cmp	r0, #0
100027d4:	f000 80c7 	beq.w	10002966 <_vsnprintf+0x1d2>
100027d8:	2825      	cmp	r0, #37	@ 0x25
100027da:	f105 0501 	add.w	r5, r5, #1
100027de:	d1f2      	bne.n	100027c6 <_vsnprintf+0x32>
100027e0:	2200      	movs	r2, #0
100027e2:	462b      	mov	r3, r5
100027e4:	f813 1b01 	ldrb.w	r1, [r3], #1
100027e8:	f1a1 0020 	sub.w	r0, r1, #32
100027ec:	2810      	cmp	r0, #16
100027ee:	d80a      	bhi.n	10002806 <_vsnprintf+0x72>
100027f0:	e8df f000 	tbb	[pc, r0]
100027f4:	3b09093f 	.word	0x3b09093f
100027f8:	09090909 	.word	0x09090909
100027fc:	37090909 	.word	0x37090909
10002800:	09093309 	.word	0x09093309
10002804:	2f          	.byte	0x2f
10002805:	00          	.byte	0x00
10002806:	f1a1 0030 	sub.w	r0, r1, #48	@ 0x30
1000280a:	2809      	cmp	r0, #9
1000280c:	f240 8089 	bls.w	10002922 <_vsnprintf+0x18e>
10002810:	292a      	cmp	r1, #42	@ 0x2a
10002812:	f000 80e9 	beq.w	100029e8 <_vsnprintf+0x254>
10002816:	2400      	movs	r4, #0
10002818:	292e      	cmp	r1, #46	@ 0x2e
1000281a:	f000 8094 	beq.w	10002946 <_vsnprintf+0x1b2>
1000281e:	2700      	movs	r7, #0
10002820:	f1a1 0068 	sub.w	r0, r1, #104	@ 0x68
10002824:	2812      	cmp	r0, #18
10002826:	d82c      	bhi.n	10002882 <_vsnprintf+0xee>
10002828:	e8df f010 	tbh	[pc, r0, lsl #1]
1000282c:	002b014e 	.word	0x002b014e
10002830:	002b0149 	.word	0x002b0149
10002834:	002b0140 	.word	0x002b0140
10002838:	002b002b 	.word	0x002b002b
1000283c:	002b002b 	.word	0x002b002b
10002840:	002b002b 	.word	0x002b002b
10002844:	002b0027 	.word	0x002b0027
10002848:	002b002b 	.word	0x002b002b
1000284c:	002b002b 	.word	0x002b002b
10002850:	0027      	.short	0x0027
10002852:	461d      	mov	r5, r3
10002854:	f042 0201 	orr.w	r2, r2, #1
10002858:	e7c3      	b.n	100027e2 <_vsnprintf+0x4e>
1000285a:	461d      	mov	r5, r3
1000285c:	f042 0202 	orr.w	r2, r2, #2
10002860:	e7bf      	b.n	100027e2 <_vsnprintf+0x4e>
10002862:	461d      	mov	r5, r3
10002864:	f042 0204 	orr.w	r2, r2, #4
10002868:	e7bb      	b.n	100027e2 <_vsnprintf+0x4e>
1000286a:	461d      	mov	r5, r3
1000286c:	f042 0210 	orr.w	r2, r2, #16
10002870:	e7b7      	b.n	100027e2 <_vsnprintf+0x4e>
10002872:	461d      	mov	r5, r3
10002874:	f042 0208 	orr.w	r2, r2, #8
10002878:	e7b3      	b.n	100027e2 <_vsnprintf+0x4e>
1000287a:	7869      	ldrb	r1, [r5, #1]
1000287c:	f442 7280 	orr.w	r2, r2, #256	@ 0x100
10002880:	3301      	adds	r3, #1
10002882:	2967      	cmp	r1, #103	@ 0x67
10002884:	461d      	mov	r5, r3
10002886:	d87e      	bhi.n	10002986 <_vsnprintf+0x1f2>
10002888:	2924      	cmp	r1, #36	@ 0x24
1000288a:	f240 80b8 	bls.w	100029fe <_vsnprintf+0x26a>
1000288e:	f1a1 0325 	sub.w	r3, r1, #37	@ 0x25
10002892:	2b42      	cmp	r3, #66	@ 0x42
10002894:	f200 80b3 	bhi.w	100029fe <_vsnprintf+0x26a>
10002898:	e8df f013 	tbh	[pc, r3, lsl #1]
1000289c:	00b10151 	.word	0x00b10151
100028a0:	00b100b1 	.word	0x00b100b1
100028a4:	00b100b1 	.word	0x00b100b1
100028a8:	00b100b1 	.word	0x00b100b1
100028ac:	00b100b1 	.word	0x00b100b1
100028b0:	00b100b1 	.word	0x00b100b1
100028b4:	00b100b1 	.word	0x00b100b1
100028b8:	00b100b1 	.word	0x00b100b1
100028bc:	00b100b1 	.word	0x00b100b1
100028c0:	00b100b1 	.word	0x00b100b1
100028c4:	00b100b1 	.word	0x00b100b1
100028c8:	00b100b1 	.word	0x00b100b1
100028cc:	00b100b1 	.word	0x00b100b1
100028d0:	00b100b1 	.word	0x00b100b1
100028d4:	00b100b1 	.word	0x00b100b1
100028d8:	00b100b1 	.word	0x00b100b1
100028dc:	013a011e 	.word	0x013a011e
100028e0:	00b1011e 	.word	0x00b1011e
100028e4:	00b100b1 	.word	0x00b100b1
100028e8:	00b100b1 	.word	0x00b100b1
100028ec:	00b100b1 	.word	0x00b100b1
100028f0:	00b100b1 	.word	0x00b100b1
100028f4:	00b100b1 	.word	0x00b100b1
100028f8:	00b100b1 	.word	0x00b100b1
100028fc:	00b100b1 	.word	0x00b100b1
10002900:	01b400b1 	.word	0x01b400b1
10002904:	00b100b1 	.word	0x00b100b1
10002908:	00b100b1 	.word	0x00b100b1
1000290c:	00b100b1 	.word	0x00b100b1
10002910:	00b100b1 	.word	0x00b100b1
10002914:	01b400b1 	.word	0x01b400b1
10002918:	01b40158 	.word	0x01b40158
1000291c:	013a011e 	.word	0x013a011e
10002920:	011e      	.short	0x011e
10002922:	2400      	movs	r4, #0
10002924:	eb04 0484 	add.w	r4, r4, r4, lsl #2
10002928:	eb01 0444 	add.w	r4, r1, r4, lsl #1
1000292c:	7819      	ldrb	r1, [r3, #0]
1000292e:	461d      	mov	r5, r3
10002930:	f1a1 0030 	sub.w	r0, r1, #48	@ 0x30
10002934:	2809      	cmp	r0, #9
10002936:	f1a4 0430 	sub.w	r4, r4, #48	@ 0x30
1000293a:	f103 0301 	add.w	r3, r3, #1
1000293e:	d9f1      	bls.n	10002924 <_vsnprintf+0x190>
10002940:	292e      	cmp	r1, #46	@ 0x2e
10002942:	f47f af6c 	bne.w	1000281e <_vsnprintf+0x8a>
10002946:	7869      	ldrb	r1, [r5, #1]
10002948:	4618      	mov	r0, r3
1000294a:	f1a1 0730 	sub.w	r7, r1, #48	@ 0x30
1000294e:	2f09      	cmp	r7, #9
10002950:	f442 6280 	orr.w	r2, r2, #1024	@ 0x400
10002954:	f240 8125 	bls.w	10002ba2 <_vsnprintf+0x40e>
10002958:	292a      	cmp	r1, #42	@ 0x2a
1000295a:	f000 8132 	beq.w	10002bc2 <_vsnprintf+0x42e>
1000295e:	461d      	mov	r5, r3
10002960:	2700      	movs	r7, #0
10002962:	3301      	adds	r3, #1
10002964:	e75c      	b.n	10002820 <_vsnprintf+0x8c>
10002966:	4634      	mov	r4, r6
10002968:	f8dd 9020 	ldr.w	r9, [sp, #32]
1000296c:	45b1      	cmp	r9, r6
1000296e:	d801      	bhi.n	10002974 <_vsnprintf+0x1e0>
10002970:	f109 36ff 	add.w	r6, r9, #4294967295	@ 0xffffffff
10002974:	464b      	mov	r3, r9
10002976:	4632      	mov	r2, r6
10002978:	4651      	mov	r1, sl
1000297a:	2000      	movs	r0, #0
1000297c:	47d8      	blx	fp
1000297e:	4620      	mov	r0, r4
10002980:	b01b      	add	sp, #108	@ 0x6c
10002982:	e8bd 8ff0 	ldmia.w	sp!, {r4, r5, r6, r7, r8, r9, sl, fp, pc}
10002986:	f1a1 0369 	sub.w	r3, r1, #105	@ 0x69
1000298a:	b2db      	uxtb	r3, r3
1000298c:	2b0f      	cmp	r3, #15
1000298e:	d836      	bhi.n	100029fe <_vsnprintf+0x26a>
10002990:	2001      	movs	r0, #1
10002992:	f249 0c41 	movw	ip, #36929	@ 0x9041
10002996:	4098      	lsls	r0, r3
10002998:	ea10 000c 	ands.w	r0, r0, ip
1000299c:	f040 80f4 	bne.w	10002b88 <_vsnprintf+0x3f4>
100029a0:	2b0a      	cmp	r3, #10
100029a2:	d035      	beq.n	10002a10 <_vsnprintf+0x27c>
100029a4:	2b07      	cmp	r3, #7
100029a6:	d12a      	bne.n	100029fe <_vsnprintf+0x26a>
100029a8:	f858 1b04 	ldr.w	r1, [r8], #4
100029ac:	2900      	cmp	r1, #0
100029ae:	f040 8110 	bne.w	10002bd2 <_vsnprintf+0x43e>
100029b2:	f022 0410 	bic.w	r4, r2, #16
100029b6:	f412 6180 	ands.w	r1, r2, #1024	@ 0x400
100029ba:	f044 0421 	orr.w	r4, r4, #33	@ 0x21
100029be:	f000 810a 	beq.w	10002bd6 <_vsnprintf+0x442>
100029c2:	aa12      	add	r2, sp, #72	@ 0x48
100029c4:	2308      	movs	r3, #8
100029c6:	9305      	str	r3, [sp, #20]
100029c8:	2310      	movs	r3, #16
100029ca:	e9cd 2000 	strd	r2, r0, [sp]
100029ce:	4632      	mov	r2, r6
100029d0:	9406      	str	r4, [sp, #24]
100029d2:	9704      	str	r7, [sp, #16]
100029d4:	9303      	str	r3, [sp, #12]
100029d6:	2300      	movs	r3, #0
100029d8:	9302      	str	r3, [sp, #8]
100029da:	4651      	mov	r1, sl
100029dc:	4658      	mov	r0, fp
100029de:	9b08      	ldr	r3, [sp, #32]
100029e0:	f7ff f8d0 	bl	10001b84 <_ntoa_format>
100029e4:	4606      	mov	r6, r0
100029e6:	e6f3      	b.n	100027d0 <_vsnprintf+0x3c>
100029e8:	f858 4b04 	ldr.w	r4, [r8], #4
100029ec:	7869      	ldrb	r1, [r5, #1]
100029ee:	2c00      	cmp	r4, #0
100029f0:	461d      	mov	r5, r3
100029f2:	bfbc      	itt	lt
100029f4:	f042 0202 	orrlt.w	r2, r2, #2
100029f8:	4264      	neglt	r4, r4
100029fa:	3301      	adds	r3, #1
100029fc:	e70c      	b.n	10002818 <_vsnprintf+0x84>
100029fe:	4608      	mov	r0, r1
10002a00:	e6e1      	b.n	100027c6 <_vsnprintf+0x32>
10002a02:	bf00      	nop
10002a04:	10002795 	.word	0x10002795
10002a08:	20001ce8 	.word	0x20001ce8
10002a0c:	10001ad9 	.word	0x10001ad9
10002a10:	f858 9b04 	ldr.w	r9, [r8], #4
10002a14:	2f00      	cmp	r7, #0
10002a16:	f899 0000 	ldrb.w	r0, [r9]
10002a1a:	bf14      	ite	ne
10002a1c:	463b      	movne	r3, r7
10002a1e:	f04f 33ff 	moveq.w	r3, #4294967295	@ 0xffffffff
10002a22:	2800      	cmp	r0, #0
10002a24:	f000 8382 	beq.w	1000312c <_vsnprintf+0x998>
10002a28:	4649      	mov	r1, r9
10002a2a:	eb03 0c09 	add.w	ip, r3, r9
10002a2e:	e004      	b.n	10002a3a <_vsnprintf+0x2a6>
10002a30:	f811 3f01 	ldrb.w	r3, [r1, #1]!
10002a34:	2b00      	cmp	r3, #0
10002a36:	f000 8143 	beq.w	10002cc0 <_vsnprintf+0x52c>
10002a3a:	458c      	cmp	ip, r1
10002a3c:	d1f8      	bne.n	10002a30 <_vsnprintf+0x29c>
10002a3e:	ebac 0109 	sub.w	r1, ip, r9
10002a42:	0553      	lsls	r3, r2, #21
10002a44:	f140 8120 	bpl.w	10002c88 <_vsnprintf+0x4f4>
10002a48:	42b9      	cmp	r1, r7
10002a4a:	bf28      	it	cs
10002a4c:	4639      	movcs	r1, r7
10002a4e:	f012 0302 	ands.w	r3, r2, #2
10002a52:	f000 8283 	beq.w	10002f5c <_vsnprintf+0x7c8>
10002a56:	2302      	movs	r3, #2
10002a58:	e9cd 4809 	strd	r4, r8, [sp, #36]	@ 0x24
10002a5c:	4632      	mov	r2, r6
10002a5e:	4688      	mov	r8, r1
10002a60:	9c08      	ldr	r4, [sp, #32]
10002a62:	4437      	add	r7, r6
10002a64:	930b      	str	r3, [sp, #44]	@ 0x2c
10002a66:	e007      	b.n	10002a78 <_vsnprintf+0x2e4>
10002a68:	4623      	mov	r3, r4
10002a6a:	4651      	mov	r1, sl
10002a6c:	47d8      	blx	fp
10002a6e:	f819 0f01 	ldrb.w	r0, [r9, #1]!
10002a72:	3601      	adds	r6, #1
10002a74:	b110      	cbz	r0, 10002a7c <_vsnprintf+0x2e8>
10002a76:	4632      	mov	r2, r6
10002a78:	42b7      	cmp	r7, r6
10002a7a:	d1f5      	bne.n	10002a68 <_vsnprintf+0x2d4>
10002a7c:	9b0b      	ldr	r3, [sp, #44]	@ 0x2c
10002a7e:	4641      	mov	r1, r8
10002a80:	9c09      	ldr	r4, [sp, #36]	@ 0x24
10002a82:	f8dd 8028 	ldr.w	r8, [sp, #40]	@ 0x28
10002a86:	2b00      	cmp	r3, #0
10002a88:	f43f aea2 	beq.w	100027d0 <_vsnprintf+0x3c>
10002a8c:	4637      	mov	r7, r6
10002a8e:	428c      	cmp	r4, r1
10002a90:	f67f ae9e 	bls.w	100027d0 <_vsnprintf+0x3c>
10002a94:	4426      	add	r6, r4
10002a96:	9c08      	ldr	r4, [sp, #32]
10002a98:	1a76      	subs	r6, r6, r1
10002a9a:	463a      	mov	r2, r7
10002a9c:	4623      	mov	r3, r4
10002a9e:	4651      	mov	r1, sl
10002aa0:	2020      	movs	r0, #32
10002aa2:	3701      	adds	r7, #1
10002aa4:	47d8      	blx	fp
10002aa6:	42b7      	cmp	r7, r6
10002aa8:	d1f7      	bne.n	10002a9a <_vsnprintf+0x306>
10002aaa:	e691      	b.n	100027d0 <_vsnprintf+0x3c>
10002aac:	7869      	ldrb	r1, [r5, #1]
10002aae:	296c      	cmp	r1, #108	@ 0x6c
10002ab0:	f47f aee4 	bne.w	1000287c <_vsnprintf+0xe8>
10002ab4:	78a9      	ldrb	r1, [r5, #2]
10002ab6:	f442 7240 	orr.w	r2, r2, #768	@ 0x300
10002aba:	1ceb      	adds	r3, r5, #3
10002abc:	e6e1      	b.n	10002882 <_vsnprintf+0xee>
10002abe:	7869      	ldrb	r1, [r5, #1]
10002ac0:	f442 7200 	orr.w	r2, r2, #512	@ 0x200
10002ac4:	3301      	adds	r3, #1
10002ac6:	e6dc      	b.n	10002882 <_vsnprintf+0xee>
10002ac8:	7869      	ldrb	r1, [r5, #1]
10002aca:	2968      	cmp	r1, #104	@ 0x68
10002acc:	f000 80fb 	beq.w	10002cc6 <_vsnprintf+0x532>
10002ad0:	f042 0280 	orr.w	r2, r2, #128	@ 0x80
10002ad4:	3301      	adds	r3, #1
10002ad6:	e6d4      	b.n	10002882 <_vsnprintf+0xee>
10002ad8:	2967      	cmp	r1, #103	@ 0x67
10002ada:	f000 80c9 	beq.w	10002c70 <_vsnprintf+0x4dc>
10002ade:	2947      	cmp	r1, #71	@ 0x47
10002ae0:	f000 80cd 	beq.w	10002c7e <_vsnprintf+0x4ea>
10002ae4:	2945      	cmp	r1, #69	@ 0x45
10002ae6:	f000 80cc 	beq.w	10002c82 <_vsnprintf+0x4ee>
10002aea:	e9cd 4203 	strd	r4, r2, [sp, #12]
10002aee:	f108 0807 	add.w	r8, r8, #7
10002af2:	9702      	str	r7, [sp, #8]
10002af4:	f028 0807 	bic.w	r8, r8, #7
10002af8:	4632      	mov	r2, r6
10002afa:	e8f8 6702 	ldrd	r6, r7, [r8], #8
10002afe:	4651      	mov	r1, sl
10002b00:	e9cd 6700 	strd	r6, r7, [sp]
10002b04:	4658      	mov	r0, fp
10002b06:	9b08      	ldr	r3, [sp, #32]
10002b08:	f7ff fb82 	bl	10002210 <_etoa>
10002b0c:	4606      	mov	r6, r0
10002b0e:	e65f      	b.n	100027d0 <_vsnprintf+0x3c>
10002b10:	2946      	cmp	r1, #70	@ 0x46
10002b12:	bf08      	it	eq
10002b14:	f042 0220 	orreq.w	r2, r2, #32
10002b18:	e9cd 4203 	strd	r4, r2, [sp, #12]
10002b1c:	f108 0807 	add.w	r8, r8, #7
10002b20:	9702      	str	r7, [sp, #8]
10002b22:	f028 0807 	bic.w	r8, r8, #7
10002b26:	4632      	mov	r2, r6
10002b28:	e8f8 6702 	ldrd	r6, r7, [r8], #8
10002b2c:	4651      	mov	r1, sl
10002b2e:	e9cd 6700 	strd	r6, r7, [sp]
10002b32:	4658      	mov	r0, fp
10002b34:	9b08      	ldr	r3, [sp, #32]
10002b36:	f7ff f91f 	bl	10001d78 <_ftoa>
10002b3a:	4606      	mov	r6, r0
10002b3c:	e648      	b.n	100027d0 <_vsnprintf+0x3c>
10002b3e:	4632      	mov	r2, r6
10002b40:	4651      	mov	r1, sl
10002b42:	2025      	movs	r0, #37	@ 0x25
10002b44:	9b08      	ldr	r3, [sp, #32]
10002b46:	47d8      	blx	fp
10002b48:	3601      	adds	r6, #1
10002b4a:	e641      	b.n	100027d0 <_vsnprintf+0x3c>
10002b4c:	f108 0304 	add.w	r3, r8, #4
10002b50:	0792      	lsls	r2, r2, #30
10002b52:	9309      	str	r3, [sp, #36]	@ 0x24
10002b54:	f106 0701 	add.w	r7, r6, #1
10002b58:	f140 80c3 	bpl.w	10002ce2 <_vsnprintf+0x54e>
10002b5c:	4632      	mov	r2, r6
10002b5e:	4651      	mov	r1, sl
10002b60:	f898 0000 	ldrb.w	r0, [r8]
10002b64:	9b08      	ldr	r3, [sp, #32]
10002b66:	47d8      	blx	fp
10002b68:	2c01      	cmp	r4, #1
10002b6a:	f240 81b4 	bls.w	10002ed6 <_vsnprintf+0x742>
10002b6e:	4426      	add	r6, r4
10002b70:	9c08      	ldr	r4, [sp, #32]
10002b72:	463a      	mov	r2, r7
10002b74:	4623      	mov	r3, r4
10002b76:	4651      	mov	r1, sl
10002b78:	2020      	movs	r0, #32
10002b7a:	3701      	adds	r7, #1
10002b7c:	47d8      	blx	fp
10002b7e:	42b7      	cmp	r7, r6
10002b80:	d1f7      	bne.n	10002b72 <_vsnprintf+0x3de>
10002b82:	f8dd 8024 	ldr.w	r8, [sp, #36]	@ 0x24
10002b86:	e623      	b.n	100027d0 <_vsnprintf+0x3c>
10002b88:	296f      	cmp	r1, #111	@ 0x6f
10002b8a:	d074      	beq.n	10002c76 <_vsnprintf+0x4e2>
10002b8c:	f240 8241 	bls.w	10003012 <_vsnprintf+0x87e>
10002b90:	2978      	cmp	r1, #120	@ 0x78
10002b92:	f000 8186 	beq.w	10002ea2 <_vsnprintf+0x70e>
10002b96:	f04f 090a 	mov.w	r9, #10
10002b9a:	f022 0210 	bic.w	r2, r2, #16
10002b9e:	464b      	mov	r3, r9
10002ba0:	e038      	b.n	10002c14 <_vsnprintf+0x480>
10002ba2:	2700      	movs	r7, #0
10002ba4:	eb07 0787 	add.w	r7, r7, r7, lsl #2
10002ba8:	eb01 0147 	add.w	r1, r1, r7, lsl #1
10002bac:	f1a1 0730 	sub.w	r7, r1, #48	@ 0x30
10002bb0:	f810 1f01 	ldrb.w	r1, [r0, #1]!
10002bb4:	f1a1 0330 	sub.w	r3, r1, #48	@ 0x30
10002bb8:	2b09      	cmp	r3, #9
10002bba:	d9f3      	bls.n	10002ba4 <_vsnprintf+0x410>
10002bbc:	4605      	mov	r5, r0
10002bbe:	1c43      	adds	r3, r0, #1
10002bc0:	e62e      	b.n	10002820 <_vsnprintf+0x8c>
10002bc2:	f858 7b04 	ldr.w	r7, [r8], #4
10002bc6:	78a9      	ldrb	r1, [r5, #2]
10002bc8:	3502      	adds	r5, #2
10002bca:	1c6b      	adds	r3, r5, #1
10002bcc:	ea27 77e7 	bic.w	r7, r7, r7, asr #31
10002bd0:	e626      	b.n	10002820 <_vsnprintf+0x8c>
10002bd2:	f042 0421 	orr.w	r4, r2, #33	@ 0x21
10002bd6:	aa12      	add	r2, sp, #72	@ 0x48
10002bd8:	4694      	mov	ip, r2
10002bda:	e002      	b.n	10002be2 <_vsnprintf+0x44e>
10002bdc:	2820      	cmp	r0, #32
10002bde:	f43f aef1 	beq.w	100029c4 <_vsnprintf+0x230>
10002be2:	f001 030f 	and.w	r3, r1, #15
10002be6:	2b09      	cmp	r3, #9
10002be8:	bf94      	ite	ls
10002bea:	3330      	addls	r3, #48	@ 0x30
10002bec:	3337      	addhi	r3, #55	@ 0x37
10002bee:	290f      	cmp	r1, #15
10002bf0:	f88c 3000 	strb.w	r3, [ip]
10002bf4:	f100 0001 	add.w	r0, r0, #1
10002bf8:	f10c 0c01 	add.w	ip, ip, #1
10002bfc:	ea4f 1111 	mov.w	r1, r1, lsr #4
10002c00:	d8ec      	bhi.n	10002bdc <_vsnprintf+0x448>
10002c02:	e6df      	b.n	100029c4 <_vsnprintf+0x230>
10002c04:	2958      	cmp	r1, #88	@ 0x58
10002c06:	d066      	beq.n	10002cd6 <_vsnprintf+0x542>
10002c08:	2962      	cmp	r1, #98	@ 0x62
10002c0a:	f040 8089 	bne.w	10002d20 <_vsnprintf+0x58c>
10002c0e:	f04f 0902 	mov.w	r9, #2
10002c12:	464b      	mov	r3, r9
10002c14:	f412 6c80 	ands.w	ip, r2, #1024	@ 0x400
10002c18:	f000 80d4 	beq.w	10002dc4 <_vsnprintf+0x630>
10002c1c:	f022 020d 	bic.w	r2, r2, #13
10002c20:	9209      	str	r2, [sp, #36]	@ 0x24
10002c22:	f412 7100 	ands.w	r1, r2, #512	@ 0x200
10002c26:	f040 817b 	bne.w	10002f20 <_vsnprintf+0x78c>
10002c2a:	f412 7080 	ands.w	r0, r2, #256	@ 0x100
10002c2e:	f108 0904 	add.w	r9, r8, #4
10002c32:	f040 8238 	bne.w	100030a6 <_vsnprintf+0x912>
10002c36:	0651      	lsls	r1, r2, #25
10002c38:	f140 813a 	bpl.w	10002eb0 <_vsnprintf+0x71c>
10002c3c:	f898 1000 	ldrb.w	r1, [r8]
10002c40:	2900      	cmp	r1, #0
10002c42:	f040 814a 	bne.w	10002eda <_vsnprintf+0x746>
10002c46:	9a09      	ldr	r2, [sp, #36]	@ 0x24
10002c48:	f022 0210 	bic.w	r2, r2, #16
10002c4c:	9209      	str	r2, [sp, #36]	@ 0x24
10002c4e:	f1bc 0f00 	cmp.w	ip, #0
10002c52:	f000 8142 	beq.w	10002eda <_vsnprintf+0x746>
10002c56:	4608      	mov	r0, r1
10002c58:	aa12      	add	r2, sp, #72	@ 0x48
10002c5a:	9909      	ldr	r1, [sp, #36]	@ 0x24
10002c5c:	e9cd 3703 	strd	r3, r7, [sp, #12]
10002c60:	e9cd 4105 	strd	r4, r1, [sp, #20]
10002c64:	9001      	str	r0, [sp, #4]
10002c66:	2300      	movs	r3, #0
10002c68:	9200      	str	r2, [sp, #0]
10002c6a:	9302      	str	r3, [sp, #8]
10002c6c:	4632      	mov	r2, r6
10002c6e:	e0a1      	b.n	10002db4 <_vsnprintf+0x620>
10002c70:	f442 6200 	orr.w	r2, r2, #2048	@ 0x800
10002c74:	e739      	b.n	10002aea <_vsnprintf+0x356>
10002c76:	f04f 0908 	mov.w	r9, #8
10002c7a:	464b      	mov	r3, r9
10002c7c:	e7ca      	b.n	10002c14 <_vsnprintf+0x480>
10002c7e:	f442 6200 	orr.w	r2, r2, #2048	@ 0x800
10002c82:	f042 0220 	orr.w	r2, r2, #32
10002c86:	e730      	b.n	10002aea <_vsnprintf+0x356>
10002c88:	f012 0302 	ands.w	r3, r2, #2
10002c8c:	f000 818c 	beq.w	10002fa8 <_vsnprintf+0x814>
10002c90:	2302      	movs	r3, #2
10002c92:	e9cd 4809 	strd	r4, r8, [sp, #36]	@ 0x24
10002c96:	461f      	mov	r7, r3
10002c98:	4688      	mov	r8, r1
10002c9a:	9c08      	ldr	r4, [sp, #32]
10002c9c:	4632      	mov	r2, r6
10002c9e:	4623      	mov	r3, r4
10002ca0:	4651      	mov	r1, sl
10002ca2:	47d8      	blx	fp
10002ca4:	f819 0f01 	ldrb.w	r0, [r9, #1]!
10002ca8:	3601      	adds	r6, #1
10002caa:	2800      	cmp	r0, #0
10002cac:	d1f6      	bne.n	10002c9c <_vsnprintf+0x508>
10002cae:	463b      	mov	r3, r7
10002cb0:	4641      	mov	r1, r8
10002cb2:	9c09      	ldr	r4, [sp, #36]	@ 0x24
10002cb4:	f8dd 8028 	ldr.w	r8, [sp, #40]	@ 0x28
10002cb8:	2b00      	cmp	r3, #0
10002cba:	f43f ad89 	beq.w	100027d0 <_vsnprintf+0x3c>
10002cbe:	e6e5      	b.n	10002a8c <_vsnprintf+0x2f8>
10002cc0:	eba1 0109 	sub.w	r1, r1, r9
10002cc4:	e6bd      	b.n	10002a42 <_vsnprintf+0x2ae>
10002cc6:	78a9      	ldrb	r1, [r5, #2]
10002cc8:	f042 02c0 	orr.w	r2, r2, #192	@ 0xc0
10002ccc:	1ceb      	adds	r3, r5, #3
10002cce:	e5d8      	b.n	10002882 <_vsnprintf+0xee>
10002cd0:	4604      	mov	r4, r0
10002cd2:	4606      	mov	r6, r0
10002cd4:	e64a      	b.n	1000296c <_vsnprintf+0x1d8>
10002cd6:	f04f 0910 	mov.w	r9, #16
10002cda:	f042 0220 	orr.w	r2, r2, #32
10002cde:	464b      	mov	r3, r9
10002ce0:	e798      	b.n	10002c14 <_vsnprintf+0x480>
10002ce2:	2c01      	cmp	r4, #1
10002ce4:	f240 80f1 	bls.w	10002eca <_vsnprintf+0x736>
10002ce8:	4637      	mov	r7, r6
10002cea:	f106 39ff 	add.w	r9, r6, #4294967295	@ 0xffffffff
10002cee:	f8cd 8028 	str.w	r8, [sp, #40]	@ 0x28
10002cf2:	f8dd 8020 	ldr.w	r8, [sp, #32]
10002cf6:	44a1      	add	r9, r4
10002cf8:	463a      	mov	r2, r7
10002cfa:	4643      	mov	r3, r8
10002cfc:	4651      	mov	r1, sl
10002cfe:	2020      	movs	r0, #32
10002d00:	3701      	adds	r7, #1
10002d02:	47d8      	blx	fp
10002d04:	454f      	cmp	r7, r9
10002d06:	d1f7      	bne.n	10002cf8 <_vsnprintf+0x564>
10002d08:	f8dd 8028 	ldr.w	r8, [sp, #40]	@ 0x28
10002d0c:	463a      	mov	r2, r7
10002d0e:	f898 0000 	ldrb.w	r0, [r8]
10002d12:	4651      	mov	r1, sl
10002d14:	9b08      	ldr	r3, [sp, #32]
10002d16:	47d8      	blx	fp
10002d18:	4426      	add	r6, r4
10002d1a:	f8dd 8024 	ldr.w	r8, [sp, #36]	@ 0x24
10002d1e:	e557      	b.n	100027d0 <_vsnprintf+0x3c>
10002d20:	f412 6380 	ands.w	r3, r2, #1024	@ 0x400
10002d24:	f000 80c1 	beq.w	10002eaa <_vsnprintf+0x716>
10002d28:	f44f 6380 	mov.w	r3, #1024	@ 0x400
10002d2c:	f022 0011 	bic.w	r0, r2, #17
10002d30:	f410 7e00 	ands.w	lr, r0, #512	@ 0x200
10002d34:	d14a      	bne.n	10002dcc <_vsnprintf+0x638>
10002d36:	f410 7c80 	ands.w	ip, r0, #256	@ 0x100
10002d3a:	f108 0904 	add.w	r9, r8, #4
10002d3e:	f040 8137 	bne.w	10002fb0 <_vsnprintf+0x81c>
10002d42:	0641      	lsls	r1, r0, #25
10002d44:	f100 80a9 	bmi.w	10002e9a <_vsnprintf+0x706>
10002d48:	0602      	lsls	r2, r0, #24
10002d4a:	f140 81e3 	bpl.w	10003114 <_vsnprintf+0x980>
10002d4e:	f9b8 2000 	ldrsh.w	r2, [r8]
10002d52:	ea82 71e2 	eor.w	r1, r2, r2, asr #31
10002d56:	eba1 71e2 	sub.w	r1, r1, r2, asr #31
10002d5a:	fa1f fe81 	uxth.w	lr, r1
10002d5e:	0fd1      	lsrs	r1, r2, #31
10002d60:	9109      	str	r1, [sp, #36]	@ 0x24
10002d62:	2a00      	cmp	r2, #0
10002d64:	f000 815f 	beq.w	10003026 <_vsnprintf+0x892>
10002d68:	4673      	mov	r3, lr
10002d6a:	aa12      	add	r2, sp, #72	@ 0x48
10002d6c:	4696      	mov	lr, r2
10002d6e:	f8df 83a0 	ldr.w	r8, [pc, #928]	@ 10003110 <_vsnprintf+0x97c>
10002d72:	940a      	str	r4, [sp, #40]	@ 0x28
10002d74:	e003      	b.n	10002d7e <_vsnprintf+0x5ea>
10002d76:	f1bc 0f20 	cmp.w	ip, #32
10002d7a:	4623      	mov	r3, r4
10002d7c:	d00f      	beq.n	10002d9e <_vsnprintf+0x60a>
10002d7e:	fba8 1403 	umull	r1, r4, r8, r3
10002d82:	08e4      	lsrs	r4, r4, #3
10002d84:	eb04 0184 	add.w	r1, r4, r4, lsl #2
10002d88:	eba3 0141 	sub.w	r1, r3, r1, lsl #1
10002d8c:	f10e 0e01 	add.w	lr, lr, #1
10002d90:	3130      	adds	r1, #48	@ 0x30
10002d92:	2b09      	cmp	r3, #9
10002d94:	f10c 0c01 	add.w	ip, ip, #1
10002d98:	f80e 1c01 	strb.w	r1, [lr, #-1]
10002d9c:	d8eb      	bhi.n	10002d76 <_vsnprintf+0x5e2>
10002d9e:	9c0a      	ldr	r4, [sp, #40]	@ 0x28
10002da0:	9b09      	ldr	r3, [sp, #36]	@ 0x24
10002da2:	9200      	str	r2, [sp, #0]
10002da4:	e9cd c301 	strd	ip, r3, [sp, #4]
10002da8:	230a      	movs	r3, #10
10002daa:	4632      	mov	r2, r6
10002dac:	e9cd 4005 	strd	r4, r0, [sp, #20]
10002db0:	9704      	str	r7, [sp, #16]
10002db2:	9303      	str	r3, [sp, #12]
10002db4:	4651      	mov	r1, sl
10002db6:	4658      	mov	r0, fp
10002db8:	9b08      	ldr	r3, [sp, #32]
10002dba:	f7fe fee3 	bl	10001b84 <_ntoa_format>
10002dbe:	46c8      	mov	r8, r9
10002dc0:	4606      	mov	r6, r0
10002dc2:	e505      	b.n	100027d0 <_vsnprintf+0x3c>
10002dc4:	f022 020c 	bic.w	r2, r2, #12
10002dc8:	9209      	str	r2, [sp, #36]	@ 0x24
10002dca:	e72a      	b.n	10002c22 <_vsnprintf+0x48e>
10002dcc:	f108 0807 	add.w	r8, r8, #7
10002dd0:	f028 0807 	bic.w	r8, r8, #7
10002dd4:	f8d8 2004 	ldr.w	r2, [r8, #4]
10002dd8:	f858 cb08 	ldr.w	ip, [r8], #8
10002ddc:	0fd1      	lsrs	r1, r2, #31
10002dde:	ea5c 0e02 	orrs.w	lr, ip, r2
10002de2:	d06c      	beq.n	10002ebe <_vsnprintf+0x72a>
10002de4:	2a00      	cmp	r2, #0
10002de6:	4663      	mov	r3, ip
10002de8:	da02      	bge.n	10002df0 <_vsnprintf+0x65c>
10002dea:	425b      	negs	r3, r3
10002dec:	eb62 0242 	sbc.w	r2, r2, r2, lsl #1
10002df0:	4691      	mov	r9, r2
10002df2:	9309      	str	r3, [sp, #36]	@ 0x24
10002df4:	aa12      	add	r2, sp, #72	@ 0x48
10002df6:	4694      	mov	ip, r2
10002df8:	f04f 0e00 	mov.w	lr, #0
10002dfc:	e9cd 180a 	strd	r1, r8, [sp, #40]	@ 0x28
10002e00:	e9cd 470c 	strd	r4, r7, [sp, #48]	@ 0x30
10002e04:	960e      	str	r6, [sp, #56]	@ 0x38
10002e06:	920f      	str	r2, [sp, #60]	@ 0x3c
10002e08:	e003      	b.n	10002e12 <_vsnprintf+0x67e>
10002e0a:	f1be 0f20 	cmp.w	lr, #32
10002e0e:	463b      	mov	r3, r7
10002e10:	d030      	beq.n	10002e74 <_vsnprintf+0x6e0>
10002e12:	f04f 32cc 	mov.w	r2, #3435973836	@ 0xcccccccc
10002e16:	eb13 0109 	adds.w	r1, r3, r9
10002e1a:	4fbd      	ldr	r7, [pc, #756]	@ (10003110 <_vsnprintf+0x97c>)
10002e1c:	f141 0100 	adc.w	r1, r1, #0
10002e20:	fba7 4601 	umull	r4, r6, r7, r1
10002e24:	f026 0403 	bic.w	r4, r6, #3
10002e28:	eb04 0496 	add.w	r4, r4, r6, lsr #2
10002e2c:	1b09      	subs	r1, r1, r4
10002e2e:	1a5c      	subs	r4, r3, r1
10002e30:	fb02 f604 	mul.w	r6, r2, r4
10002e34:	463a      	mov	r2, r7
10002e36:	f169 0800 	sbc.w	r8, r9, #0
10002e3a:	fb02 6608 	mla	r6, r2, r8, r6
10002e3e:	2205      	movs	r2, #5
10002e40:	fba4 7407 	umull	r7, r4, r4, r7
10002e44:	f007 0801 	and.w	r8, r7, #1
10002e48:	4426      	add	r6, r4
10002e4a:	fba8 4802 	umull	r4, r8, r8, r2
10002e4e:	1864      	adds	r4, r4, r1
10002e50:	2b0a      	cmp	r3, #10
10002e52:	f10c 0c01 	add.w	ip, ip, #1
10002e56:	ea4f 0757 	mov.w	r7, r7, lsr #1
10002e5a:	f104 0430 	add.w	r4, r4, #48	@ 0x30
10002e5e:	f179 0900 	sbcs.w	r9, r9, #0
10002e62:	f10e 0e01 	add.w	lr, lr, #1
10002e66:	f80c 4c01 	strb.w	r4, [ip, #-1]
10002e6a:	ea47 77c6 	orr.w	r7, r7, r6, lsl #31
10002e6e:	ea4f 0956 	mov.w	r9, r6, lsr #1
10002e72:	d2ca      	bcs.n	10002e0a <_vsnprintf+0x676>
10002e74:	4673      	mov	r3, lr
10002e76:	e9dd 180a 	ldrd	r1, r8, [sp, #40]	@ 0x28
10002e7a:	e9dd 470c 	ldrd	r4, r7, [sp, #48]	@ 0x30
10002e7e:	9e0e      	ldr	r6, [sp, #56]	@ 0x38
10002e80:	9a0f      	ldr	r2, [sp, #60]	@ 0x3c
10002e82:	f8cd e024 	str.w	lr, [sp, #36]	@ 0x24
10002e86:	e9cd 3101 	strd	r3, r1, [sp, #4]
10002e8a:	230a      	movs	r3, #10
10002e8c:	9200      	str	r2, [sp, #0]
10002e8e:	e9cd 4005 	strd	r4, r0, [sp, #20]
10002e92:	4632      	mov	r2, r6
10002e94:	9704      	str	r7, [sp, #16]
10002e96:	9303      	str	r3, [sp, #12]
10002e98:	e59f      	b.n	100029da <_vsnprintf+0x246>
10002e9a:	f898 2000 	ldrb.w	r2, [r8]
10002e9e:	4696      	mov	lr, r2
10002ea0:	e75d      	b.n	10002d5e <_vsnprintf+0x5ca>
10002ea2:	f04f 0910 	mov.w	r9, #16
10002ea6:	464b      	mov	r3, r9
10002ea8:	e6b4      	b.n	10002c14 <_vsnprintf+0x480>
10002eaa:	f022 0010 	bic.w	r0, r2, #16
10002eae:	e73f      	b.n	10002d30 <_vsnprintf+0x59c>
10002eb0:	0611      	lsls	r1, r2, #24
10002eb2:	bf4c      	ite	mi
10002eb4:	f8b8 1000 	ldrhmi.w	r1, [r8]
10002eb8:	f8d8 1000 	ldrpl.w	r1, [r8]
10002ebc:	e6c0      	b.n	10002c40 <_vsnprintf+0x4ac>
10002ebe:	2b00      	cmp	r3, #0
10002ec0:	f040 8142 	bne.w	10003148 <_vsnprintf+0x9b4>
10002ec4:	4699      	mov	r9, r3
10002ec6:	9309      	str	r3, [sp, #36]	@ 0x24
10002ec8:	e794      	b.n	10002df4 <_vsnprintf+0x660>
10002eca:	4632      	mov	r2, r6
10002ecc:	4651      	mov	r1, sl
10002ece:	f898 0000 	ldrb.w	r0, [r8]
10002ed2:	9b08      	ldr	r3, [sp, #32]
10002ed4:	47d8      	blx	fp
10002ed6:	463e      	mov	r6, r7
10002ed8:	e653      	b.n	10002b82 <_vsnprintf+0x3ee>
10002eda:	9a09      	ldr	r2, [sp, #36]	@ 0x24
10002edc:	940a      	str	r4, [sp, #40]	@ 0x28
10002ede:	f012 0f20 	tst.w	r2, #32
10002ee2:	bf14      	ite	ne
10002ee4:	f04f 0841 	movne.w	r8, #65	@ 0x41
10002ee8:	f04f 0861 	moveq.w	r8, #97	@ 0x61
10002eec:	aa12      	add	r2, sp, #72	@ 0x48
10002eee:	4694      	mov	ip, r2
10002ef0:	f1a8 080a 	sub.w	r8, r8, #10
10002ef4:	e002      	b.n	10002efc <_vsnprintf+0x768>
10002ef6:	2820      	cmp	r0, #32
10002ef8:	4671      	mov	r1, lr
10002efa:	d00f      	beq.n	10002f1c <_vsnprintf+0x788>
10002efc:	fbb1 fef3 	udiv	lr, r1, r3
10002f00:	fb03 141e 	mls	r4, r3, lr, r1
10002f04:	2c09      	cmp	r4, #9
10002f06:	bf94      	ite	ls
10002f08:	3430      	addls	r4, #48	@ 0x30
10002f0a:	4444      	addhi	r4, r8
10002f0c:	4299      	cmp	r1, r3
10002f0e:	f88c 4000 	strb.w	r4, [ip]
10002f12:	f100 0001 	add.w	r0, r0, #1
10002f16:	f10c 0c01 	add.w	ip, ip, #1
10002f1a:	d2ec      	bcs.n	10002ef6 <_vsnprintf+0x762>
10002f1c:	9c0a      	ldr	r4, [sp, #40]	@ 0x28
10002f1e:	e69c      	b.n	10002c5a <_vsnprintf+0x4c6>
10002f20:	f108 0807 	add.w	r8, r8, #7
10002f24:	f028 0807 	bic.w	r8, r8, #7
10002f28:	f8d8 2004 	ldr.w	r2, [r8, #4]
10002f2c:	f858 1b08 	ldr.w	r1, [r8], #8
10002f30:	920a      	str	r2, [sp, #40]	@ 0x28
10002f32:	430a      	orrs	r2, r1
10002f34:	468e      	mov	lr, r1
10002f36:	d17b      	bne.n	10003030 <_vsnprintf+0x89c>
10002f38:	9a09      	ldr	r2, [sp, #36]	@ 0x24
10002f3a:	f022 0210 	bic.w	r2, r2, #16
10002f3e:	9209      	str	r2, [sp, #36]	@ 0x24
10002f40:	f1bc 0f00 	cmp.w	ip, #0
10002f44:	d074      	beq.n	10003030 <_vsnprintf+0x89c>
10002f46:	2000      	movs	r0, #0
10002f48:	aa12      	add	r2, sp, #72	@ 0x48
10002f4a:	9909      	ldr	r1, [sp, #36]	@ 0x24
10002f4c:	e9cd 2000 	strd	r2, r0, [sp]
10002f50:	e9cd 4105 	strd	r4, r1, [sp, #20]
10002f54:	4632      	mov	r2, r6
10002f56:	e9cd 3703 	strd	r3, r7, [sp, #12]
10002f5a:	e53c      	b.n	100029d6 <_vsnprintf+0x242>
10002f5c:	428c      	cmp	r4, r1
10002f5e:	bf98      	it	ls
10002f60:	3101      	addls	r1, #1
10002f62:	f67f ad79 	bls.w	10002a58 <_vsnprintf+0x2c4>
10002f66:	f44f 6380 	mov.w	r3, #1024	@ 0x400
10002f6a:	e9cd 9409 	strd	r9, r4, [sp, #36]	@ 0x24
10002f6e:	4699      	mov	r9, r3
10002f70:	19a2      	adds	r2, r4, r6
10002f72:	970b      	str	r7, [sp, #44]	@ 0x2c
10002f74:	9f08      	ldr	r7, [sp, #32]
10002f76:	1a54      	subs	r4, r2, r1
10002f78:	4632      	mov	r2, r6
10002f7a:	463b      	mov	r3, r7
10002f7c:	4651      	mov	r1, sl
10002f7e:	2020      	movs	r0, #32
10002f80:	3601      	adds	r6, #1
10002f82:	47d8      	blx	fp
10002f84:	42a6      	cmp	r6, r4
10002f86:	d1f7      	bne.n	10002f78 <_vsnprintf+0x7e4>
10002f88:	e9dd 470a 	ldrd	r4, r7, [sp, #40]	@ 0x28
10002f8c:	464b      	mov	r3, r9
10002f8e:	f8dd 9024 	ldr.w	r9, [sp, #36]	@ 0x24
10002f92:	f899 0000 	ldrb.w	r0, [r9]
10002f96:	2800      	cmp	r0, #0
10002f98:	f43f ac1a 	beq.w	100027d0 <_vsnprintf+0x3c>
10002f9c:	1c61      	adds	r1, r4, #1
10002f9e:	2b00      	cmp	r3, #0
10002fa0:	f43f ae77 	beq.w	10002c92 <_vsnprintf+0x4fe>
10002fa4:	2300      	movs	r3, #0
10002fa6:	e557      	b.n	10002a58 <_vsnprintf+0x2c4>
10002fa8:	428c      	cmp	r4, r1
10002faa:	d8de      	bhi.n	10002f6a <_vsnprintf+0x7d6>
10002fac:	3101      	adds	r1, #1
10002fae:	e670      	b.n	10002c92 <_vsnprintf+0x4fe>
10002fb0:	f8d8 2000 	ldr.w	r2, [r8]
10002fb4:	0fd1      	lsrs	r1, r2, #31
10002fb6:	2a00      	cmp	r2, #0
10002fb8:	f000 80b3 	beq.w	10003122 <_vsnprintf+0x98e>
10002fbc:	ea82 73e2 	eor.w	r3, r2, r2, asr #31
10002fc0:	eba3 73e2 	sub.w	r3, r3, r2, asr #31
10002fc4:	aa12      	add	r2, sp, #72	@ 0x48
10002fc6:	4694      	mov	ip, r2
10002fc8:	e9cd 1409 	strd	r1, r4, [sp, #36]	@ 0x24
10002fcc:	f8df 8140 	ldr.w	r8, [pc, #320]	@ 10003110 <_vsnprintf+0x97c>
10002fd0:	e003      	b.n	10002fda <_vsnprintf+0x846>
10002fd2:	f1be 0f20 	cmp.w	lr, #32
10002fd6:	4623      	mov	r3, r4
10002fd8:	d00f      	beq.n	10002ffa <_vsnprintf+0x866>
10002fda:	fba8 1403 	umull	r1, r4, r8, r3
10002fde:	08e4      	lsrs	r4, r4, #3
10002fe0:	eb04 0184 	add.w	r1, r4, r4, lsl #2
10002fe4:	eba3 0141 	sub.w	r1, r3, r1, lsl #1
10002fe8:	f10c 0c01 	add.w	ip, ip, #1
10002fec:	3130      	adds	r1, #48	@ 0x30
10002fee:	2b09      	cmp	r3, #9
10002ff0:	f10e 0e01 	add.w	lr, lr, #1
10002ff4:	f80c 1c01 	strb.w	r1, [ip, #-1]
10002ff8:	d8eb      	bhi.n	10002fd2 <_vsnprintf+0x83e>
10002ffa:	e9dd 1409 	ldrd	r1, r4, [sp, #36]	@ 0x24
10002ffe:	230a      	movs	r3, #10
10003000:	9200      	str	r2, [sp, #0]
10003002:	e9cd 4005 	strd	r4, r0, [sp, #20]
10003006:	4632      	mov	r2, r6
10003008:	e9cd e101 	strd	lr, r1, [sp, #4]
1000300c:	9704      	str	r7, [sp, #16]
1000300e:	9303      	str	r3, [sp, #12]
10003010:	e6d0      	b.n	10002db4 <_vsnprintf+0x620>
10003012:	2969      	cmp	r1, #105	@ 0x69
10003014:	f022 0010 	bic.w	r0, r2, #16
10003018:	f040 8091 	bne.w	1000313e <_vsnprintf+0x9aa>
1000301c:	f412 6380 	ands.w	r3, r2, #1024	@ 0x400
10003020:	f43f ae86 	beq.w	10002d30 <_vsnprintf+0x59c>
10003024:	e680      	b.n	10002d28 <_vsnprintf+0x594>
10003026:	2b00      	cmp	r3, #0
10003028:	f43f ae9f 	beq.w	10002d6a <_vsnprintf+0x5d6>
1000302c:	aa12      	add	r2, sp, #72	@ 0x48
1000302e:	e6b7      	b.n	10002da0 <_vsnprintf+0x60c>
10003030:	9a09      	ldr	r2, [sp, #36]	@ 0x24
10003032:	e9cd 840b 	strd	r8, r4, [sp, #44]	@ 0x2c
10003036:	f012 0f20 	tst.w	r2, #32
1000303a:	bf14      	ite	ne
1000303c:	2141      	movne	r1, #65	@ 0x41
1000303e:	2161      	moveq	r1, #97	@ 0x61
10003040:	e9cd 760d 	strd	r7, r6, [sp, #52]	@ 0x34
10003044:	e9cd 3b0f 	strd	r3, fp, [sp, #60]	@ 0x3c
10003048:	f8cd a044 	str.w	sl, [sp, #68]	@ 0x44
1000304c:	2700      	movs	r7, #0
1000304e:	46f0      	mov	r8, lr
10003050:	9c0a      	ldr	r4, [sp, #40]	@ 0x28
10003052:	ae12      	add	r6, sp, #72	@ 0x48
10003054:	f10d 0b48 	add.w	fp, sp, #72	@ 0x48
10003058:	f1a1 0a0a 	sub.w	sl, r1, #10
1000305c:	e003      	b.n	10003066 <_vsnprintf+0x8d2>
1000305e:	2f20      	cmp	r7, #32
10003060:	4680      	mov	r8, r0
10003062:	460c      	mov	r4, r1
10003064:	d013      	beq.n	1000308e <_vsnprintf+0x8fa>
10003066:	4621      	mov	r1, r4
10003068:	464a      	mov	r2, r9
1000306a:	2300      	movs	r3, #0
1000306c:	4640      	mov	r0, r8
1000306e:	f004 fa23 	bl	100074b8 <____aeabi_uldivmod_veneer>
10003072:	b2d2      	uxtb	r2, r2
10003074:	2a09      	cmp	r2, #9
10003076:	bf94      	ite	ls
10003078:	3230      	addls	r2, #48	@ 0x30
1000307a:	4452      	addhi	r2, sl
1000307c:	45c8      	cmp	r8, r9
1000307e:	f174 0400 	sbcs.w	r4, r4, #0
10003082:	7032      	strb	r2, [r6, #0]
10003084:	f107 0701 	add.w	r7, r7, #1
10003088:	f106 0601 	add.w	r6, r6, #1
1000308c:	d2e7      	bcs.n	1000305e <_vsnprintf+0x8ca>
1000308e:	4638      	mov	r0, r7
10003090:	e9dd 840b 	ldrd	r8, r4, [sp, #44]	@ 0x2c
10003094:	465a      	mov	r2, fp
10003096:	9e0e      	ldr	r6, [sp, #56]	@ 0x38
10003098:	9f0d      	ldr	r7, [sp, #52]	@ 0x34
1000309a:	9b0f      	ldr	r3, [sp, #60]	@ 0x3c
1000309c:	f8dd a044 	ldr.w	sl, [sp, #68]	@ 0x44
100030a0:	f8dd b040 	ldr.w	fp, [sp, #64]	@ 0x40
100030a4:	e751      	b.n	10002f4a <_vsnprintf+0x7b6>
100030a6:	f8d8 e000 	ldr.w	lr, [r8]
100030aa:	f1be 0f00 	cmp.w	lr, #0
100030ae:	d10d      	bne.n	100030cc <_vsnprintf+0x938>
100030b0:	f022 0210 	bic.w	r2, r2, #16
100030b4:	9209      	str	r2, [sp, #36]	@ 0x24
100030b6:	f1bc 0f00 	cmp.w	ip, #0
100030ba:	d007      	beq.n	100030cc <_vsnprintf+0x938>
100030bc:	aa12      	add	r2, sp, #72	@ 0x48
100030be:	9809      	ldr	r0, [sp, #36]	@ 0x24
100030c0:	e9cd 3703 	strd	r3, r7, [sp, #12]
100030c4:	e9cd 4005 	strd	r4, r0, [sp, #20]
100030c8:	9101      	str	r1, [sp, #4]
100030ca:	e5cc      	b.n	10002c66 <_vsnprintf+0x4d2>
100030cc:	9a09      	ldr	r2, [sp, #36]	@ 0x24
100030ce:	f012 0f20 	tst.w	r2, #32
100030d2:	bf14      	ite	ne
100030d4:	2041      	movne	r0, #65	@ 0x41
100030d6:	2061      	moveq	r0, #97	@ 0x61
100030d8:	aa12      	add	r2, sp, #72	@ 0x48
100030da:	4694      	mov	ip, r2
100030dc:	920a      	str	r2, [sp, #40]	@ 0x28
100030de:	f1a0 020a 	sub.w	r2, r0, #10
100030e2:	e002      	b.n	100030ea <_vsnprintf+0x956>
100030e4:	2920      	cmp	r1, #32
100030e6:	46c6      	mov	lr, r8
100030e8:	d00f      	beq.n	1000310a <_vsnprintf+0x976>
100030ea:	fbbe f8f3 	udiv	r8, lr, r3
100030ee:	fb03 e018 	mls	r0, r3, r8, lr
100030f2:	2809      	cmp	r0, #9
100030f4:	bf94      	ite	ls
100030f6:	3030      	addls	r0, #48	@ 0x30
100030f8:	1880      	addhi	r0, r0, r2
100030fa:	459e      	cmp	lr, r3
100030fc:	f88c 0000 	strb.w	r0, [ip]
10003100:	f101 0101 	add.w	r1, r1, #1
10003104:	f10c 0c01 	add.w	ip, ip, #1
10003108:	d2ec      	bcs.n	100030e4 <_vsnprintf+0x950>
1000310a:	9a0a      	ldr	r2, [sp, #40]	@ 0x28
1000310c:	e7d7      	b.n	100030be <_vsnprintf+0x92a>
1000310e:	bf00      	nop
10003110:	cccccccd 	.word	0xcccccccd
10003114:	f8d8 2000 	ldr.w	r2, [r8]
10003118:	ea82 7ee2 	eor.w	lr, r2, r2, asr #31
1000311c:	ebae 7ee2 	sub.w	lr, lr, r2, asr #31
10003120:	e61d      	b.n	10002d5e <_vsnprintf+0x5ca>
10003122:	2b00      	cmp	r3, #0
10003124:	f43f af4e 	beq.w	10002fc4 <_vsnprintf+0x830>
10003128:	aa12      	add	r2, sp, #72	@ 0x48
1000312a:	e768      	b.n	10002ffe <_vsnprintf+0x86a>
1000312c:	f412 6180 	ands.w	r1, r2, #1024	@ 0x400
10003130:	d00e      	beq.n	10003150 <_vsnprintf+0x9bc>
10003132:	f012 0102 	ands.w	r1, r2, #2
10003136:	d014      	beq.n	10003162 <_vsnprintf+0x9ce>
10003138:	4601      	mov	r1, r0
1000313a:	4637      	mov	r7, r6
1000313c:	e4a7      	b.n	10002a8e <_vsnprintf+0x2fa>
1000313e:	f04f 090a 	mov.w	r9, #10
10003142:	4602      	mov	r2, r0
10003144:	464b      	mov	r3, r9
10003146:	e565      	b.n	10002c14 <_vsnprintf+0x480>
10003148:	2300      	movs	r3, #0
1000314a:	aa12      	add	r2, sp, #72	@ 0x48
1000314c:	9309      	str	r3, [sp, #36]	@ 0x24
1000314e:	e69a      	b.n	10002e86 <_vsnprintf+0x6f2>
10003150:	f012 0302 	ands.w	r3, r2, #2
10003154:	f47f ac9a 	bne.w	10002a8c <_vsnprintf+0x2f8>
10003158:	2c00      	cmp	r4, #0
1000315a:	f47f af06 	bne.w	10002f6a <_vsnprintf+0x7d6>
1000315e:	f7ff bb37 	b.w	100027d0 <_vsnprintf+0x3c>
10003162:	2c00      	cmp	r4, #0
10003164:	f47f aeff 	bne.w	10002f66 <_vsnprintf+0x7d2>
10003168:	f7ff bb32 	b.w	100027d0 <_vsnprintf+0x3c>

1000316c <vfctprintf>:
1000316c:	468c      	mov	ip, r1
1000316e:	b510      	push	{r4, lr}
10003170:	b084      	sub	sp, #16
10003172:	9300      	str	r3, [sp, #0]
10003174:	9002      	str	r0, [sp, #8]
10003176:	4613      	mov	r3, r2
10003178:	a902      	add	r1, sp, #8
1000317a:	f04f 32ff 	mov.w	r2, #4294967295	@ 0xffffffff
1000317e:	4803      	ldr	r0, [pc, #12]	@ (1000318c <vfctprintf+0x20>)
10003180:	f8cd c00c 	str.w	ip, [sp, #12]
10003184:	f7ff fb06 	bl	10002794 <_vsnprintf>
10003188:	b004      	add	sp, #16
1000318a:	bd10      	pop	{r4, pc}
1000318c:	10001d69 	.word	0x10001d69

10003190 <weak_raw_vprintf>:
10003190:	b510      	push	{r4, lr}
10003192:	4a09      	ldr	r2, [pc, #36]	@ (100031b8 <weak_raw_vprintf+0x28>)
10003194:	b084      	sub	sp, #16
10003196:	6814      	ldr	r4, [r2, #0]
10003198:	b14c      	cbz	r4, 100031ae <weak_raw_vprintf+0x1e>
1000319a:	4603      	mov	r3, r0
1000319c:	9100      	str	r1, [sp, #0]
1000319e:	f04f 32ff 	mov.w	r2, #4294967295	@ 0xffffffff
100031a2:	a903      	add	r1, sp, #12
100031a4:	4805      	ldr	r0, [pc, #20]	@ (100031bc <weak_raw_vprintf+0x2c>)
100031a6:	47a0      	blx	r4
100031a8:	2001      	movs	r0, #1
100031aa:	b004      	add	sp, #16
100031ac:	bd10      	pop	{r4, pc}
100031ae:	f000 f97d 	bl	100034ac <__wrap_puts>
100031b2:	4620      	mov	r0, r4
100031b4:	b004      	add	sp, #16
100031b6:	bd10      	pop	{r4, pc}
100031b8:	20001ce8 	.word	0x20001ce8
100031bc:	10001d61 	.word	0x10001d61

100031c0 <_exit>:
100031c0:	be00      	bkpt	0x0000
100031c2:	e7fd      	b.n	100031c0 <_exit>

100031c4 <_fini>:
100031c4:	4770      	bx	lr
100031c6:	bf00      	nop

100031c8 <exit>:
100031c8:	b508      	push	{r3, lr}
100031ca:	f7ff fff9 	bl	100031c0 <_exit>
100031ce:	bf00      	nop

100031d0 <runtime_init>:
100031d0:	b538      	push	{r3, r4, r5, lr}
100031d2:	4c06      	ldr	r4, [pc, #24]	@ (100031ec <runtime_init+0x1c>)
100031d4:	4d06      	ldr	r5, [pc, #24]	@ (100031f0 <runtime_init+0x20>)
100031d6:	f7fe fa13 	bl	10001600 <runtime_run_initializers>
100031da:	42ac      	cmp	r4, r5
100031dc:	d204      	bcs.n	100031e8 <runtime_init+0x18>
100031de:	f854 3b04 	ldr.w	r3, [r4], #4
100031e2:	4798      	blx	r3
100031e4:	42ac      	cmp	r4, r5
100031e6:	d3fa      	bcc.n	100031de <runtime_init+0xe>
100031e8:	bd38      	pop	{r3, r4, r5, pc}
100031ea:	bf00      	nop
100031ec:	10007560 	.word	0x10007560
100031f0:	10007564 	.word	0x10007564

100031f4 <stdio_out_chars_no_crlf>:
100031f4:	6803      	ldr	r3, [r0, #0]
100031f6:	4608      	mov	r0, r1
100031f8:	4611      	mov	r1, r2
100031fa:	4718      	bx	r3

100031fc <stdio_out_chars_crlf>:
100031fc:	b570      	push	{r4, r5, r6, lr}
100031fe:	4605      	mov	r5, r0
10003200:	4608      	mov	r0, r1
10003202:	7d69      	ldrb	r1, [r5, #21]
10003204:	b082      	sub	sp, #8
10003206:	2900      	cmp	r1, #0
10003208:	d04f      	beq.n	100032aa <stdio_out_chars_crlf+0xae>
1000320a:	2a00      	cmp	r2, #0
1000320c:	dd25      	ble.n	1000325a <stdio_out_chars_crlf+0x5e>
1000320e:	7803      	ldrb	r3, [r0, #0]
10003210:	4614      	mov	r4, r2
10003212:	2b0a      	cmp	r3, #10
10003214:	4606      	mov	r6, r0
10003216:	d022      	beq.n	1000325e <stdio_out_chars_crlf+0x62>
10003218:	2c01      	cmp	r4, #1
1000321a:	f04f 0e00 	mov.w	lr, #0
1000321e:	d00d      	beq.n	1000323c <stdio_out_chars_crlf+0x40>
10003220:	4632      	mov	r2, r6
10003222:	2301      	movs	r3, #1
10003224:	f812 cf01 	ldrb.w	ip, [r2, #1]!
10003228:	4619      	mov	r1, r3
1000322a:	f1bc 0f0a 	cmp.w	ip, #10
1000322e:	f103 0301 	add.w	r3, r3, #1
10003232:	d020      	beq.n	10003276 <stdio_out_chars_crlf+0x7a>
10003234:	429c      	cmp	r4, r3
10003236:	d1f5      	bne.n	10003224 <stdio_out_chars_crlf+0x28>
10003238:	4574      	cmp	r4, lr
1000323a:	dd05      	ble.n	10003248 <stdio_out_chars_crlf+0x4c>
1000323c:	682b      	ldr	r3, [r5, #0]
1000323e:	eba4 010e 	sub.w	r1, r4, lr
10003242:	eb06 000e 	add.w	r0, r6, lr
10003246:	4798      	blx	r3
10003248:	1931      	adds	r1, r6, r4
1000324a:	f811 3c01 	ldrb.w	r3, [r1, #-1]
1000324e:	f1a3 030d 	sub.w	r3, r3, #13
10003252:	fab3 f383 	clz	r3, r3
10003256:	095b      	lsrs	r3, r3, #5
10003258:	752b      	strb	r3, [r5, #20]
1000325a:	b002      	add	sp, #8
1000325c:	bd70      	pop	{r4, r5, r6, pc}
1000325e:	7d2b      	ldrb	r3, [r5, #20]
10003260:	2b00      	cmp	r3, #0
10003262:	d1d9      	bne.n	10003218 <stdio_out_chars_crlf+0x1c>
10003264:	2102      	movs	r1, #2
10003266:	682b      	ldr	r3, [r5, #0]
10003268:	4813      	ldr	r0, [pc, #76]	@ (100032b8 <stdio_out_chars_crlf+0xbc>)
1000326a:	4798      	blx	r3
1000326c:	2c01      	cmp	r4, #1
1000326e:	d0eb      	beq.n	10003248 <stdio_out_chars_crlf+0x4c>
10003270:	f04f 0e01 	mov.w	lr, #1
10003274:	e7d4      	b.n	10003220 <stdio_out_chars_crlf+0x24>
10003276:	f812 0c01 	ldrb.w	r0, [r2, #-1]
1000327a:	280d      	cmp	r0, #13
1000327c:	d0da      	beq.n	10003234 <stdio_out_chars_crlf+0x38>
1000327e:	458e      	cmp	lr, r1
10003280:	eb06 000e 	add.w	r0, r6, lr
10003284:	eba1 010e 	sub.w	r1, r1, lr
10003288:	da05      	bge.n	10003296 <stdio_out_chars_crlf+0x9a>
1000328a:	e9cd 3200 	strd	r3, r2, [sp]
1000328e:	682b      	ldr	r3, [r5, #0]
10003290:	4798      	blx	r3
10003292:	e9dd 3200 	ldrd	r3, r2, [sp]
10003296:	e9cd 3200 	strd	r3, r2, [sp]
1000329a:	2102      	movs	r1, #2
1000329c:	682b      	ldr	r3, [r5, #0]
1000329e:	4806      	ldr	r0, [pc, #24]	@ (100032b8 <stdio_out_chars_crlf+0xbc>)
100032a0:	4798      	blx	r3
100032a2:	9b00      	ldr	r3, [sp, #0]
100032a4:	9a01      	ldr	r2, [sp, #4]
100032a6:	469e      	mov	lr, r3
100032a8:	e7c4      	b.n	10003234 <stdio_out_chars_crlf+0x38>
100032aa:	4611      	mov	r1, r2
100032ac:	682b      	ldr	r3, [r5, #0]
100032ae:	b002      	add	sp, #8
100032b0:	e8bd 4070 	ldmia.w	sp!, {r4, r5, r6, lr}
100032b4:	4718      	bx	r3
100032b6:	bf00      	nop
100032b8:	10007898 	.word	0x10007898

100032bc <stdio_buffered_printer>:
100032bc:	680b      	ldr	r3, [r1, #0]
100032be:	1c5a      	adds	r2, r3, #1
100032c0:	2a80      	cmp	r2, #128	@ 0x80
100032c2:	440b      	add	r3, r1
100032c4:	600a      	str	r2, [r1, #0]
100032c6:	7118      	strb	r0, [r3, #4]
100032c8:	d000      	beq.n	100032cc <stdio_buffered_printer+0x10>
100032ca:	4770      	bx	lr
100032cc:	b530      	push	{r4, r5, lr}
100032ce:	4b0e      	ldr	r3, [pc, #56]	@ (10003308 <stdio_buffered_printer+0x4c>)
100032d0:	460c      	mov	r4, r1
100032d2:	6818      	ldr	r0, [r3, #0]
100032d4:	b083      	sub	sp, #12
100032d6:	b1a0      	cbz	r0, 10003302 <stdio_buffered_printer+0x46>
100032d8:	1d0d      	adds	r5, r1, #4
100032da:	e001      	b.n	100032e0 <stdio_buffered_printer+0x24>
100032dc:	6900      	ldr	r0, [r0, #16]
100032de:	b180      	cbz	r0, 10003302 <stdio_buffered_printer+0x46>
100032e0:	6803      	ldr	r3, [r0, #0]
100032e2:	2b00      	cmp	r3, #0
100032e4:	d0fa      	beq.n	100032dc <stdio_buffered_printer+0x20>
100032e6:	4b09      	ldr	r3, [pc, #36]	@ (1000330c <stdio_buffered_printer+0x50>)
100032e8:	681b      	ldr	r3, [r3, #0]
100032ea:	b10b      	cbz	r3, 100032f0 <stdio_buffered_printer+0x34>
100032ec:	4283      	cmp	r3, r0
100032ee:	d1f5      	bne.n	100032dc <stdio_buffered_printer+0x20>
100032f0:	4629      	mov	r1, r5
100032f2:	6822      	ldr	r2, [r4, #0]
100032f4:	9001      	str	r0, [sp, #4]
100032f6:	f7ff ff81 	bl	100031fc <stdio_out_chars_crlf>
100032fa:	9801      	ldr	r0, [sp, #4]
100032fc:	6900      	ldr	r0, [r0, #16]
100032fe:	2800      	cmp	r0, #0
10003300:	d1ee      	bne.n	100032e0 <stdio_buffered_printer+0x24>
10003302:	6020      	str	r0, [r4, #0]
10003304:	b003      	add	sp, #12
10003306:	bd30      	pop	{r4, r5, pc}
10003308:	200018dc 	.word	0x200018dc
1000330c:	200018e4 	.word	0x200018e4

10003310 <stdio_put_string>:
10003310:	e92d 47f0 	stmdb	sp!, {r4, r5, r6, r7, r8, r9, sl, lr}
10003314:	b082      	sub	sp, #8
10003316:	4690      	mov	r8, r2
10003318:	461c      	mov	r4, r3
1000331a:	460d      	mov	r5, r1
1000331c:	4607      	mov	r7, r0
1000331e:	f7fd ffbb 	bl	10001298 <time_us_64>
10003322:	f04f 3cff 	mov.w	ip, #4294967295	@ 0xffffffff
10003326:	f06f 4600 	mvn.w	r6, #2147483648	@ 0x80000000
1000332a:	4a2e      	ldr	r2, [pc, #184]	@ (100033e4 <stdio_put_string+0xd4>)
1000332c:	1882      	adds	r2, r0, r2
1000332e:	f141 0300 	adc.w	r3, r1, #0
10003332:	4594      	cmp	ip, r2
10003334:	eb76 0103 	sbcs.w	r1, r6, r3
10003338:	bf3c      	itt	cc
1000333a:	4662      	movcc	r2, ip
1000333c:	4633      	movcc	r3, r6
1000333e:	482a      	ldr	r0, [pc, #168]	@ (100033e8 <stdio_put_string+0xd8>)
10003340:	f004 f8c2 	bl	100074c8 <__mutex_try_enter_block_until_veneer>
10003344:	1c6b      	adds	r3, r5, #1
10003346:	4682      	mov	sl, r0
10003348:	d040      	beq.n	100033cc <stdio_put_string+0xbc>
1000334a:	b30c      	cbz	r4, 10003390 <stdio_put_string+0x80>
1000334c:	4e27      	ldr	r6, [pc, #156]	@ (100033ec <stdio_put_string+0xdc>)
1000334e:	4b28      	ldr	r3, [pc, #160]	@ (100033f0 <stdio_put_string+0xe0>)
10003350:	681c      	ldr	r4, [r3, #0]
10003352:	b1b4      	cbz	r4, 10003382 <stdio_put_string+0x72>
10003354:	f1b8 0f00 	cmp.w	r8, #0
10003358:	d11c      	bne.n	10003394 <stdio_put_string+0x84>
1000335a:	f8df 809c 	ldr.w	r8, [pc, #156]	@ 100033f8 <stdio_put_string+0xe8>
1000335e:	e001      	b.n	10003364 <stdio_put_string+0x54>
10003360:	6924      	ldr	r4, [r4, #16]
10003362:	b174      	cbz	r4, 10003382 <stdio_put_string+0x72>
10003364:	6823      	ldr	r3, [r4, #0]
10003366:	2b00      	cmp	r3, #0
10003368:	d0fa      	beq.n	10003360 <stdio_put_string+0x50>
1000336a:	f8d8 3000 	ldr.w	r3, [r8]
1000336e:	b10b      	cbz	r3, 10003374 <stdio_put_string+0x64>
10003370:	429c      	cmp	r4, r3
10003372:	d1f5      	bne.n	10003360 <stdio_put_string+0x50>
10003374:	4620      	mov	r0, r4
10003376:	462a      	mov	r2, r5
10003378:	4639      	mov	r1, r7
1000337a:	47b0      	blx	r6
1000337c:	6924      	ldr	r4, [r4, #16]
1000337e:	2c00      	cmp	r4, #0
10003380:	d1f0      	bne.n	10003364 <stdio_put_string+0x54>
10003382:	f1ba 0f00 	cmp.w	sl, #0
10003386:	d126      	bne.n	100033d6 <stdio_put_string+0xc6>
10003388:	4628      	mov	r0, r5
1000338a:	b002      	add	sp, #8
1000338c:	e8bd 87f0 	ldmia.w	sp!, {r4, r5, r6, r7, r8, r9, sl, pc}
10003390:	4e18      	ldr	r6, [pc, #96]	@ (100033f4 <stdio_put_string+0xe4>)
10003392:	e7dc      	b.n	1000334e <stdio_put_string+0x3e>
10003394:	f04f 090a 	mov.w	r9, #10
10003398:	f8df 805c 	ldr.w	r8, [pc, #92]	@ 100033f8 <stdio_put_string+0xe8>
1000339c:	e002      	b.n	100033a4 <stdio_put_string+0x94>
1000339e:	6924      	ldr	r4, [r4, #16]
100033a0:	2c00      	cmp	r4, #0
100033a2:	d0ee      	beq.n	10003382 <stdio_put_string+0x72>
100033a4:	6823      	ldr	r3, [r4, #0]
100033a6:	2b00      	cmp	r3, #0
100033a8:	d0f9      	beq.n	1000339e <stdio_put_string+0x8e>
100033aa:	f8d8 3000 	ldr.w	r3, [r8]
100033ae:	b10b      	cbz	r3, 100033b4 <stdio_put_string+0xa4>
100033b0:	42a3      	cmp	r3, r4
100033b2:	d1f4      	bne.n	1000339e <stdio_put_string+0x8e>
100033b4:	462a      	mov	r2, r5
100033b6:	4639      	mov	r1, r7
100033b8:	4620      	mov	r0, r4
100033ba:	47b0      	blx	r6
100033bc:	2201      	movs	r2, #1
100033be:	4620      	mov	r0, r4
100033c0:	f10d 0107 	add.w	r1, sp, #7
100033c4:	f88d 9007 	strb.w	r9, [sp, #7]
100033c8:	47b0      	blx	r6
100033ca:	e7e8      	b.n	1000339e <stdio_put_string+0x8e>
100033cc:	4638      	mov	r0, r7
100033ce:	f004 f843 	bl	10007458 <strlen>
100033d2:	4605      	mov	r5, r0
100033d4:	e7b9      	b.n	1000334a <stdio_put_string+0x3a>
100033d6:	4804      	ldr	r0, [pc, #16]	@ (100033e8 <stdio_put_string+0xd8>)
100033d8:	f004 f886 	bl	100074e8 <__mutex_exit_veneer>
100033dc:	4628      	mov	r0, r5
100033de:	b002      	add	sp, #8
100033e0:	e8bd 87f0 	ldmia.w	sp!, {r4, r5, r6, r7, r8, r9, sl, pc}
100033e4:	000f4240 	.word	0x000f4240
100033e8:	20001400 	.word	0x20001400
100033ec:	100031fd 	.word	0x100031fd
100033f0:	200018dc 	.word	0x200018dc
100033f4:	100031f5 	.word	0x100031f5
100033f8:	200018e4 	.word	0x200018e4

100033fc <stdio_set_driver_enabled>:
100033fc:	4a08      	ldr	r2, [pc, #32]	@ (10003420 <stdio_set_driver_enabled+0x24>)
100033fe:	6813      	ldr	r3, [r2, #0]
10003400:	b923      	cbnz	r3, 1000340c <stdio_set_driver_enabled+0x10>
10003402:	e00a      	b.n	1000341a <stdio_set_driver_enabled+0x1e>
10003404:	f103 0210 	add.w	r2, r3, #16
10003408:	691b      	ldr	r3, [r3, #16]
1000340a:	b133      	cbz	r3, 1000341a <stdio_set_driver_enabled+0x1e>
1000340c:	4283      	cmp	r3, r0
1000340e:	d1f9      	bne.n	10003404 <stdio_set_driver_enabled+0x8>
10003410:	b929      	cbnz	r1, 1000341e <stdio_set_driver_enabled+0x22>
10003412:	6918      	ldr	r0, [r3, #16]
10003414:	6010      	str	r0, [r2, #0]
10003416:	6119      	str	r1, [r3, #16]
10003418:	4770      	bx	lr
1000341a:	b101      	cbz	r1, 1000341e <stdio_set_driver_enabled+0x22>
1000341c:	6010      	str	r0, [r2, #0]
1000341e:	4770      	bx	lr
10003420:	200018dc 	.word	0x200018dc

10003424 <stdio_init_all>:
10003424:	f000 ba70 	b.w	10003908 <stdio_usb_init>

10003428 <__wrap_putchar>:
10003428:	b5f0      	push	{r4, r5, r6, r7, lr}
1000342a:	b083      	sub	sp, #12
1000342c:	4606      	mov	r6, r0
1000342e:	f88d 0007 	strb.w	r0, [sp, #7]
10003432:	f7fd ff31 	bl	10001298 <time_us_64>
10003436:	f04f 35ff 	mov.w	r5, #4294967295	@ 0xffffffff
1000343a:	f06f 4400 	mvn.w	r4, #2147483648	@ 0x80000000
1000343e:	4a17      	ldr	r2, [pc, #92]	@ (1000349c <__wrap_putchar+0x74>)
10003440:	1882      	adds	r2, r0, r2
10003442:	f141 0300 	adc.w	r3, r1, #0
10003446:	4295      	cmp	r5, r2
10003448:	eb74 0103 	sbcs.w	r1, r4, r3
1000344c:	bf3c      	itt	cc
1000344e:	4623      	movcc	r3, r4
10003450:	462a      	movcc	r2, r5
10003452:	4813      	ldr	r0, [pc, #76]	@ (100034a0 <__wrap_putchar+0x78>)
10003454:	f004 f838 	bl	100074c8 <__mutex_try_enter_block_until_veneer>
10003458:	4b12      	ldr	r3, [pc, #72]	@ (100034a4 <__wrap_putchar+0x7c>)
1000345a:	4607      	mov	r7, r0
1000345c:	681c      	ldr	r4, [r3, #0]
1000345e:	b19c      	cbz	r4, 10003488 <__wrap_putchar+0x60>
10003460:	4d11      	ldr	r5, [pc, #68]	@ (100034a8 <__wrap_putchar+0x80>)
10003462:	e001      	b.n	10003468 <__wrap_putchar+0x40>
10003464:	6924      	ldr	r4, [r4, #16]
10003466:	b17c      	cbz	r4, 10003488 <__wrap_putchar+0x60>
10003468:	6823      	ldr	r3, [r4, #0]
1000346a:	2b00      	cmp	r3, #0
1000346c:	d0fa      	beq.n	10003464 <__wrap_putchar+0x3c>
1000346e:	682b      	ldr	r3, [r5, #0]
10003470:	b10b      	cbz	r3, 10003476 <__wrap_putchar+0x4e>
10003472:	429c      	cmp	r4, r3
10003474:	d1f6      	bne.n	10003464 <__wrap_putchar+0x3c>
10003476:	4620      	mov	r0, r4
10003478:	2201      	movs	r2, #1
1000347a:	f10d 0107 	add.w	r1, sp, #7
1000347e:	f7ff febd 	bl	100031fc <stdio_out_chars_crlf>
10003482:	6924      	ldr	r4, [r4, #16]
10003484:	2c00      	cmp	r4, #0
10003486:	d1ef      	bne.n	10003468 <__wrap_putchar+0x40>
10003488:	b917      	cbnz	r7, 10003490 <__wrap_putchar+0x68>
1000348a:	4630      	mov	r0, r6
1000348c:	b003      	add	sp, #12
1000348e:	bdf0      	pop	{r4, r5, r6, r7, pc}
10003490:	4803      	ldr	r0, [pc, #12]	@ (100034a0 <__wrap_putchar+0x78>)
10003492:	f004 f829 	bl	100074e8 <__mutex_exit_veneer>
10003496:	4630      	mov	r0, r6
10003498:	b003      	add	sp, #12
1000349a:	bdf0      	pop	{r4, r5, r6, r7, pc}
1000349c:	000f4240 	.word	0x000f4240
100034a0:	20001400 	.word	0x20001400
100034a4:	200018dc 	.word	0x200018dc
100034a8:	200018e4 	.word	0x200018e4

100034ac <__wrap_puts>:
100034ac:	b538      	push	{r3, r4, r5, lr}
100034ae:	4604      	mov	r4, r0
100034b0:	f003 ffd2 	bl	10007458 <strlen>
100034b4:	2301      	movs	r3, #1
100034b6:	4605      	mov	r5, r0
100034b8:	461a      	mov	r2, r3
100034ba:	4620      	mov	r0, r4
100034bc:	4629      	mov	r1, r5
100034be:	f7ff ff27 	bl	10003310 <stdio_put_string>
100034c2:	4b08      	ldr	r3, [pc, #32]	@ (100034e4 <__wrap_puts+0x38>)
100034c4:	681c      	ldr	r4, [r3, #0]
100034c6:	b12c      	cbz	r4, 100034d4 <__wrap_puts+0x28>
100034c8:	6863      	ldr	r3, [r4, #4]
100034ca:	b12b      	cbz	r3, 100034d8 <__wrap_puts+0x2c>
100034cc:	4798      	blx	r3
100034ce:	6924      	ldr	r4, [r4, #16]
100034d0:	2c00      	cmp	r4, #0
100034d2:	d1f9      	bne.n	100034c8 <__wrap_puts+0x1c>
100034d4:	4628      	mov	r0, r5
100034d6:	bd38      	pop	{r3, r4, r5, pc}
100034d8:	6924      	ldr	r4, [r4, #16]
100034da:	2c00      	cmp	r4, #0
100034dc:	d1f4      	bne.n	100034c8 <__wrap_puts+0x1c>
100034de:	4628      	mov	r0, r5
100034e0:	bd38      	pop	{r3, r4, r5, pc}
100034e2:	bf00      	nop
100034e4:	200018dc 	.word	0x200018dc

100034e8 <__wrap_vprintf>:
100034e8:	e92d 41f0 	stmdb	sp!, {r4, r5, r6, r7, r8, lr}
100034ec:	b0a2      	sub	sp, #136	@ 0x88
100034ee:	460e      	mov	r6, r1
100034f0:	4605      	mov	r5, r0
100034f2:	f7fd fed1 	bl	10001298 <time_us_64>
100034f6:	f04f 3cff 	mov.w	ip, #4294967295	@ 0xffffffff
100034fa:	f06f 4400 	mvn.w	r4, #2147483648	@ 0x80000000
100034fe:	4a25      	ldr	r2, [pc, #148]	@ (10003594 <__wrap_vprintf+0xac>)
10003500:	1882      	adds	r2, r0, r2
10003502:	f141 0300 	adc.w	r3, r1, #0
10003506:	4594      	cmp	ip, r2
10003508:	eb74 0103 	sbcs.w	r1, r4, r3
1000350c:	bf3c      	itt	cc
1000350e:	4623      	movcc	r3, r4
10003510:	4662      	movcc	r2, ip
10003512:	4821      	ldr	r0, [pc, #132]	@ (10003598 <__wrap_vprintf+0xb0>)
10003514:	f003 ffd8 	bl	100074c8 <__mutex_try_enter_block_until_veneer>
10003518:	2400      	movs	r4, #0
1000351a:	4633      	mov	r3, r6
1000351c:	4607      	mov	r7, r0
1000351e:	462a      	mov	r2, r5
10003520:	481e      	ldr	r0, [pc, #120]	@ (1000359c <__wrap_vprintf+0xb4>)
10003522:	a901      	add	r1, sp, #4
10003524:	9401      	str	r4, [sp, #4]
10003526:	f7ff fe21 	bl	1000316c <vfctprintf>
1000352a:	4e1d      	ldr	r6, [pc, #116]	@ (100035a0 <__wrap_vprintf+0xb8>)
1000352c:	9b01      	ldr	r3, [sp, #4]
1000352e:	4680      	mov	r8, r0
10003530:	6834      	ldr	r4, [r6, #0]
10003532:	b1bb      	cbz	r3, 10003564 <__wrap_vprintf+0x7c>
10003534:	2c00      	cmp	r4, #0
10003536:	d02a      	beq.n	1000358e <__wrap_vprintf+0xa6>
10003538:	4d1a      	ldr	r5, [pc, #104]	@ (100035a4 <__wrap_vprintf+0xbc>)
1000353a:	e001      	b.n	10003540 <__wrap_vprintf+0x58>
1000353c:	6924      	ldr	r4, [r4, #16]
1000353e:	b174      	cbz	r4, 1000355e <__wrap_vprintf+0x76>
10003540:	6823      	ldr	r3, [r4, #0]
10003542:	2b00      	cmp	r3, #0
10003544:	d0fa      	beq.n	1000353c <__wrap_vprintf+0x54>
10003546:	682b      	ldr	r3, [r5, #0]
10003548:	b10b      	cbz	r3, 1000354e <__wrap_vprintf+0x66>
1000354a:	42a3      	cmp	r3, r4
1000354c:	d1f6      	bne.n	1000353c <__wrap_vprintf+0x54>
1000354e:	4620      	mov	r0, r4
10003550:	9a01      	ldr	r2, [sp, #4]
10003552:	a902      	add	r1, sp, #8
10003554:	f7ff fe52 	bl	100031fc <stdio_out_chars_crlf>
10003558:	6924      	ldr	r4, [r4, #16]
1000355a:	2c00      	cmp	r4, #0
1000355c:	d1f0      	bne.n	10003540 <__wrap_vprintf+0x58>
1000355e:	4623      	mov	r3, r4
10003560:	6834      	ldr	r4, [r6, #0]
10003562:	9301      	str	r3, [sp, #4]
10003564:	b12c      	cbz	r4, 10003572 <__wrap_vprintf+0x8a>
10003566:	6863      	ldr	r3, [r4, #4]
10003568:	b143      	cbz	r3, 1000357c <__wrap_vprintf+0x94>
1000356a:	4798      	blx	r3
1000356c:	6924      	ldr	r4, [r4, #16]
1000356e:	2c00      	cmp	r4, #0
10003570:	d1f9      	bne.n	10003566 <__wrap_vprintf+0x7e>
10003572:	b92f      	cbnz	r7, 10003580 <__wrap_vprintf+0x98>
10003574:	4640      	mov	r0, r8
10003576:	b022      	add	sp, #136	@ 0x88
10003578:	e8bd 81f0 	ldmia.w	sp!, {r4, r5, r6, r7, r8, pc}
1000357c:	6924      	ldr	r4, [r4, #16]
1000357e:	e7f1      	b.n	10003564 <__wrap_vprintf+0x7c>
10003580:	4805      	ldr	r0, [pc, #20]	@ (10003598 <__wrap_vprintf+0xb0>)
10003582:	f003 ffb1 	bl	100074e8 <__mutex_exit_veneer>
10003586:	4640      	mov	r0, r8
10003588:	b022      	add	sp, #136	@ 0x88
1000358a:	e8bd 81f0 	ldmia.w	sp!, {r4, r5, r6, r7, r8, pc}
1000358e:	9401      	str	r4, [sp, #4]
10003590:	e7ef      	b.n	10003572 <__wrap_vprintf+0x8a>
10003592:	bf00      	nop
10003594:	000f4240 	.word	0x000f4240
10003598:	20001400 	.word	0x20001400
1000359c:	100032bd 	.word	0x100032bd
100035a0:	200018dc 	.word	0x200018dc
100035a4:	200018e4 	.word	0x200018e4

100035a8 <__wrap_printf>:
100035a8:	b40f      	push	{r0, r1, r2, r3}
100035aa:	b500      	push	{lr}
100035ac:	b083      	sub	sp, #12
100035ae:	a904      	add	r1, sp, #16
100035b0:	f851 0b04 	ldr.w	r0, [r1], #4
100035b4:	9101      	str	r1, [sp, #4]
100035b6:	f7ff ff97 	bl	100034e8 <__wrap_vprintf>
100035ba:	b003      	add	sp, #12
100035bc:	f85d eb04 	ldr.w	lr, [sp], #4
100035c0:	b004      	add	sp, #16
100035c2:	4770      	bx	lr

100035c4 <stdio_usb_set_chars_available_callback>:
100035c4:	4a02      	ldr	r2, [pc, #8]	@ (100035d0 <stdio_usb_set_chars_available_callback+0xc>)
100035c6:	4b03      	ldr	r3, [pc, #12]	@ (100035d4 <stdio_usb_set_chars_available_callback+0x10>)
100035c8:	6010      	str	r0, [r2, #0]
100035ca:	6019      	str	r1, [r3, #0]
100035cc:	4770      	bx	lr
100035ce:	bf00      	nop
100035d0:	2000187c 	.word	0x2000187c
100035d4:	20001880 	.word	0x20001880

100035d8 <timer_task>:
100035d8:	4b18      	ldr	r3, [pc, #96]	@ (1000363c <timer_task+0x64>)
100035da:	b570      	push	{r4, r5, r6, lr}
100035dc:	681a      	ldr	r2, [r3, #0]
100035de:	2a00      	cmp	r2, #0
100035e0:	d028      	beq.n	10003634 <timer_task+0x5c>
100035e2:	f3ef 8110 	mrs	r1, PRIMASK
100035e6:	b672      	cpsid	i
100035e8:	e8d2 4fcf 	ldaexb	r4, [r2]
100035ec:	2001      	movs	r0, #1
100035ee:	2c00      	cmp	r4, #0
100035f0:	d1fa      	bne.n	100035e8 <timer_task+0x10>
100035f2:	e8c2 0f44 	strexb	r4, r0, [r2]
100035f6:	2c00      	cmp	r4, #0
100035f8:	d1f6      	bne.n	100035e8 <timer_task+0x10>
100035fa:	f3bf 8f5f 	dmb	sy
100035fe:	2200      	movs	r2, #0
10003600:	4c0f      	ldr	r4, [pc, #60]	@ (10003640 <timer_task+0x68>)
10003602:	6818      	ldr	r0, [r3, #0]
10003604:	6059      	str	r1, [r3, #4]
10003606:	7022      	strb	r2, [r4, #0]
10003608:	e8c0 2f8f 	stlb	r2, [r0]
1000360c:	f381 8810 	msr	PRIMASK, r1
10003610:	2400      	movs	r4, #0
10003612:	2500      	movs	r5, #0
10003614:	4e0b      	ldr	r6, [pc, #44]	@ (10003644 <timer_task+0x6c>)
10003616:	7830      	ldrb	r0, [r6, #0]
10003618:	f7fc ffba 	bl	10000590 <irq_is_enabled>
1000361c:	b920      	cbnz	r0, 10003628 <timer_task+0x50>
1000361e:	2400      	movs	r4, #0
10003620:	2500      	movs	r5, #0
10003622:	4620      	mov	r0, r4
10003624:	4629      	mov	r1, r5
10003626:	bd70      	pop	{r4, r5, r6, pc}
10003628:	7830      	ldrb	r0, [r6, #0]
1000362a:	f7fc ffc1 	bl	100005b0 <irq_set_pending>
1000362e:	4620      	mov	r0, r4
10003630:	4629      	mov	r1, r5
10003632:	bd70      	pop	{r4, r5, r6, pc}
10003634:	f44f 747a 	mov.w	r4, #1000	@ 0x3e8
10003638:	2500      	movs	r5, #0
1000363a:	e7eb      	b.n	10003614 <timer_task+0x3c>
1000363c:	20001cf4 	.word	0x20001cf4
10003640:	20001d55 	.word	0x20001d55
10003644:	20001d54 	.word	0x20001d54

10003648 <usb_irq>:
10003648:	4b01      	ldr	r3, [pc, #4]	@ (10003650 <usb_irq+0x8>)
1000364a:	7818      	ldrb	r0, [r3, #0]
1000364c:	f7fc bfb0 	b.w	100005b0 <irq_set_pending>
10003650:	20001d54 	.word	0x20001d54

10003654 <stdio_usb_in_chars>:
10003654:	b538      	push	{r3, r4, r5, lr}
10003656:	4604      	mov	r4, r0
10003658:	2000      	movs	r0, #0
1000365a:	460d      	mov	r5, r1
1000365c:	f001 fba6 	bl	10004dac <tud_cdc_n_connected>
10003660:	b3a8      	cbz	r0, 100036ce <stdio_usb_in_chars+0x7a>
10003662:	2000      	movs	r0, #0
10003664:	f001 fbb8 	bl	10004dd8 <tud_cdc_n_available>
10003668:	b388      	cbz	r0, 100036ce <stdio_usb_in_chars+0x7a>
1000366a:	f7fd fe15 	bl	10001298 <time_us_64>
1000366e:	f04f 3eff 	mov.w	lr, #4294967295	@ 0xffffffff
10003672:	f06f 4c00 	mvn.w	ip, #2147483648	@ 0x80000000
10003676:	4a17      	ldr	r2, [pc, #92]	@ (100036d4 <stdio_usb_in_chars+0x80>)
10003678:	1882      	adds	r2, r0, r2
1000367a:	f141 0300 	adc.w	r3, r1, #0
1000367e:	4596      	cmp	lr, r2
10003680:	eb7c 0103 	sbcs.w	r1, ip, r3
10003684:	bf3c      	itt	cc
10003686:	4672      	movcc	r2, lr
10003688:	4663      	movcc	r3, ip
1000368a:	4813      	ldr	r0, [pc, #76]	@ (100036d8 <stdio_usb_in_chars+0x84>)
1000368c:	f003 ff1c 	bl	100074c8 <__mutex_try_enter_block_until_veneer>
10003690:	b1e8      	cbz	r0, 100036ce <stdio_usb_in_chars+0x7a>
10003692:	2000      	movs	r0, #0
10003694:	f001 fb8a 	bl	10004dac <tud_cdc_n_connected>
10003698:	b958      	cbnz	r0, 100036b2 <stdio_usb_in_chars+0x5e>
1000369a:	4601      	mov	r1, r0
1000369c:	f04f 30ff 	mov.w	r0, #4294967295	@ 0xffffffff
100036a0:	f000 fd8e 	bl	100041c0 <tud_task_ext>
100036a4:	f06f 0402 	mvn.w	r4, #2
100036a8:	480b      	ldr	r0, [pc, #44]	@ (100036d8 <stdio_usb_in_chars+0x84>)
100036aa:	f003 ff1d 	bl	100074e8 <__mutex_exit_veneer>
100036ae:	4620      	mov	r0, r4
100036b0:	bd38      	pop	{r3, r4, r5, pc}
100036b2:	2000      	movs	r0, #0
100036b4:	f001 fb90 	bl	10004dd8 <tud_cdc_n_available>
100036b8:	2800      	cmp	r0, #0
100036ba:	d0ee      	beq.n	1000369a <stdio_usb_in_chars+0x46>
100036bc:	4621      	mov	r1, r4
100036be:	462a      	mov	r2, r5
100036c0:	2000      	movs	r0, #0
100036c2:	f001 fb93 	bl	10004dec <tud_cdc_n_read>
100036c6:	4604      	mov	r4, r0
100036c8:	2800      	cmp	r0, #0
100036ca:	d1ed      	bne.n	100036a8 <stdio_usb_in_chars+0x54>
100036cc:	e7ea      	b.n	100036a4 <stdio_usb_in_chars+0x50>
100036ce:	f06f 0402 	mvn.w	r4, #2
100036d2:	e7ec      	b.n	100036ae <stdio_usb_in_chars+0x5a>
100036d4:	000f4240 	.word	0x000f4240
100036d8:	20001d34 	.word	0x20001d34

100036dc <stdio_usb_out_flush>:
100036dc:	b508      	push	{r3, lr}
100036de:	f7fd fddb 	bl	10001298 <time_us_64>
100036e2:	f04f 3eff 	mov.w	lr, #4294967295	@ 0xffffffff
100036e6:	f06f 4c00 	mvn.w	ip, #2147483648	@ 0x80000000
100036ea:	4a0f      	ldr	r2, [pc, #60]	@ (10003728 <stdio_usb_out_flush+0x4c>)
100036ec:	1882      	adds	r2, r0, r2
100036ee:	f141 0300 	adc.w	r3, r1, #0
100036f2:	4596      	cmp	lr, r2
100036f4:	eb7c 0103 	sbcs.w	r1, ip, r3
100036f8:	bf3c      	itt	cc
100036fa:	4672      	movcc	r2, lr
100036fc:	4663      	movcc	r3, ip
100036fe:	480b      	ldr	r0, [pc, #44]	@ (1000372c <stdio_usb_out_flush+0x50>)
10003700:	f003 fee2 	bl	100074c8 <__mutex_try_enter_block_until_veneer>
10003704:	b170      	cbz	r0, 10003724 <stdio_usb_out_flush+0x48>
10003706:	f04f 30ff 	mov.w	r0, #4294967295	@ 0xffffffff
1000370a:	2100      	movs	r1, #0
1000370c:	f000 fd58 	bl	100041c0 <tud_task_ext>
10003710:	2000      	movs	r0, #0
10003712:	f001 fbb1 	bl	10004e78 <tud_cdc_n_write_flush>
10003716:	2800      	cmp	r0, #0
10003718:	d1f5      	bne.n	10003706 <stdio_usb_out_flush+0x2a>
1000371a:	e8bd 4008 	ldmia.w	sp!, {r3, lr}
1000371e:	4803      	ldr	r0, [pc, #12]	@ (1000372c <stdio_usb_out_flush+0x50>)
10003720:	f003 bee2 	b.w	100074e8 <__mutex_exit_veneer>
10003724:	bd08      	pop	{r3, pc}
10003726:	bf00      	nop
10003728:	000f4240 	.word	0x000f4240
1000372c:	20001d34 	.word	0x20001d34

10003730 <stdio_usb_out_chars>:
10003730:	e92d 41f0 	stmdb	sp!, {r4, r5, r6, r7, r8, lr}
10003734:	4607      	mov	r7, r0
10003736:	460e      	mov	r6, r1
10003738:	f7fd fdae 	bl	10001298 <time_us_64>
1000373c:	f04f 35ff 	mov.w	r5, #4294967295	@ 0xffffffff
10003740:	f06f 4400 	mvn.w	r4, #2147483648	@ 0x80000000
10003744:	4a32      	ldr	r2, [pc, #200]	@ (10003810 <stdio_usb_out_chars+0xe0>)
10003746:	1882      	adds	r2, r0, r2
10003748:	f141 0300 	adc.w	r3, r1, #0
1000374c:	4295      	cmp	r5, r2
1000374e:	eb74 0103 	sbcs.w	r1, r4, r3
10003752:	bf3c      	itt	cc
10003754:	462a      	movcc	r2, r5
10003756:	4623      	movcc	r3, r4
10003758:	482e      	ldr	r0, [pc, #184]	@ (10003814 <stdio_usb_out_chars+0xe4>)
1000375a:	f003 feb5 	bl	100074c8 <__mutex_try_enter_block_until_veneer>
1000375e:	b908      	cbnz	r0, 10003764 <stdio_usb_out_chars+0x34>
10003760:	e8bd 81f0 	ldmia.w	sp!, {r4, r5, r6, r7, r8, pc}
10003764:	2000      	movs	r0, #0
10003766:	f001 fb21 	bl	10004dac <tud_cdc_n_connected>
1000376a:	2800      	cmp	r0, #0
1000376c:	d045      	beq.n	100037fa <stdio_usb_out_chars+0xca>
1000376e:	2e00      	cmp	r6, #0
10003770:	dd3e      	ble.n	100037f0 <stdio_usb_out_chars+0xc0>
10003772:	2500      	movs	r5, #0
10003774:	f8df 80a4 	ldr.w	r8, [pc, #164]	@ 1000381c <stdio_usb_out_chars+0xec>
10003778:	e012      	b.n	100037a0 <stdio_usb_out_chars+0x70>
1000377a:	4622      	mov	r2, r4
1000377c:	2000      	movs	r0, #0
1000377e:	f001 fbc5 	bl	10004f0c <tud_cdc_n_write>
10003782:	2100      	movs	r1, #0
10003784:	4405      	add	r5, r0
10003786:	f04f 30ff 	mov.w	r0, #4294967295	@ 0xffffffff
1000378a:	f000 fd19 	bl	100041c0 <tud_task_ext>
1000378e:	2000      	movs	r0, #0
10003790:	f001 fb72 	bl	10004e78 <tud_cdc_n_write_flush>
10003794:	f7fd fd80 	bl	10001298 <time_us_64>
10003798:	e9c8 0100 	strd	r0, r1, [r8]
1000379c:	42ae      	cmp	r6, r5
1000379e:	dd27      	ble.n	100037f0 <stdio_usb_out_chars+0xc0>
100037a0:	2000      	movs	r0, #0
100037a2:	f001 fbd1 	bl	10004f48 <tud_cdc_n_write_available>
100037a6:	1b74      	subs	r4, r6, r5
100037a8:	4284      	cmp	r4, r0
100037aa:	bfa8      	it	ge
100037ac:	4604      	movge	r4, r0
100037ae:	1979      	adds	r1, r7, r5
100037b0:	2c00      	cmp	r4, #0
100037b2:	d1e2      	bne.n	1000377a <stdio_usb_out_chars+0x4a>
100037b4:	4621      	mov	r1, r4
100037b6:	f04f 30ff 	mov.w	r0, #4294967295	@ 0xffffffff
100037ba:	f000 fd01 	bl	100041c0 <tud_task_ext>
100037be:	4620      	mov	r0, r4
100037c0:	f001 fb5a 	bl	10004e78 <tud_cdc_n_write_flush>
100037c4:	4620      	mov	r0, r4
100037c6:	f001 faf1 	bl	10004dac <tud_cdc_n_connected>
100037ca:	b188      	cbz	r0, 100037f0 <stdio_usb_out_chars+0xc0>
100037cc:	4620      	mov	r0, r4
100037ce:	f001 fbbb 	bl	10004f48 <tud_cdc_n_write_available>
100037d2:	2800      	cmp	r0, #0
100037d4:	d1e2      	bne.n	1000379c <stdio_usb_out_chars+0x6c>
100037d6:	f7fd fd5f 	bl	10001298 <time_us_64>
100037da:	4a0f      	ldr	r2, [pc, #60]	@ (10003818 <stdio_usb_out_chars+0xe8>)
100037dc:	f8d8 3000 	ldr.w	r3, [r8]
100037e0:	189b      	adds	r3, r3, r2
100037e2:	f8d8 2004 	ldr.w	r2, [r8, #4]
100037e6:	f142 0200 	adc.w	r2, r2, #0
100037ea:	4283      	cmp	r3, r0
100037ec:	418a      	sbcs	r2, r1
100037ee:	d2d5      	bcs.n	1000379c <stdio_usb_out_chars+0x6c>
100037f0:	4808      	ldr	r0, [pc, #32]	@ (10003814 <stdio_usb_out_chars+0xe4>)
100037f2:	e8bd 41f0 	ldmia.w	sp!, {r4, r5, r6, r7, r8, lr}
100037f6:	f003 be77 	b.w	100074e8 <__mutex_exit_veneer>
100037fa:	2000      	movs	r0, #0
100037fc:	e8bd 41f0 	ldmia.w	sp!, {r4, r5, r6, r7, r8, lr}
10003800:	2100      	movs	r1, #0
10003802:	4b06      	ldr	r3, [pc, #24]	@ (1000381c <stdio_usb_out_chars+0xec>)
10003804:	e9c3 0100 	strd	r0, r1, [r3]
10003808:	4802      	ldr	r0, [pc, #8]	@ (10003814 <stdio_usb_out_chars+0xe4>)
1000380a:	f003 be6d 	b.w	100074e8 <__mutex_exit_veneer>
1000380e:	bf00      	nop
10003810:	000f4240 	.word	0x000f4240
10003814:	20001d34 	.word	0x20001d34
10003818:	0007a120 	.word	0x0007a120
1000381c:	20001650 	.word	0x20001650

10003820 <low_priority_worker_irq>:
10003820:	b510      	push	{r4, lr}
10003822:	2100      	movs	r1, #0
10003824:	b084      	sub	sp, #16
10003826:	4832      	ldr	r0, [pc, #200]	@ (100038f0 <low_priority_worker_irq+0xd0>)
10003828:	f003 fe62 	bl	100074f0 <__mutex_try_enter_veneer>
1000382c:	bb28      	cbnz	r0, 1000387a <low_priority_worker_irq+0x5a>
1000382e:	4b31      	ldr	r3, [pc, #196]	@ (100038f4 <low_priority_worker_irq+0xd4>)
10003830:	681a      	ldr	r2, [r3, #0]
10003832:	b302      	cbz	r2, 10003876 <low_priority_worker_irq+0x56>
10003834:	f3ef 8110 	mrs	r1, PRIMASK
10003838:	b672      	cpsid	i
1000383a:	e8d2 efcf 	ldaexb	lr, [r2]
1000383e:	f05f 0c01 	movs.w	ip, #1
10003842:	f1be 0f00 	cmp.w	lr, #0
10003846:	d1f8      	bne.n	1000383a <low_priority_worker_irq+0x1a>
10003848:	e8c2 cf4e 	strexb	lr, ip, [r2]
1000384c:	f1be 0f00 	cmp.w	lr, #0
10003850:	d1f3      	bne.n	1000383a <low_priority_worker_irq+0x1a>
10003852:	f3bf 8f5f 	dmb	sy
10003856:	f8df c0a8 	ldr.w	ip, [pc, #168]	@ 10003900 <low_priority_worker_irq+0xe0>
1000385a:	f8d3 e000 	ldr.w	lr, [r3]
1000385e:	f89c 2000 	ldrb.w	r2, [ip]
10003862:	6059      	str	r1, [r3, #4]
10003864:	b2d3      	uxtb	r3, r2
10003866:	2201      	movs	r2, #1
10003868:	f88c 2000 	strb.w	r2, [ip]
1000386c:	e8ce 0f8f 	stlb	r0, [lr]
10003870:	f381 8810 	msr	PRIMASK, r1
10003874:	b1cb      	cbz	r3, 100038aa <low_priority_worker_irq+0x8a>
10003876:	b004      	add	sp, #16
10003878:	bd10      	pop	{r4, pc}
1000387a:	2100      	movs	r1, #0
1000387c:	f04f 30ff 	mov.w	r0, #4294967295	@ 0xffffffff
10003880:	f000 fc9e 	bl	100041c0 <tud_task_ext>
10003884:	2000      	movs	r0, #0
10003886:	f001 faa7 	bl	10004dd8 <tud_cdc_n_available>
1000388a:	4604      	mov	r4, r0
1000388c:	4818      	ldr	r0, [pc, #96]	@ (100038f0 <low_priority_worker_irq+0xd0>)
1000388e:	f003 fe2b 	bl	100074e8 <__mutex_exit_veneer>
10003892:	2c00      	cmp	r4, #0
10003894:	d0ef      	beq.n	10003876 <low_priority_worker_irq+0x56>
10003896:	4b18      	ldr	r3, [pc, #96]	@ (100038f8 <low_priority_worker_irq+0xd8>)
10003898:	681b      	ldr	r3, [r3, #0]
1000389a:	2b00      	cmp	r3, #0
1000389c:	d0eb      	beq.n	10003876 <low_priority_worker_irq+0x56>
1000389e:	4a17      	ldr	r2, [pc, #92]	@ (100038fc <low_priority_worker_irq+0xdc>)
100038a0:	6810      	ldr	r0, [r2, #0]
100038a2:	b004      	add	sp, #16
100038a4:	e8bd 4010 	ldmia.w	sp!, {r4, lr}
100038a8:	4718      	bx	r3
100038aa:	f7fd faa9 	bl	10000e00 <alarm_pool_get_default>
100038ae:	4604      	mov	r4, r0
100038b0:	f7fd fcf2 	bl	10001298 <time_us_64>
100038b4:	f04f 3eff 	mov.w	lr, #4294967295	@ 0xffffffff
100038b8:	f06f 4c00 	mvn.w	ip, #2147483648	@ 0x80000000
100038bc:	f510 727a 	adds.w	r2, r0, #1000	@ 0x3e8
100038c0:	f141 0300 	adc.w	r3, r1, #0
100038c4:	4596      	cmp	lr, r2
100038c6:	eb7c 0103 	sbcs.w	r1, ip, r3
100038ca:	bf38      	it	cc
100038cc:	4663      	movcc	r3, ip
100038ce:	f04f 0100 	mov.w	r1, #0
100038d2:	f04f 0c01 	mov.w	ip, #1
100038d6:	bf38      	it	cc
100038d8:	4672      	movcc	r2, lr
100038da:	f8df e028 	ldr.w	lr, [pc, #40]	@ 10003904 <low_priority_worker_irq+0xe4>
100038de:	4620      	mov	r0, r4
100038e0:	e9cd 1c01 	strd	r1, ip, [sp, #4]
100038e4:	f8cd e000 	str.w	lr, [sp]
100038e8:	f7fd fa8e 	bl	10000e08 <alarm_pool_add_alarm_at>
100038ec:	b004      	add	sp, #16
100038ee:	bd10      	pop	{r4, pc}
100038f0:	20001d34 	.word	0x20001d34
100038f4:	20001cf4 	.word	0x20001cf4
100038f8:	2000187c 	.word	0x2000187c
100038fc:	20001880 	.word	0x20001880
10003900:	20001d55 	.word	0x20001d55
10003904:	100035d9 	.word	0x100035d9

10003908 <stdio_usb_init>:
10003908:	f04f 4350 	mov.w	r3, #3489660928	@ 0xd0000000
1000390c:	b530      	push	{r4, r5, lr}
1000390e:	b085      	sub	sp, #20
10003910:	681c      	ldr	r4, [r3, #0]
10003912:	f7fd fa75 	bl	10000e00 <alarm_pool_get_default>
10003916:	f7fd fb91 	bl	1000103c <alarm_pool_core_num>
1000391a:	42a0      	cmp	r0, r4
1000391c:	d002      	beq.n	10003924 <stdio_usb_init+0x1c>
1000391e:	2000      	movs	r0, #0
10003920:	b005      	add	sp, #20
10003922:	bd30      	pop	{r4, r5, pc}
10003924:	2100      	movs	r1, #0
10003926:	4b2c      	ldr	r3, [pc, #176]	@ (100039d8 <stdio_usb_init+0xd0>)
10003928:	4608      	mov	r0, r1
1000392a:	781b      	ldrb	r3, [r3, #0]
1000392c:	f001 fcdc 	bl	100052e8 <tusb_rhport_init>
10003930:	482a      	ldr	r0, [pc, #168]	@ (100039dc <stdio_usb_init+0xd4>)
10003932:	6803      	ldr	r3, [r0, #0]
10003934:	2b00      	cmp	r3, #0
10003936:	d04b      	beq.n	100039d0 <stdio_usb_init+0xc8>
10003938:	2001      	movs	r0, #1
1000393a:	f7fc ffdb 	bl	100008f4 <user_irq_claim_unused>
1000393e:	4603      	mov	r3, r0
10003940:	4c27      	ldr	r4, [pc, #156]	@ (100039e0 <stdio_usb_init+0xd8>)
10003942:	4928      	ldr	r1, [pc, #160]	@ (100039e4 <stdio_usb_init+0xdc>)
10003944:	b2c0      	uxtb	r0, r0
10003946:	7023      	strb	r3, [r4, #0]
10003948:	f7fc fe4e 	bl	100005e8 <irq_set_exclusive_handler>
1000394c:	7820      	ldrb	r0, [r4, #0]
1000394e:	2101      	movs	r1, #1
10003950:	f7fc fe08 	bl	10000564 <irq_set_enabled>
10003954:	200e      	movs	r0, #14
10003956:	f7fc fe37 	bl	100005c8 <irq_has_shared_handler>
1000395a:	bb60      	cbnz	r0, 100039b6 <stdio_usb_init+0xae>
1000395c:	4b22      	ldr	r3, [pc, #136]	@ (100039e8 <stdio_usb_init+0xe0>)
1000395e:	f06f 4400 	mvn.w	r4, #2147483648	@ 0x80000000
10003962:	e9c3 0000 	strd	r0, r0, [r3]
10003966:	f7fd fa4b 	bl	10000e00 <alarm_pool_get_default>
1000396a:	4605      	mov	r5, r0
1000396c:	f7fd fc94 	bl	10001298 <time_us_64>
10003970:	f04f 3cff 	mov.w	ip, #4294967295	@ 0xffffffff
10003974:	f510 727a 	adds.w	r2, r0, #1000	@ 0x3e8
10003978:	f141 0300 	adc.w	r3, r1, #0
1000397c:	4594      	cmp	ip, r2
1000397e:	eb74 0103 	sbcs.w	r1, r4, r3
10003982:	bf38      	it	cc
10003984:	4623      	movcc	r3, r4
10003986:	f04f 0100 	mov.w	r1, #0
1000398a:	f04f 0401 	mov.w	r4, #1
1000398e:	bf38      	it	cc
10003990:	4662      	movcc	r2, ip
10003992:	f8df c060 	ldr.w	ip, [pc, #96]	@ 100039f4 <stdio_usb_init+0xec>
10003996:	4628      	mov	r0, r5
10003998:	e9cd 1401 	strd	r1, r4, [sp, #4]
1000399c:	f8cd c000 	str.w	ip, [sp]
100039a0:	f7fd fa32 	bl	10000e08 <alarm_pool_add_alarm_at>
100039a4:	2800      	cmp	r0, #0
100039a6:	dbba      	blt.n	1000391e <stdio_usb_init+0x16>
100039a8:	2101      	movs	r1, #1
100039aa:	4810      	ldr	r0, [pc, #64]	@ (100039ec <stdio_usb_init+0xe4>)
100039ac:	f7ff fd26 	bl	100033fc <stdio_set_driver_enabled>
100039b0:	2001      	movs	r0, #1
100039b2:	b005      	add	sp, #20
100039b4:	bd30      	pop	{r4, r5, pc}
100039b6:	2001      	movs	r0, #1
100039b8:	f7fc fd8e 	bl	100004d8 <spin_lock_claim_unused>
100039bc:	4601      	mov	r1, r0
100039be:	480a      	ldr	r0, [pc, #40]	@ (100039e8 <stdio_usb_init+0xe0>)
100039c0:	f7fc fff6 	bl	100009b0 <critical_section_init_with_lock_num>
100039c4:	2200      	movs	r2, #0
100039c6:	200e      	movs	r0, #14
100039c8:	4909      	ldr	r1, [pc, #36]	@ (100039f0 <stdio_usb_init+0xe8>)
100039ca:	f7fc fe3f 	bl	1000064c <irq_add_shared_handler>
100039ce:	e7eb      	b.n	100039a8 <stdio_usb_init+0xa0>
100039d0:	f7fc ffd2 	bl	10000978 <mutex_init>
100039d4:	e7b0      	b.n	10003938 <stdio_usb_init+0x30>
100039d6:	bf00      	nop
100039d8:	10007a58 	.word	0x10007a58
100039dc:	20001d34 	.word	0x20001d34
100039e0:	20001d54 	.word	0x20001d54
100039e4:	10003821 	.word	0x10003821
100039e8:	20001cf4 	.word	0x20001cf4
100039ec:	200013c8 	.word	0x200013c8
100039f0:	10003649 	.word	0x10003649
100039f4:	100035d9 	.word	0x100035d9

100039f8 <tud_descriptor_device_cb>:
100039f8:	4800      	ldr	r0, [pc, #0]	@ (100039fc <tud_descriptor_device_cb+0x4>)
100039fa:	4770      	bx	lr
100039fc:	10007914 	.word	0x10007914

10003a00 <tud_descriptor_configuration_cb>:
10003a00:	4800      	ldr	r0, [pc, #0]	@ (10003a04 <tud_descriptor_configuration_cb+0x4>)
10003a02:	4770      	bx	lr
10003a04:	100078c0 	.word	0x100078c0

10003a08 <tud_descriptor_string_cb>:
10003a08:	b500      	push	{lr}
10003a0a:	4a1c      	ldr	r2, [pc, #112]	@ (10003a7c <tud_descriptor_string_cb+0x74>)
10003a0c:	4603      	mov	r3, r0
10003a0e:	7811      	ldrb	r1, [r2, #0]
10003a10:	b083      	sub	sp, #12
10003a12:	b331      	cbz	r1, 10003a62 <tud_descriptor_string_cb+0x5a>
10003a14:	b963      	cbnz	r3, 10003a30 <tud_descriptor_string_cb+0x28>
10003a16:	f240 4209 	movw	r2, #1033	@ 0x409
10003a1a:	f44f 7341 	mov.w	r3, #772	@ 0x304
10003a1e:	f8df c060 	ldr.w	ip, [pc, #96]	@ 10003a80 <tud_descriptor_string_cb+0x78>
10003a22:	f8ac 2002 	strh.w	r2, [ip, #2]
10003a26:	4816      	ldr	r0, [pc, #88]	@ (10003a80 <tud_descriptor_string_cb+0x78>)
10003a28:	f8ac 3000 	strh.w	r3, [ip]
10003a2c:	b003      	add	sp, #12
10003a2e:	bd00      	pop	{pc}
10003a30:	2b05      	cmp	r3, #5
10003a32:	d820      	bhi.n	10003a76 <tud_descriptor_string_cb+0x6e>
10003a34:	4a13      	ldr	r2, [pc, #76]	@ (10003a84 <tud_descriptor_string_cb+0x7c>)
10003a36:	f8df c048 	ldr.w	ip, [pc, #72]	@ 10003a80 <tud_descriptor_string_cb+0x78>
10003a3a:	f852 1023 	ldr.w	r1, [r2, r3, lsl #2]
10003a3e:	4660      	mov	r0, ip
10003a40:	2300      	movs	r3, #0
10003a42:	3901      	subs	r1, #1
10003a44:	e003      	b.n	10003a4e <tud_descriptor_string_cb+0x46>
10003a46:	2b13      	cmp	r3, #19
10003a48:	f820 2f02 	strh.w	r2, [r0, #2]!
10003a4c:	d010      	beq.n	10003a70 <tud_descriptor_string_cb+0x68>
10003a4e:	f811 2f01 	ldrb.w	r2, [r1, #1]!
10003a52:	3301      	adds	r3, #1
10003a54:	b2db      	uxtb	r3, r3
10003a56:	2a00      	cmp	r2, #0
10003a58:	d1f5      	bne.n	10003a46 <tud_descriptor_string_cb+0x3e>
10003a5a:	005b      	lsls	r3, r3, #1
10003a5c:	f443 7340 	orr.w	r3, r3, #768	@ 0x300
10003a60:	e7e1      	b.n	10003a26 <tud_descriptor_string_cb+0x1e>
10003a62:	9001      	str	r0, [sp, #4]
10003a64:	2111      	movs	r1, #17
10003a66:	4610      	mov	r0, r2
10003a68:	f000 f824 	bl	10003ab4 <pico_get_unique_board_id_string>
10003a6c:	9b01      	ldr	r3, [sp, #4]
10003a6e:	e7d1      	b.n	10003a14 <tud_descriptor_string_cb+0xc>
10003a70:	f44f 734a 	mov.w	r3, #808	@ 0x328
10003a74:	e7d7      	b.n	10003a26 <tud_descriptor_string_cb+0x1e>
10003a76:	2000      	movs	r0, #0
10003a78:	e7d8      	b.n	10003a2c <tud_descriptor_string_cb+0x24>
10003a7a:	bf00      	nop
10003a7c:	20001d3c 	.word	0x20001d3c
10003a80:	200018b4 	.word	0x200018b4
10003a84:	100078a8 	.word	0x100078a8

10003a88 <_retrieve_unique_id_on_boot>:
10003a88:	b500      	push	{lr}
10003a8a:	f245 3047 	movw	r0, #21319	@ 0x5347
10003a8e:	b08b      	sub	sp, #44	@ 0x2c
10003a90:	f7fd fd5a 	bl	10001548 <rom_func_lookup>
10003a94:	2201      	movs	r2, #1
10003a96:	4603      	mov	r3, r0
10003a98:	2109      	movs	r1, #9
10003a9a:	a801      	add	r0, sp, #4
10003a9c:	4798      	blx	r3
10003a9e:	e9dd 3203 	ldrd	r3, r2, [sp, #12]
10003aa2:	4903      	ldr	r1, [pc, #12]	@ (10003ab0 <_retrieve_unique_id_on_boot+0x28>)
10003aa4:	ba12      	rev	r2, r2
10003aa6:	ba1b      	rev	r3, r3
10003aa8:	e9c1 2300 	strd	r2, r3, [r1]
10003aac:	b00b      	add	sp, #44	@ 0x2c
10003aae:	bd00      	pop	{pc}
10003ab0:	20001d1c 	.word	0x20001d1c

10003ab4 <pico_get_unique_board_id_string>:
10003ab4:	2901      	cmp	r1, #1
10003ab6:	f000 80bb 	beq.w	10003c30 <pico_get_unique_board_id_string+0x17c>
10003aba:	4a61      	ldr	r2, [pc, #388]	@ (10003c40 <pico_get_unique_board_id_string+0x18c>)
10003abc:	3901      	subs	r1, #1
10003abe:	7813      	ldrb	r3, [r2, #0]
10003ac0:	ea4f 1c23 	mov.w	ip, r3, asr #4
10003ac4:	f1bc 0f09 	cmp.w	ip, #9
10003ac8:	bfcc      	ite	gt
10003aca:	f10c 0c37 	addgt.w	ip, ip, #55	@ 0x37
10003ace:	f10c 0c30 	addle.w	ip, ip, #48	@ 0x30
10003ad2:	2901      	cmp	r1, #1
10003ad4:	f880 c000 	strb.w	ip, [r0]
10003ad8:	f000 80ad 	beq.w	10003c36 <pico_get_unique_board_id_string+0x182>
10003adc:	f003 030f 	and.w	r3, r3, #15
10003ae0:	2b09      	cmp	r3, #9
10003ae2:	bf8c      	ite	hi
10003ae4:	3337      	addhi	r3, #55	@ 0x37
10003ae6:	3330      	addls	r3, #48	@ 0x30
10003ae8:	2902      	cmp	r1, #2
10003aea:	7043      	strb	r3, [r0, #1]
10003aec:	f000 80a3 	beq.w	10003c36 <pico_get_unique_board_id_string+0x182>
10003af0:	7853      	ldrb	r3, [r2, #1]
10003af2:	ea4f 1c23 	mov.w	ip, r3, asr #4
10003af6:	f1bc 0f09 	cmp.w	ip, #9
10003afa:	bfcc      	ite	gt
10003afc:	f10c 0c37 	addgt.w	ip, ip, #55	@ 0x37
10003b00:	f10c 0c30 	addle.w	ip, ip, #48	@ 0x30
10003b04:	2903      	cmp	r1, #3
10003b06:	f880 c002 	strb.w	ip, [r0, #2]
10003b0a:	f000 8094 	beq.w	10003c36 <pico_get_unique_board_id_string+0x182>
10003b0e:	f003 030f 	and.w	r3, r3, #15
10003b12:	2b09      	cmp	r3, #9
10003b14:	bf8c      	ite	hi
10003b16:	3337      	addhi	r3, #55	@ 0x37
10003b18:	3330      	addls	r3, #48	@ 0x30
10003b1a:	2904      	cmp	r1, #4
10003b1c:	70c3      	strb	r3, [r0, #3]
10003b1e:	f000 808a 	beq.w	10003c36 <pico_get_unique_board_id_string+0x182>
10003b22:	7893      	ldrb	r3, [r2, #2]
10003b24:	ea4f 1c23 	mov.w	ip, r3, asr #4
10003b28:	f1bc 0f09 	cmp.w	ip, #9
10003b2c:	bfcc      	ite	gt
10003b2e:	f10c 0c37 	addgt.w	ip, ip, #55	@ 0x37
10003b32:	f10c 0c30 	addle.w	ip, ip, #48	@ 0x30
10003b36:	2905      	cmp	r1, #5
10003b38:	f880 c004 	strb.w	ip, [r0, #4]
10003b3c:	d07b      	beq.n	10003c36 <pico_get_unique_board_id_string+0x182>
10003b3e:	f003 030f 	and.w	r3, r3, #15
10003b42:	2b09      	cmp	r3, #9
10003b44:	bf8c      	ite	hi
10003b46:	3337      	addhi	r3, #55	@ 0x37
10003b48:	3330      	addls	r3, #48	@ 0x30
10003b4a:	2906      	cmp	r1, #6
10003b4c:	7143      	strb	r3, [r0, #5]
10003b4e:	d072      	beq.n	10003c36 <pico_get_unique_board_id_string+0x182>
10003b50:	78d3      	ldrb	r3, [r2, #3]
10003b52:	ea4f 1c23 	mov.w	ip, r3, asr #4
10003b56:	f1bc 0f09 	cmp.w	ip, #9
10003b5a:	bfcc      	ite	gt
10003b5c:	f10c 0c37 	addgt.w	ip, ip, #55	@ 0x37
10003b60:	f10c 0c30 	addle.w	ip, ip, #48	@ 0x30
10003b64:	2907      	cmp	r1, #7
10003b66:	f880 c006 	strb.w	ip, [r0, #6]
10003b6a:	d064      	beq.n	10003c36 <pico_get_unique_board_id_string+0x182>
10003b6c:	f003 030f 	and.w	r3, r3, #15
10003b70:	2b09      	cmp	r3, #9
10003b72:	bf8c      	ite	hi
10003b74:	3337      	addhi	r3, #55	@ 0x37
10003b76:	3330      	addls	r3, #48	@ 0x30
10003b78:	2908      	cmp	r1, #8
10003b7a:	71c3      	strb	r3, [r0, #7]
10003b7c:	d05b      	beq.n	10003c36 <pico_get_unique_board_id_string+0x182>
10003b7e:	7913      	ldrb	r3, [r2, #4]
10003b80:	ea4f 1c23 	mov.w	ip, r3, asr #4
10003b84:	f1bc 0f09 	cmp.w	ip, #9
10003b88:	bfcc      	ite	gt
10003b8a:	f10c 0c37 	addgt.w	ip, ip, #55	@ 0x37
10003b8e:	f10c 0c30 	addle.w	ip, ip, #48	@ 0x30
10003b92:	2909      	cmp	r1, #9
10003b94:	f880 c008 	strb.w	ip, [r0, #8]
10003b98:	d04d      	beq.n	10003c36 <pico_get_unique_board_id_string+0x182>
10003b9a:	f003 030f 	and.w	r3, r3, #15
10003b9e:	2b09      	cmp	r3, #9
10003ba0:	bf8c      	ite	hi
10003ba2:	3337      	addhi	r3, #55	@ 0x37
10003ba4:	3330      	addls	r3, #48	@ 0x30
10003ba6:	290a      	cmp	r1, #10
10003ba8:	7243      	strb	r3, [r0, #9]
10003baa:	d044      	beq.n	10003c36 <pico_get_unique_board_id_string+0x182>
10003bac:	7953      	ldrb	r3, [r2, #5]
10003bae:	ea4f 1c23 	mov.w	ip, r3, asr #4
10003bb2:	f1bc 0f09 	cmp.w	ip, #9
10003bb6:	bfcc      	ite	gt
10003bb8:	f10c 0c37 	addgt.w	ip, ip, #55	@ 0x37
10003bbc:	f10c 0c30 	addle.w	ip, ip, #48	@ 0x30
10003bc0:	290b      	cmp	r1, #11
10003bc2:	f880 c00a 	strb.w	ip, [r0, #10]
10003bc6:	d036      	beq.n	10003c36 <pico_get_unique_board_id_string+0x182>
10003bc8:	f003 030f 	and.w	r3, r3, #15
10003bcc:	2b09      	cmp	r3, #9
10003bce:	bf8c      	ite	hi
10003bd0:	3337      	addhi	r3, #55	@ 0x37
10003bd2:	3330      	addls	r3, #48	@ 0x30
10003bd4:	290c      	cmp	r1, #12
10003bd6:	72c3      	strb	r3, [r0, #11]
10003bd8:	d02d      	beq.n	10003c36 <pico_get_unique_board_id_string+0x182>
10003bda:	7993      	ldrb	r3, [r2, #6]
10003bdc:	ea4f 1c23 	mov.w	ip, r3, asr #4
10003be0:	f1bc 0f09 	cmp.w	ip, #9
10003be4:	bfcc      	ite	gt
10003be6:	f10c 0c37 	addgt.w	ip, ip, #55	@ 0x37
10003bea:	f10c 0c30 	addle.w	ip, ip, #48	@ 0x30
10003bee:	290d      	cmp	r1, #13
10003bf0:	f880 c00c 	strb.w	ip, [r0, #12]
10003bf4:	d01f      	beq.n	10003c36 <pico_get_unique_board_id_string+0x182>
10003bf6:	f003 030f 	and.w	r3, r3, #15
10003bfa:	2b09      	cmp	r3, #9
10003bfc:	bf8c      	ite	hi
10003bfe:	3337      	addhi	r3, #55	@ 0x37
10003c00:	3330      	addls	r3, #48	@ 0x30
10003c02:	290e      	cmp	r1, #14
10003c04:	7343      	strb	r3, [r0, #13]
10003c06:	d016      	beq.n	10003c36 <pico_get_unique_board_id_string+0x182>
10003c08:	79d3      	ldrb	r3, [r2, #7]
10003c0a:	111a      	asrs	r2, r3, #4
10003c0c:	2a09      	cmp	r2, #9
10003c0e:	bfcc      	ite	gt
10003c10:	3237      	addgt	r2, #55	@ 0x37
10003c12:	3230      	addle	r2, #48	@ 0x30
10003c14:	290f      	cmp	r1, #15
10003c16:	7382      	strb	r2, [r0, #14]
10003c18:	d00d      	beq.n	10003c36 <pico_get_unique_board_id_string+0x182>
10003c1a:	f003 030f 	and.w	r3, r3, #15
10003c1e:	2b09      	cmp	r3, #9
10003c20:	bf94      	ite	ls
10003c22:	3330      	addls	r3, #48	@ 0x30
10003c24:	3337      	addhi	r3, #55	@ 0x37
10003c26:	2910      	cmp	r1, #16
10003c28:	73c3      	strb	r3, [r0, #15]
10003c2a:	bf18      	it	ne
10003c2c:	3010      	addne	r0, #16
10003c2e:	d002      	beq.n	10003c36 <pico_get_unique_board_id_string+0x182>
10003c30:	2300      	movs	r3, #0
10003c32:	7003      	strb	r3, [r0, #0]
10003c34:	4770      	bx	lr
10003c36:	2300      	movs	r3, #0
10003c38:	4408      	add	r0, r1
10003c3a:	7003      	strb	r3, [r0, #0]
10003c3c:	4770      	bx	lr
10003c3e:	bf00      	nop
10003c40:	20001d1c 	.word	0x20001d1c

10003c44 <usb_reset_interface_init>:
10003c44:	4770      	bx	lr
10003c46:	bf00      	nop

10003c48 <usb_reset_interface_reset>:
10003c48:	2200      	movs	r2, #0
10003c4a:	4b01      	ldr	r3, [pc, #4]	@ (10003c50 <usb_reset_interface_reset+0x8>)
10003c4c:	701a      	strb	r2, [r3, #0]
10003c4e:	4770      	bx	lr
10003c50:	20001d52 	.word	0x20001d52

10003c54 <usb_reset_interface_open>:
10003c54:	794b      	ldrb	r3, [r1, #5]
10003c56:	2bff      	cmp	r3, #255	@ 0xff
10003c58:	d10b      	bne.n	10003c72 <usb_reset_interface_open+0x1e>
10003c5a:	7988      	ldrb	r0, [r1, #6]
10003c5c:	b948      	cbnz	r0, 10003c72 <usb_reset_interface_open+0x1e>
10003c5e:	79cb      	ldrb	r3, [r1, #7]
10003c60:	2b01      	cmp	r3, #1
10003c62:	d107      	bne.n	10003c74 <usb_reset_interface_open+0x20>
10003c64:	2a08      	cmp	r2, #8
10003c66:	d905      	bls.n	10003c74 <usb_reset_interface_open+0x20>
10003c68:	4b03      	ldr	r3, [pc, #12]	@ (10003c78 <usb_reset_interface_open+0x24>)
10003c6a:	788a      	ldrb	r2, [r1, #2]
10003c6c:	2009      	movs	r0, #9
10003c6e:	701a      	strb	r2, [r3, #0]
10003c70:	4770      	bx	lr
10003c72:	2000      	movs	r0, #0
10003c74:	4770      	bx	lr
10003c76:	bf00      	nop
10003c78:	20001d52 	.word	0x20001d52

10003c7c <usb_reset_interface_xfer_cb>:
10003c7c:	2001      	movs	r0, #1
10003c7e:	4770      	bx	lr

10003c80 <usb_reset_interface_control_xfer_cb>:
10003c80:	2901      	cmp	r1, #1
10003c82:	d001      	beq.n	10003c88 <usb_reset_interface_control_xfer_cb+0x8>
10003c84:	2001      	movs	r0, #1
10003c86:	4770      	bx	lr
10003c88:	b508      	push	{r3, lr}
10003c8a:	4b10      	ldr	r3, [pc, #64]	@ (10003ccc <usb_reset_interface_control_xfer_cb+0x4c>)
10003c8c:	8891      	ldrh	r1, [r2, #4]
10003c8e:	781b      	ldrb	r3, [r3, #0]
10003c90:	4299      	cmp	r1, r3
10003c92:	d001      	beq.n	10003c98 <usb_reset_interface_control_xfer_cb+0x18>
10003c94:	2000      	movs	r0, #0
10003c96:	bd08      	pop	{r3, pc}
10003c98:	7853      	ldrb	r3, [r2, #1]
10003c9a:	2b01      	cmp	r3, #1
10003c9c:	d008      	beq.n	10003cb0 <usb_reset_interface_control_xfer_cb+0x30>
10003c9e:	2b02      	cmp	r3, #2
10003ca0:	d1f8      	bne.n	10003c94 <usb_reset_interface_control_xfer_cb+0x14>
10003ca2:	2100      	movs	r1, #0
10003ca4:	2264      	movs	r2, #100	@ 0x64
10003ca6:	4608      	mov	r0, r1
10003ca8:	f7fd fbce 	bl	10001448 <watchdog_reboot>
10003cac:	2001      	movs	r0, #1
10003cae:	bd08      	pop	{r3, pc}
10003cb0:	8851      	ldrh	r1, [r2, #2]
10003cb2:	f411 7280 	ands.w	r2, r1, #256	@ 0x100
10003cb6:	bf1a      	itte	ne
10003cb8:	f3c1 12c0 	ubfxne	r2, r1, #7, #1
10003cbc:	0a48      	lsrne	r0, r1, #9
10003cbe:	f04f 30ff 	moveq.w	r0, #4294967295	@ 0xffffffff
10003cc2:	f001 0103 	and.w	r1, r1, #3
10003cc6:	f7fd fc4b 	bl	10001560 <rom_reset_usb_boot_extra>
10003cca:	bf00      	nop
10003ccc:	20001d52 	.word	0x20001d52

10003cd0 <tud_descriptor_bos_cb>:
10003cd0:	4800      	ldr	r0, [pc, #0]	@ (10003cd4 <tud_descriptor_bos_cb+0x4>)
10003cd2:	4770      	bx	lr
10003cd4:	100079d0 	.word	0x100079d0

10003cd8 <tud_vendor_control_xfer_cb>:
10003cd8:	2901      	cmp	r1, #1
10003cda:	d107      	bne.n	10003cec <tud_vendor_control_xfer_cb+0x14>
10003cdc:	7853      	ldrb	r3, [r2, #1]
10003cde:	2b01      	cmp	r3, #1
10003ce0:	d102      	bne.n	10003ce8 <tud_vendor_control_xfer_cb+0x10>
10003ce2:	8893      	ldrh	r3, [r2, #4]
10003ce4:	2b07      	cmp	r3, #7
10003ce6:	d003      	beq.n	10003cf0 <tud_vendor_control_xfer_cb+0x18>
10003ce8:	2000      	movs	r0, #0
10003cea:	4770      	bx	lr
10003cec:	2001      	movs	r0, #1
10003cee:	4770      	bx	lr
10003cf0:	4611      	mov	r1, r2
10003cf2:	23a6      	movs	r3, #166	@ 0xa6
10003cf4:	4a01      	ldr	r2, [pc, #4]	@ (10003cfc <tud_vendor_control_xfer_cb+0x24>)
10003cf6:	f000 bf1f 	b.w	10004b38 <tud_control_xfer>
10003cfa:	bf00      	nop
10003cfc:	10007928 	.word	0x10007928

10003d00 <usbd_app_driver_get_cb>:
10003d00:	4603      	mov	r3, r0
10003d02:	2201      	movs	r2, #1
10003d04:	4801      	ldr	r0, [pc, #4]	@ (10003d0c <usbd_app_driver_get_cb+0xc>)
10003d06:	701a      	strb	r2, [r3, #0]
10003d08:	4770      	bx	lr
10003d0a:	bf00      	nop
10003d0c:	100079f4 	.word	0x100079f4

10003d10 <tud_cdc_line_coding_cb>:
10003d10:	b508      	push	{r3, lr}
10003d12:	680b      	ldr	r3, [r1, #0]
10003d14:	f5b3 6f96 	cmp.w	r3, #1200	@ 0x4b0
10003d18:	d000      	beq.n	10003d1c <tud_cdc_line_coding_cb+0xc>
10003d1a:	bd08      	pop	{r3, pc}
10003d1c:	2200      	movs	r2, #0
10003d1e:	f04f 30ff 	mov.w	r0, #4294967295	@ 0xffffffff
10003d22:	4611      	mov	r1, r2
10003d24:	f7fd fc1c 	bl	10001560 <rom_reset_usb_boot_extra>

10003d28 <dcd_init>:
10003d28:	b510      	push	{r4, lr}
10003d2a:	f000 f92d 	bl	10003f88 <rp2040_usb_init>
10003d2e:	230c      	movs	r3, #12
10003d30:	4c1c      	ldr	r4, [pc, #112]	@ (10003da4 <dcd_init+0x7c>)
10003d32:	22ff      	movs	r2, #255	@ 0xff
10003d34:	67a3      	str	r3, [r4, #120]	@ 0x78
10003d36:	200e      	movs	r0, #14
10003d38:	491b      	ldr	r1, [pc, #108]	@ (10003da8 <dcd_init+0x80>)
10003d3a:	f7fc fc87 	bl	1000064c <irq_add_shared_handler>
10003d3e:	2240      	movs	r2, #64	@ 0x40
10003d40:	2100      	movs	r1, #0
10003d42:	481a      	ldr	r0, [pc, #104]	@ (10003dac <dcd_init+0x84>)
10003d44:	f003 fbdc 	bl	10007500 <__memset_veneer>
10003d48:	f04f 0c80 	mov.w	ip, #128	@ 0x80
10003d4c:	2001      	movs	r0, #1
10003d4e:	4a17      	ldr	r2, [pc, #92]	@ (10003dac <dcd_init+0x84>)
10003d50:	2300      	movs	r3, #0
10003d52:	f8a2 c022 	strh.w	ip, [r2, #34]	@ 0x22
10003d56:	7050      	strb	r0, [r2, #1]
10003d58:	4610      	mov	r0, r2
10003d5a:	2240      	movs	r2, #64	@ 0x40
10003d5c:	4914      	ldr	r1, [pc, #80]	@ (10003db0 <dcd_init+0x88>)
10003d5e:	8302      	strh	r2, [r0, #24]
10003d60:	8702      	strh	r2, [r0, #56]	@ 0x38
10003d62:	4a14      	ldr	r2, [pc, #80]	@ (10003db4 <dcd_init+0x8c>)
10003d64:	6081      	str	r1, [r0, #8]
10003d66:	6043      	str	r3, [r0, #4]
10003d68:	f8c2 3084 	str.w	r3, [r2, #132]	@ 0x84
10003d6c:	f8c2 3080 	str.w	r3, [r2, #128]	@ 0x80
10003d70:	f880 3021 	strb.w	r3, [r0, #33]	@ 0x21
10003d74:	f880 303b 	strb.w	r3, [r0, #59]	@ 0x3b
10003d78:	6243      	str	r3, [r0, #36]	@ 0x24
10003d7a:	4b0f      	ldr	r3, [pc, #60]	@ (10003db8 <dcd_init+0x90>)
10003d7c:	60c3      	str	r3, [r0, #12]
10003d7e:	62c3      	str	r3, [r0, #44]	@ 0x2c
10003d80:	3b80      	subs	r3, #128	@ 0x80
10003d82:	6283      	str	r3, [r0, #40]	@ 0x28
10003d84:	f003 fbac 	bl	100074e0 <__reset_non_control_endpoints_veneer>
10003d88:	f04f 5c00 	mov.w	ip, #536870912	@ 0x20000000
10003d8c:	f44f 3280 	mov.w	r2, #65536	@ 0x10000
10003d90:	2001      	movs	r0, #1
10003d92:	490a      	ldr	r1, [pc, #40]	@ (10003dbc <dcd_init+0x94>)
10003d94:	4b0a      	ldr	r3, [pc, #40]	@ (10003dc0 <dcd_init+0x98>)
10003d96:	6420      	str	r0, [r4, #64]	@ 0x40
10003d98:	f8c4 c04c 	str.w	ip, [r4, #76]	@ 0x4c
10003d9c:	f8c4 1090 	str.w	r1, [r4, #144]	@ 0x90
10003da0:	64da      	str	r2, [r3, #76]	@ 0x4c
10003da2:	bd10      	pop	{r4, pc}
10003da4:	50110000 	.word	0x50110000
10003da8:	20000399 	.word	0x20000399
10003dac:	200018e8 	.word	0x200018e8
10003db0:	50100084 	.word	0x50100084
10003db4:	50100000 	.word	0x50100000
10003db8:	50100100 	.word	0x50100100
10003dbc:	0001d010 	.word	0x0001d010
10003dc0:	50112000 	.word	0x50112000

10003dc4 <dcd_int_enable>:
10003dc4:	2101      	movs	r1, #1
10003dc6:	200e      	movs	r0, #14
10003dc8:	f7fc bbcc 	b.w	10000564 <irq_set_enabled>

10003dcc <dcd_set_address>:
10003dcc:	2200      	movs	r2, #0
10003dce:	4802      	ldr	r0, [pc, #8]	@ (10003dd8 <dcd_set_address+0xc>)
10003dd0:	4611      	mov	r1, r2
10003dd2:	f000 b8f9 	b.w	10003fc8 <hw_endpoint_xfer_start>
10003dd6:	bf00      	nop
10003dd8:	20001908 	.word	0x20001908

10003ddc <dcd_sof_enable>:
10003ddc:	4b04      	ldr	r3, [pc, #16]	@ (10003df0 <dcd_sof_enable+0x14>)
10003dde:	7019      	strb	r1, [r3, #0]
10003de0:	b121      	cbz	r1, 10003dec <dcd_sof_enable+0x10>
10003de2:	f44f 3200 	mov.w	r2, #131072	@ 0x20000
10003de6:	4b03      	ldr	r3, [pc, #12]	@ (10003df4 <dcd_sof_enable+0x18>)
10003de8:	f8c3 2090 	str.w	r2, [r3, #144]	@ 0x90
10003dec:	4770      	bx	lr
10003dee:	bf00      	nop
10003df0:	20001d4e 	.word	0x20001d4e
10003df4:	50112000 	.word	0x50112000

10003df8 <dcd_edpt0_status_complete>:
10003df8:	780b      	ldrb	r3, [r1, #0]
10003dfa:	065b      	lsls	r3, r3, #25
10003dfc:	d000      	beq.n	10003e00 <dcd_edpt0_status_complete+0x8>
10003dfe:	4770      	bx	lr
10003e00:	784b      	ldrb	r3, [r1, #1]
10003e02:	2b05      	cmp	r3, #5
10003e04:	d1fb      	bne.n	10003dfe <dcd_edpt0_status_complete+0x6>
10003e06:	884b      	ldrh	r3, [r1, #2]
10003e08:	4a01      	ldr	r2, [pc, #4]	@ (10003e10 <dcd_edpt0_status_complete+0x18>)
10003e0a:	b2db      	uxtb	r3, r3
10003e0c:	6013      	str	r3, [r2, #0]
10003e0e:	e7f6      	b.n	10003dfe <dcd_edpt0_status_complete+0x6>
10003e10:	50110000 	.word	0x50110000

10003e14 <dcd_edpt_open>:
10003e14:	78cb      	ldrb	r3, [r1, #3]
10003e16:	e92d 41f0 	stmdb	sp!, {r4, r5, r6, r7, r8, lr}
10003e1a:	f003 0e03 	and.w	lr, r3, #3
10003e1e:	f1be 0f01 	cmp.w	lr, #1
10003e22:	f3c3 0001 	ubfx	r0, r3, #0, #2
10003e26:	d057      	beq.n	10003ed8 <dcd_edpt_open+0xc4>
10003e28:	2600      	movs	r6, #0
10003e2a:	788c      	ldrb	r4, [r1, #2]
10003e2c:	f8df c0d4 	ldr.w	ip, [pc, #212]	@ 10003f04 <dcd_edpt_open+0xf0>
10003e30:	f004 027f 	and.w	r2, r4, #127	@ 0x7f
10003e34:	0053      	lsls	r3, r2, #1
10003e36:	8889      	ldrh	r1, [r1, #4]
10003e38:	4698      	mov	r8, r3
10003e3a:	eb03 13d4 	add.w	r3, r3, r4, lsr #7
10003e3e:	eb0c 1343 	add.w	r3, ip, r3, lsl #5
10003e42:	09e5      	lsrs	r5, r4, #7
10003e44:	76d8      	strb	r0, [r3, #27]
10003e46:	f3c1 010a 	ubfx	r1, r1, #0, #11
10003e4a:	f085 0001 	eor.w	r0, r5, #1
10003e4e:	709c      	strb	r4, [r3, #2]
10003e50:	8319      	strh	r1, [r3, #24]
10003e52:	7058      	strb	r0, [r3, #1]
10003e54:	70de      	strb	r6, [r3, #3]
10003e56:	00d3      	lsls	r3, r2, #3
10003e58:	bb6d      	cbnz	r5, 10003eb6 <dcd_edpt_open+0xa2>
10003e5a:	4825      	ldr	r0, [pc, #148]	@ (10003ef0 <dcd_edpt_open+0xdc>)
10003e5c:	3304      	adds	r3, #4
10003e5e:	eb0c 1482 	add.w	r4, ip, r2, lsl #6
10003e62:	181f      	adds	r7, r3, r0
10003e64:	60a7      	str	r7, [r4, #8]
10003e66:	501e      	str	r6, [r3, r0]
10003e68:	b36a      	cbz	r2, 10003ec6 <dcd_edpt_open+0xb2>
10003e6a:	4b22      	ldr	r3, [pc, #136]	@ (10003ef4 <dcd_edpt_open+0xe0>)
10003e6c:	eb03 03c2 	add.w	r3, r3, r2, lsl #3
10003e70:	6063      	str	r3, [r4, #4]
10003e72:	313f      	adds	r1, #63	@ 0x3f
10003e74:	0989      	lsrs	r1, r1, #6
10003e76:	f1be 0f02 	cmp.w	lr, #2
10003e7a:	bf14      	ite	ne
10003e7c:	018b      	lslne	r3, r1, #6
10003e7e:	01cb      	lsleq	r3, r1, #7
10003e80:	491d      	ldr	r1, [pc, #116]	@ (10003ef8 <dcd_edpt_open+0xe4>)
10003e82:	eb08 0205 	add.w	r2, r8, r5
10003e86:	eb0c 1c42 	add.w	ip, ip, r2, lsl #5
10003e8a:	680a      	ldr	r2, [r1, #0]
10003e8c:	481b      	ldr	r0, [pc, #108]	@ (10003efc <dcd_edpt_open+0xe8>)
10003e8e:	4413      	add	r3, r2
10003e90:	4283      	cmp	r3, r0
10003e92:	600b      	str	r3, [r1, #0]
10003e94:	f8cc 200c 	str.w	r2, [ip, #12]
10003e98:	d828      	bhi.n	10003eec <dcd_edpt_open+0xd8>
10003e9a:	f082 43a0 	eor.w	r3, r2, #1342177280	@ 0x50000000
10003e9e:	f483 1380 	eor.w	r3, r3, #1048576	@ 0x100000
10003ea2:	f8dc 2004 	ldr.w	r2, [ip, #4]
10003ea6:	ea43 638e 	orr.w	r3, r3, lr, lsl #26
10003eaa:	f043 4300 	orr.w	r3, r3, #2147483648	@ 0x80000000
10003eae:	6013      	str	r3, [r2, #0]
10003eb0:	2001      	movs	r0, #1
10003eb2:	e8bd 81f0 	ldmia.w	sp!, {r4, r5, r6, r7, r8, pc}
10003eb6:	480e      	ldr	r0, [pc, #56]	@ (10003ef0 <dcd_edpt_open+0xdc>)
10003eb8:	eb0c 1482 	add.w	r4, ip, r2, lsl #6
10003ebc:	4403      	add	r3, r0
10003ebe:	62a3      	str	r3, [r4, #40]	@ 0x28
10003ec0:	f840 6032 	str.w	r6, [r0, r2, lsl #3]
10003ec4:	b95a      	cbnz	r2, 10003ede <dcd_edpt_open+0xca>
10003ec6:	4613      	mov	r3, r2
10003ec8:	4a0d      	ldr	r2, [pc, #52]	@ (10003f00 <dcd_edpt_open+0xec>)
10003eca:	eb0c 1c45 	add.w	ip, ip, r5, lsl #5
10003ece:	f8cc 200c 	str.w	r2, [ip, #12]
10003ed2:	f8cc 3004 	str.w	r3, [ip, #4]
10003ed6:	e7eb      	b.n	10003eb0 <dcd_edpt_open+0x9c>
10003ed8:	2000      	movs	r0, #0
10003eda:	e8bd 81f0 	ldmia.w	sp!, {r4, r5, r6, r7, r8, pc}
10003ede:	00d2      	lsls	r2, r2, #3
10003ee0:	f102 42a0 	add.w	r2, r2, #1342177280	@ 0x50000000
10003ee4:	f502 1280 	add.w	r2, r2, #1048576	@ 0x100000
10003ee8:	6262      	str	r2, [r4, #36]	@ 0x24
10003eea:	e7c2      	b.n	10003e72 <dcd_edpt_open+0x5e>
10003eec:	f7fd fb82 	bl	100015f4 <hard_assertion_failure>
10003ef0:	50100080 	.word	0x50100080
10003ef4:	50100004 	.word	0x50100004
10003ef8:	20001cf0 	.word	0x20001cf0
10003efc:	50100fff 	.word	0x50100fff
10003f00:	50100100 	.word	0x50100100
10003f04:	200018e8 	.word	0x200018e8

10003f08 <dcd_edpt_close_all>:
10003f08:	f003 baea 	b.w	100074e0 <__reset_non_control_endpoints_veneer>

10003f0c <dcd_edpt_xfer>:
10003f0c:	b508      	push	{r3, lr}
10003f0e:	4696      	mov	lr, r2
10003f10:	f8df c01c 	ldr.w	ip, [pc, #28]	@ 10003f30 <dcd_edpt_xfer+0x24>
10003f14:	f001 027f 	and.w	r2, r1, #127	@ 0x7f
10003f18:	09c8      	lsrs	r0, r1, #7
10003f1a:	eb00 0042 	add.w	r0, r0, r2, lsl #1
10003f1e:	eb0c 1040 	add.w	r0, ip, r0, lsl #5
10003f22:	461a      	mov	r2, r3
10003f24:	4671      	mov	r1, lr
10003f26:	f000 f84f 	bl	10003fc8 <hw_endpoint_xfer_start>
10003f2a:	2001      	movs	r0, #1
10003f2c:	bd08      	pop	{r3, pc}
10003f2e:	bf00      	nop
10003f30:	200018e8 	.word	0x200018e8

10003f34 <dcd_edpt_stall>:
10003f34:	f011 027f 	ands.w	r2, r1, #127	@ 0x7f
10003f38:	d105      	bne.n	10003f46 <dcd_edpt_stall+0x12>
10003f3a:	2900      	cmp	r1, #0
10003f3c:	bf0c      	ite	eq
10003f3e:	2002      	moveq	r0, #2
10003f40:	2001      	movne	r0, #1
10003f42:	4b06      	ldr	r3, [pc, #24]	@ (10003f5c <dcd_edpt_stall+0x28>)
10003f44:	6698      	str	r0, [r3, #104]	@ 0x68
10003f46:	09c9      	lsrs	r1, r1, #7
10003f48:	4b05      	ldr	r3, [pc, #20]	@ (10003f60 <dcd_edpt_stall+0x2c>)
10003f4a:	eb01 0042 	add.w	r0, r1, r2, lsl #1
10003f4e:	eb03 1040 	add.w	r0, r3, r0, lsl #5
10003f52:	f44f 6200 	mov.w	r2, #2048	@ 0x800
10003f56:	2100      	movs	r1, #0
10003f58:	f003 baba 	b.w	100074d0 <___hw_endpoint_buffer_control_update32_veneer>
10003f5c:	50112000 	.word	0x50112000
10003f60:	200018e8 	.word	0x200018e8

10003f64 <dcd_edpt_clear_stall>:
10003f64:	f011 037f 	ands.w	r3, r1, #127	@ 0x7f
10003f68:	d100      	bne.n	10003f6c <dcd_edpt_clear_stall+0x8>
10003f6a:	4770      	bx	lr
10003f6c:	2200      	movs	r2, #0
10003f6e:	4805      	ldr	r0, [pc, #20]	@ (10003f84 <dcd_edpt_clear_stall+0x20>)
10003f70:	005b      	lsls	r3, r3, #1
10003f72:	eb03 13d1 	add.w	r3, r3, r1, lsr #7
10003f76:	eb00 1043 	add.w	r0, r0, r3, lsl #5
10003f7a:	f46f 6100 	mvn.w	r1, #2048	@ 0x800
10003f7e:	70c2      	strb	r2, [r0, #3]
10003f80:	f003 baa6 	b.w	100074d0 <___hw_endpoint_buffer_control_update32_veneer>
10003f84:	200018e8 	.word	0x200018e8

10003f88 <rp2040_usb_init>:
10003f88:	f04f 5280 	mov.w	r2, #268435456	@ 0x10000000
10003f8c:	4809      	ldr	r0, [pc, #36]	@ (10003fb4 <rp2040_usb_init+0x2c>)
10003f8e:	490a      	ldr	r1, [pc, #40]	@ (10003fb8 <rp2040_usb_init+0x30>)
10003f90:	b508      	push	{r3, lr}
10003f92:	4b0a      	ldr	r3, [pc, #40]	@ (10003fbc <rp2040_usb_init+0x34>)
10003f94:	6002      	str	r2, [r0, #0]
10003f96:	600a      	str	r2, [r1, #0]
10003f98:	6899      	ldr	r1, [r3, #8]
10003f9a:	43c9      	mvns	r1, r1
10003f9c:	f011 5180 	ands.w	r1, r1, #268435456	@ 0x10000000
10003fa0:	d1fa      	bne.n	10003f98 <rp2040_usb_init+0x10>
10003fa2:	f44f 5280 	mov.w	r2, #4096	@ 0x1000
10003fa6:	4806      	ldr	r0, [pc, #24]	@ (10003fc0 <rp2040_usb_init+0x38>)
10003fa8:	f003 faaa 	bl	10007500 <__memset_veneer>
10003fac:	2209      	movs	r2, #9
10003fae:	4b05      	ldr	r3, [pc, #20]	@ (10003fc4 <rp2040_usb_init+0x3c>)
10003fb0:	675a      	str	r2, [r3, #116]	@ 0x74
10003fb2:	bd08      	pop	{r3, pc}
10003fb4:	40022000 	.word	0x40022000
10003fb8:	40023000 	.word	0x40023000
10003fbc:	40020000 	.word	0x40020000
10003fc0:	50100000 	.word	0x50100000
10003fc4:	50110000 	.word	0x50110000

10003fc8 <hw_endpoint_xfer_start>:
10003fc8:	2300      	movs	r3, #0
10003fca:	f04f 0c01 	mov.w	ip, #1
10003fce:	b510      	push	{r4, lr}
10003fd0:	6101      	str	r1, [r0, #16]
10003fd2:	f880 c01a 	strb.w	ip, [r0, #26]
10003fd6:	8282      	strh	r2, [r0, #20]
10003fd8:	82c3      	strh	r3, [r0, #22]
10003fda:	4604      	mov	r4, r0
10003fdc:	f003 fa7c 	bl	100074d8 <__e15_is_bulkin_ep_veneer>
10003fe0:	b120      	cbz	r0, 10003fec <hw_endpoint_xfer_start+0x24>
10003fe2:	f44f 3200 	mov.w	r2, #131072	@ 0x20000
10003fe6:	4b07      	ldr	r3, [pc, #28]	@ (10004004 <hw_endpoint_xfer_start+0x3c>)
10003fe8:	f8c3 2090 	str.w	r2, [r3, #144]	@ 0x90
10003fec:	4620      	mov	r0, r4
10003fee:	f003 fa93 	bl	10007518 <__e15_is_critical_frame_period_veneer>
10003ff2:	b110      	cbz	r0, 10003ffa <hw_endpoint_xfer_start+0x32>
10003ff4:	2301      	movs	r3, #1
10003ff6:	7723      	strb	r3, [r4, #28]
10003ff8:	bd10      	pop	{r4, pc}
10003ffa:	4620      	mov	r0, r4
10003ffc:	e8bd 4010 	ldmia.w	sp!, {r4, lr}
10004000:	f003 ba86 	b.w	10007510 <__hw_endpoint_start_next_buffer_veneer>
10004004:	50112000 	.word	0x50112000

10004008 <configuration_reset>:
10004008:	e92d 41f0 	stmdb	sp!, {r4, r5, r6, r7, r8, lr}
1000400c:	f04f 0800 	mov.w	r8, #0
10004010:	4c1b      	ldr	r4, [pc, #108]	@ (10004080 <configuration_reset+0x78>)
10004012:	4605      	mov	r5, r0
10004014:	4642      	mov	r2, r8
10004016:	7823      	ldrb	r3, [r4, #0]
10004018:	4f1a      	ldr	r7, [pc, #104]	@ (10004084 <configuration_reset+0x7c>)
1000401a:	4e1b      	ldr	r6, [pc, #108]	@ (10004088 <configuration_reset+0x80>)
1000401c:	e00d      	b.n	1000403a <configuration_reset+0x32>
1000401e:	6833      	ldr	r3, [r6, #0]
10004020:	eb13 1342 	adds.w	r3, r3, r2, lsl #5
10004024:	d023      	beq.n	1000406e <configuration_reset+0x66>
10004026:	68db      	ldr	r3, [r3, #12]
10004028:	4628      	mov	r0, r5
1000402a:	4798      	blx	r3
1000402c:	f108 0801 	add.w	r8, r8, #1
10004030:	7823      	ldrb	r3, [r4, #0]
10004032:	fa5f f288 	uxtb.w	r2, r8
10004036:	4293      	cmp	r3, r2
10004038:	d306      	bcc.n	10004048 <configuration_reset+0x40>
1000403a:	4293      	cmp	r3, r2
1000403c:	eba2 0303 	sub.w	r3, r2, r3
10004040:	d8ed      	bhi.n	1000401e <configuration_reset+0x16>
10004042:	eb07 1343 	add.w	r3, r7, r3, lsl #5
10004046:	e7ee      	b.n	10004026 <configuration_reset+0x1e>
10004048:	2254      	movs	r2, #84	@ 0x54
1000404a:	2100      	movs	r1, #0
1000404c:	480f      	ldr	r0, [pc, #60]	@ (1000408c <configuration_reset+0x84>)
1000404e:	f003 fa57 	bl	10007500 <__memset_veneer>
10004052:	f04f 33ff 	mov.w	r3, #4294967295	@ 0xffffffff
10004056:	4c0d      	ldr	r4, [pc, #52]	@ (1000408c <configuration_reset+0x84>)
10004058:	2220      	movs	r2, #32
1000405a:	e9c4 3301 	strd	r3, r3, [r4, #4]
1000405e:	e9c4 3303 	strd	r3, r3, [r4, #12]
10004062:	21ff      	movs	r1, #255	@ 0xff
10004064:	e8bd 41f0 	ldmia.w	sp!, {r4, r5, r6, r7, r8, lr}
10004068:	4809      	ldr	r0, [pc, #36]	@ (10004090 <configuration_reset+0x88>)
1000406a:	f003 ba49 	b.w	10007500 <__memset_veneer>
1000406e:	f04f 23e0 	mov.w	r3, #3758153728	@ 0xe000e000
10004072:	f8d3 3df0 	ldr.w	r3, [r3, #3568]	@ 0xdf0
10004076:	07db      	lsls	r3, r3, #31
10004078:	d500      	bpl.n	1000407c <configuration_reset+0x74>
1000407a:	be00      	bkpt	0x0000
1000407c:	e8bd 81f0 	ldmia.w	sp!, {r4, r5, r6, r7, r8, pc}
10004080:	20001d4d 	.word	0x20001d4d
10004084:	10007a14 	.word	0x10007a14
10004088:	20001658 	.word	0x20001658
1000408c:	20001760 	.word	0x20001760
10004090:	20001774 	.word	0x20001774

10004094 <tud_event_hook_cb>:
10004094:	4770      	bx	lr
10004096:	bf00      	nop

10004098 <tud_sof_cb>:
10004098:	4770      	bx	lr
1000409a:	bf00      	nop

1000409c <tud_descriptor_device_qualifier_cb>:
1000409c:	2000      	movs	r0, #0
1000409e:	4770      	bx	lr

100040a0 <tud_descriptor_other_speed_configuration_cb>:
100040a0:	2000      	movs	r0, #0
100040a2:	4770      	bx	lr

100040a4 <tud_mount_cb>:
100040a4:	4770      	bx	lr
100040a6:	bf00      	nop

100040a8 <tud_umount_cb>:
100040a8:	4770      	bx	lr
100040aa:	bf00      	nop

100040ac <tud_suspend_cb>:
100040ac:	4770      	bx	lr
100040ae:	bf00      	nop

100040b0 <tud_resume_cb>:
100040b0:	4770      	bx	lr
100040b2:	bf00      	nop

100040b4 <tud_mounted>:
100040b4:	4b02      	ldr	r3, [pc, #8]	@ (100040c0 <tud_mounted+0xc>)
100040b6:	7858      	ldrb	r0, [r3, #1]
100040b8:	3800      	subs	r0, #0
100040ba:	bf18      	it	ne
100040bc:	2001      	movne	r0, #1
100040be:	4770      	bx	lr
100040c0:	20001760 	.word	0x20001760

100040c4 <tud_suspended>:
100040c4:	4b02      	ldr	r3, [pc, #8]	@ (100040d0 <tud_suspended+0xc>)
100040c6:	7818      	ldrb	r0, [r3, #0]
100040c8:	f3c0 0080 	ubfx	r0, r0, #2, #1
100040cc:	4770      	bx	lr
100040ce:	bf00      	nop
100040d0:	20001760 	.word	0x20001760

100040d4 <tud_rhport_init>:
100040d4:	e92d 47f0 	stmdb	sp!, {r4, r5, r6, r7, r8, r9, sl, lr}
100040d8:	4f2d      	ldr	r7, [pc, #180]	@ (10004190 <tud_rhport_init+0xbc>)
100040da:	783b      	ldrb	r3, [r7, #0]
100040dc:	2bff      	cmp	r3, #255	@ 0xff
100040de:	d154      	bne.n	1000418a <tud_rhport_init+0xb6>
100040e0:	2900      	cmp	r1, #0
100040e2:	d03d      	beq.n	10004160 <tud_rhport_init+0x8c>
100040e4:	2254      	movs	r2, #84	@ 0x54
100040e6:	468a      	mov	sl, r1
100040e8:	4681      	mov	r9, r0
100040ea:	2100      	movs	r1, #0
100040ec:	4829      	ldr	r0, [pc, #164]	@ (10004194 <tud_rhport_init+0xc0>)
100040ee:	f003 fa07 	bl	10007500 <__memset_veneer>
100040f2:	2200      	movs	r2, #0
100040f4:	4c28      	ldr	r4, [pc, #160]	@ (10004198 <tud_rhport_init+0xc4>)
100040f6:	4b29      	ldr	r3, [pc, #164]	@ (1000419c <tud_rhport_init+0xc8>)
100040f8:	4620      	mov	r0, r4
100040fa:	701a      	strb	r2, [r3, #0]
100040fc:	f7fc fc3c 	bl	10000978 <mutex_init>
10004100:	4b27      	ldr	r3, [pc, #156]	@ (100041a0 <tud_rhport_init+0xcc>)
10004102:	4828      	ldr	r0, [pc, #160]	@ (100041a4 <tud_rhport_init+0xd0>)
10004104:	601c      	str	r4, [r3, #0]
10004106:	4c28      	ldr	r4, [pc, #160]	@ (100041a8 <tud_rhport_init+0xd4>)
10004108:	f7fc fc44 	bl	10000994 <critical_section_init>
1000410c:	4620      	mov	r0, r4
1000410e:	f001 fbdd 	bl	100058cc <tu_fifo_clear>
10004112:	4a26      	ldr	r2, [pc, #152]	@ (100041ac <tud_rhport_init+0xd8>)
10004114:	4b26      	ldr	r3, [pc, #152]	@ (100041b0 <tud_rhport_init+0xdc>)
10004116:	6014      	str	r4, [r2, #0]
10004118:	b123      	cbz	r3, 10004124 <tud_rhport_init+0x50>
1000411a:	4826      	ldr	r0, [pc, #152]	@ (100041b4 <tud_rhport_init+0xe0>)
1000411c:	f7ff fdf0 	bl	10003d00 <usbd_app_driver_get_cb>
10004120:	4b25      	ldr	r3, [pc, #148]	@ (100041b8 <tud_rhport_init+0xe4>)
10004122:	6018      	str	r0, [r3, #0]
10004124:	f04f 0800 	mov.w	r8, #0
10004128:	4c22      	ldr	r4, [pc, #136]	@ (100041b4 <tud_rhport_init+0xe0>)
1000412a:	4643      	mov	r3, r8
1000412c:	7822      	ldrb	r2, [r4, #0]
1000412e:	4e23      	ldr	r6, [pc, #140]	@ (100041bc <tud_rhport_init+0xe8>)
10004130:	4d21      	ldr	r5, [pc, #132]	@ (100041b8 <tud_rhport_init+0xe4>)
10004132:	e00d      	b.n	10004150 <tud_rhport_init+0x7c>
10004134:	682a      	ldr	r2, [r5, #0]
10004136:	eb12 1343 	adds.w	r3, r2, r3, lsl #5
1000413a:	d011      	beq.n	10004160 <tud_rhport_init+0x8c>
1000413c:	685b      	ldr	r3, [r3, #4]
1000413e:	b17b      	cbz	r3, 10004160 <tud_rhport_init+0x8c>
10004140:	4798      	blx	r3
10004142:	f108 0801 	add.w	r8, r8, #1
10004146:	7822      	ldrb	r2, [r4, #0]
10004148:	fa5f f388 	uxtb.w	r3, r8
1000414c:	4293      	cmp	r3, r2
1000414e:	d811      	bhi.n	10004174 <tud_rhport_init+0xa0>
10004150:	4293      	cmp	r3, r2
10004152:	d3ef      	bcc.n	10004134 <tud_rhport_init+0x60>
10004154:	1a9b      	subs	r3, r3, r2
10004156:	eb06 1343 	add.w	r3, r6, r3, lsl #5
1000415a:	685b      	ldr	r3, [r3, #4]
1000415c:	2b00      	cmp	r3, #0
1000415e:	d1ef      	bne.n	10004140 <tud_rhport_init+0x6c>
10004160:	f04f 23e0 	mov.w	r3, #3758153728	@ 0xe000e000
10004164:	f8d3 3df0 	ldr.w	r3, [r3, #3568]	@ 0xdf0
10004168:	07db      	lsls	r3, r3, #31
1000416a:	d500      	bpl.n	1000416e <tud_rhport_init+0x9a>
1000416c:	be00      	bkpt	0x0000
1000416e:	2000      	movs	r0, #0
10004170:	e8bd 87f0 	ldmia.w	sp!, {r4, r5, r6, r7, r8, r9, sl, pc}
10004174:	4651      	mov	r1, sl
10004176:	4648      	mov	r0, r9
10004178:	f887 9000 	strb.w	r9, [r7]
1000417c:	f7ff fdd4 	bl	10003d28 <dcd_init>
10004180:	2800      	cmp	r0, #0
10004182:	d0ed      	beq.n	10004160 <tud_rhport_init+0x8c>
10004184:	4648      	mov	r0, r9
10004186:	f7ff fe1d 	bl	10003dc4 <dcd_int_enable>
1000418a:	2001      	movs	r0, #1
1000418c:	e8bd 87f0 	ldmia.w	sp!, {r4, r5, r6, r7, r8, r9, sl, pc}
10004190:	200013fc 	.word	0x200013fc
10004194:	20001760 	.word	0x20001760
10004198:	20001758 	.word	0x20001758
1000419c:	20001d4f 	.word	0x20001d4f
100041a0:	200017b4 	.word	0x200017b4
100041a4:	200013f4 	.word	0x200013f4
100041a8:	200013e0 	.word	0x200013e0
100041ac:	200017b8 	.word	0x200017b8
100041b0:	10003d01 	.word	0x10003d01
100041b4:	20001d4d 	.word	0x20001d4d
100041b8:	20001658 	.word	0x20001658
100041bc:	10007a14 	.word	0x10007a14

100041c0 <tud_task_ext>:
100041c0:	4ba4      	ldr	r3, [pc, #656]	@ (10004454 <tud_task_ext+0x294>)
100041c2:	781b      	ldrb	r3, [r3, #0]
100041c4:	2bff      	cmp	r3, #255	@ 0xff
100041c6:	f000 8112 	beq.w	100043ee <tud_task_ext+0x22e>
100041ca:	e92d 4ff0 	stmdb	sp!, {r4, r5, r6, r7, r8, r9, sl, fp, lr}
100041ce:	4ca2      	ldr	r4, [pc, #648]	@ (10004458 <tud_task_ext+0x298>)
100041d0:	4da2      	ldr	r5, [pc, #648]	@ (1000445c <tud_task_ext+0x29c>)
100041d2:	f8df 829c 	ldr.w	r8, [pc, #668]	@ 10004470 <tud_task_ext+0x2b0>
100041d6:	4ea2      	ldr	r6, [pc, #648]	@ (10004460 <tud_task_ext+0x2a0>)
100041d8:	b08b      	sub	sp, #44	@ 0x2c
100041da:	6827      	ldr	r7, [r4, #0]
100041dc:	697b      	ldr	r3, [r7, #20]
100041de:	f3ef 8210 	mrs	r2, PRIMASK
100041e2:	b672      	cpsid	i
100041e4:	e8d3 0fcf 	ldaexb	r0, [r3]
100041e8:	2101      	movs	r1, #1
100041ea:	2800      	cmp	r0, #0
100041ec:	d1fa      	bne.n	100041e4 <tud_task_ext+0x24>
100041ee:	e8c3 1f40 	strexb	r0, r1, [r3]
100041f2:	2800      	cmp	r0, #0
100041f4:	d1f6      	bne.n	100041e4 <tud_task_ext+0x24>
100041f6:	f3bf 8f5f 	dmb	sy
100041fa:	61ba      	str	r2, [r7, #24]
100041fc:	4638      	mov	r0, r7
100041fe:	a907      	add	r1, sp, #28
10004200:	f001 f9aa 	bl	10005558 <tu_fifo_read>
10004204:	2300      	movs	r3, #0
10004206:	697a      	ldr	r2, [r7, #20]
10004208:	e8c2 3f8f 	stlb	r3, [r2]
1000420c:	69bb      	ldr	r3, [r7, #24]
1000420e:	f383 8810 	msr	PRIMASK, r3
10004212:	2800      	cmp	r0, #0
10004214:	f000 80c6 	beq.w	100043a4 <tud_task_ext+0x1e4>
10004218:	f89d 301d 	ldrb.w	r3, [sp, #29]
1000421c:	3b01      	subs	r3, #1
1000421e:	2b07      	cmp	r3, #7
10004220:	f200 8383 	bhi.w	1000492a <tud_task_ext+0x76a>
10004224:	e8df f003 	tbb	[pc, r3]
10004228:	9991ada3 	.word	0x9991ada3
1000422c:	040a358a 	.word	0x040a358a
10004230:	9b08      	ldr	r3, [sp, #32]
10004232:	2b00      	cmp	r3, #0
10004234:	d0d1      	beq.n	100041da <tud_task_ext+0x1a>
10004236:	9809      	ldr	r0, [sp, #36]	@ 0x24
10004238:	4798      	blx	r3
1000423a:	e7ce      	b.n	100041da <tud_task_ext+0x1a>
1000423c:	f89d 1020 	ldrb.w	r1, [sp, #32]
10004240:	f001 077f 	and.w	r7, r1, #127	@ 0x7f
10004244:	eb05 0047 	add.w	r0, r5, r7, lsl #1
10004248:	eb00 10d1 	add.w	r0, r0, r1, lsr #7
1000424c:	f890 3034 	ldrb.w	r3, [r0, #52]	@ 0x34
10004250:	f023 0301 	bic.w	r3, r3, #1
10004254:	f880 3034 	strb.w	r3, [r0, #52]	@ 0x34
10004258:	f890 3034 	ldrb.w	r3, [r0, #52]	@ 0x34
1000425c:	f023 0304 	bic.w	r3, r3, #4
10004260:	f880 3034 	strb.w	r3, [r0, #52]	@ 0x34
10004264:	2f00      	cmp	r7, #0
10004266:	f000 80a0 	beq.w	100043aa <tud_task_ext+0x1ea>
1000426a:	7d02      	ldrb	r2, [r0, #20]
1000426c:	f898 3000 	ldrb.w	r3, [r8]
10004270:	429a      	cmp	r2, r3
10004272:	f080 808f 	bcs.w	10004394 <tud_task_ext+0x1d4>
10004276:	4b7b      	ldr	r3, [pc, #492]	@ (10004464 <tud_task_ext+0x2a4>)
10004278:	681b      	ldr	r3, [r3, #0]
1000427a:	eb13 1342 	adds.w	r3, r3, r2, lsl #5
1000427e:	f000 808a 	beq.w	10004396 <tud_task_ext+0x1d6>
10004282:	699f      	ldr	r7, [r3, #24]
10004284:	f89d 2021 	ldrb.w	r2, [sp, #33]	@ 0x21
10004288:	9b09      	ldr	r3, [sp, #36]	@ 0x24
1000428a:	f89d 001c 	ldrb.w	r0, [sp, #28]
1000428e:	47b8      	blx	r7
10004290:	e7a3      	b.n	100041da <tud_task_ext+0x1a>
10004292:	7833      	ldrb	r3, [r6, #0]
10004294:	2b00      	cmp	r3, #0
10004296:	d07e      	beq.n	10004396 <tud_task_ext+0x1d6>
10004298:	7833      	ldrb	r3, [r6, #0]
1000429a:	3b01      	subs	r3, #1
1000429c:	7033      	strb	r3, [r6, #0]
1000429e:	7833      	ldrb	r3, [r6, #0]
100042a0:	f003 00ff 	and.w	r0, r3, #255	@ 0xff
100042a4:	2b00      	cmp	r3, #0
100042a6:	d198      	bne.n	100041da <tud_task_ext+0x1a>
100042a8:	f8df a1b0 	ldr.w	sl, [pc, #432]	@ 1000445c <tud_task_ext+0x29c>
100042ac:	f89d b01c 	ldrb.w	fp, [sp, #28]
100042b0:	f89a 3000 	ldrb.w	r3, [sl]
100042b4:	f043 0301 	orr.w	r3, r3, #1
100042b8:	f88a 3000 	strb.w	r3, [sl]
100042bc:	f89a 3034 	ldrb.w	r3, [sl, #52]	@ 0x34
100042c0:	f360 0300 	bfi	r3, r0, #0, #1
100042c4:	f88a 3034 	strb.w	r3, [sl, #52]	@ 0x34
100042c8:	f89a 3034 	ldrb.w	r3, [sl, #52]	@ 0x34
100042cc:	f360 0382 	bfi	r3, r0, #2, #1
100042d0:	f88a 3034 	strb.w	r3, [sl, #52]	@ 0x34
100042d4:	f89a 3035 	ldrb.w	r3, [sl, #53]	@ 0x35
100042d8:	f360 0300 	bfi	r3, r0, #0, #1
100042dc:	f88a 3035 	strb.w	r3, [sl, #53]	@ 0x35
100042e0:	f89a 3035 	ldrb.w	r3, [sl, #53]	@ 0x35
100042e4:	f360 0382 	bfi	r3, r0, #2, #1
100042e8:	f88a 3035 	strb.w	r3, [sl, #53]	@ 0x35
100042ec:	f000 fc88 	bl	10004c00 <usbd_control_set_complete_callback>
100042f0:	f89d 3020 	ldrb.w	r3, [sp, #32]
100042f4:	f003 0260 	and.w	r2, r3, #96	@ 0x60
100042f8:	2a60      	cmp	r2, #96	@ 0x60
100042fa:	d066      	beq.n	100043ca <tud_task_ext+0x20a>
100042fc:	2a40      	cmp	r2, #64	@ 0x40
100042fe:	d077      	beq.n	100043f0 <tud_task_ext+0x230>
10004300:	f003 031f 	and.w	r3, r3, #31
10004304:	2b01      	cmp	r3, #1
10004306:	f000 80b5 	beq.w	10004474 <tud_task_ext+0x2b4>
1000430a:	2b02      	cmp	r3, #2
1000430c:	d07c      	beq.n	10004408 <tud_task_ext+0x248>
1000430e:	2b00      	cmp	r3, #0
10004310:	d15b      	bne.n	100043ca <tud_task_ext+0x20a>
10004312:	2a20      	cmp	r2, #32
10004314:	f000 81e7 	beq.w	100046e6 <tud_task_ext+0x526>
10004318:	2a00      	cmp	r2, #0
1000431a:	d156      	bne.n	100043ca <tud_task_ext+0x20a>
1000431c:	f89d 3021 	ldrb.w	r3, [sp, #33]	@ 0x21
10004320:	2b09      	cmp	r3, #9
10004322:	d852      	bhi.n	100043ca <tud_task_ext+0x20a>
10004324:	e8df f013 	tbh	[pc, r3, lsl #1]
10004328:	019b01ab 	.word	0x019b01ab
1000432c:	01bd0051 	.word	0x01bd0051
10004330:	018c0051 	.word	0x018c0051
10004334:	00510162 	.word	0x00510162
10004338:	00e70156 	.word	0x00e70156
1000433c:	782b      	ldrb	r3, [r5, #0]
1000433e:	07d9      	lsls	r1, r3, #31
10004340:	f57f af4b 	bpl.w	100041da <tud_task_ext+0x1a>
10004344:	f7ff feb4 	bl	100040b0 <tud_resume_cb>
10004348:	e747      	b.n	100041da <tud_task_ext+0x1a>
1000434a:	78eb      	ldrb	r3, [r5, #3]
1000434c:	07da      	lsls	r2, r3, #31
1000434e:	f57f af44 	bpl.w	100041da <tud_task_ext+0x1a>
10004352:	9808      	ldr	r0, [sp, #32]
10004354:	f7ff fea0 	bl	10004098 <tud_sof_cb>
10004358:	e73f      	b.n	100041da <tud_task_ext+0x1a>
1000435a:	782b      	ldrb	r3, [r5, #0]
1000435c:	07d8      	lsls	r0, r3, #31
1000435e:	f57f af3c 	bpl.w	100041da <tud_task_ext+0x1a>
10004362:	7828      	ldrb	r0, [r5, #0]
10004364:	f3c0 00c0 	ubfx	r0, r0, #3, #1
10004368:	f7ff fea0 	bl	100040ac <tud_suspend_cb>
1000436c:	e735      	b.n	100041da <tud_task_ext+0x1a>
1000436e:	f89d 001c 	ldrb.w	r0, [sp, #28]
10004372:	f7ff fe49 	bl	10004008 <configuration_reset>
10004376:	f000 fc39 	bl	10004bec <usbd_control_reset>
1000437a:	f89d 3020 	ldrb.w	r3, [sp, #32]
1000437e:	70ab      	strb	r3, [r5, #2]
10004380:	e72b      	b.n	100041da <tud_task_ext+0x1a>
10004382:	f89d 001c 	ldrb.w	r0, [sp, #28]
10004386:	f7ff fe3f 	bl	10004008 <configuration_reset>
1000438a:	f000 fc2f 	bl	10004bec <usbd_control_reset>
1000438e:	f7ff fe8b 	bl	100040a8 <tud_umount_cb>
10004392:	e722      	b.n	100041da <tud_task_ext+0x1a>
10004394:	d011      	beq.n	100043ba <tud_task_ext+0x1fa>
10004396:	f04f 23e0 	mov.w	r3, #3758153728	@ 0xe000e000
1000439a:	f8d3 3df0 	ldr.w	r3, [r3, #3568]	@ 0xdf0
1000439e:	07dc      	lsls	r4, r3, #31
100043a0:	d500      	bpl.n	100043a4 <tud_task_ext+0x1e4>
100043a2:	be00      	bkpt	0x0000
100043a4:	b00b      	add	sp, #44	@ 0x2c
100043a6:	e8bd 8ff0 	ldmia.w	sp!, {r4, r5, r6, r7, r8, r9, sl, fp, pc}
100043aa:	9b09      	ldr	r3, [sp, #36]	@ 0x24
100043ac:	f89d 2021 	ldrb.w	r2, [sp, #33]	@ 0x21
100043b0:	f89d 001c 	ldrb.w	r0, [sp, #28]
100043b4:	f000 fc38 	bl	10004c28 <usbd_control_xfer_cb>
100043b8:	e70f      	b.n	100041da <tud_task_ext+0x1a>
100043ba:	4b2b      	ldr	r3, [pc, #172]	@ (10004468 <tud_task_ext+0x2a8>)
100043bc:	e761      	b.n	10004282 <tud_task_ext+0xc2>
100043be:	f7ff fb1f 	bl	10003a00 <tud_descriptor_configuration_cb>
100043c2:	4602      	mov	r2, r0
100043c4:	2800      	cmp	r0, #0
100043c6:	f040 8185 	bne.w	100046d4 <tud_task_ext+0x514>
100043ca:	f04f 23e0 	mov.w	r3, #3758153728	@ 0xe000e000
100043ce:	f8d3 3df0 	ldr.w	r3, [r3, #3568]	@ 0xdf0
100043d2:	07df      	lsls	r7, r3, #31
100043d4:	d500      	bpl.n	100043d8 <tud_task_ext+0x218>
100043d6:	be00      	bkpt	0x0000
100043d8:	f89d 001c 	ldrb.w	r0, [sp, #28]
100043dc:	2100      	movs	r1, #0
100043de:	f7ff fda9 	bl	10003f34 <dcd_edpt_stall>
100043e2:	2180      	movs	r1, #128	@ 0x80
100043e4:	f89d 001c 	ldrb.w	r0, [sp, #28]
100043e8:	f7ff fda4 	bl	10003f34 <dcd_edpt_stall>
100043ec:	e6f5      	b.n	100041da <tud_task_ext+0x1a>
100043ee:	4770      	bx	lr
100043f0:	481e      	ldr	r0, [pc, #120]	@ (1000446c <tud_task_ext+0x2ac>)
100043f2:	f000 fc05 	bl	10004c00 <usbd_control_set_complete_callback>
100043f6:	2101      	movs	r1, #1
100043f8:	4658      	mov	r0, fp
100043fa:	aa08      	add	r2, sp, #32
100043fc:	f7ff fc6c 	bl	10003cd8 <tud_vendor_control_xfer_cb>
10004400:	2800      	cmp	r0, #0
10004402:	f47f aeea 	bne.w	100041da <tud_task_ext+0x1a>
10004406:	e7e7      	b.n	100043d8 <tud_task_ext+0x218>
10004408:	f89d 1024 	ldrb.w	r1, [sp, #36]	@ 0x24
1000440c:	f011 0f70 	tst.w	r1, #112	@ 0x70
10004410:	d1db      	bne.n	100043ca <tud_task_ext+0x20a>
10004412:	4817      	ldr	r0, [pc, #92]	@ (10004470 <tud_task_ext+0x2b0>)
10004414:	f001 037f 	and.w	r3, r1, #127	@ 0x7f
10004418:	f890 c000 	ldrb.w	ip, [r0]
1000441c:	eb0a 0043 	add.w	r0, sl, r3, lsl #1
10004420:	eb00 10d1 	add.w	r0, r0, r1, lsr #7
10004424:	7d00      	ldrb	r0, [r0, #20]
10004426:	4560      	cmp	r0, ip
10004428:	d351      	bcc.n	100044ce <tud_task_ext+0x30e>
1000442a:	f040 816e 	bne.w	1000470a <tud_task_ext+0x54a>
1000442e:	480e      	ldr	r0, [pc, #56]	@ (10004468 <tud_task_ext+0x2a8>)
10004430:	9000      	str	r0, [sp, #0]
10004432:	2a00      	cmp	r2, #0
10004434:	f000 816d 	beq.w	10004712 <tud_task_ext+0x552>
10004438:	9f00      	ldr	r7, [sp, #0]
1000443a:	6978      	ldr	r0, [r7, #20]
1000443c:	f000 fbe0 	bl	10004c00 <usbd_control_set_complete_callback>
10004440:	2101      	movs	r1, #1
10004442:	4658      	mov	r0, fp
10004444:	697b      	ldr	r3, [r7, #20]
10004446:	aa08      	add	r2, sp, #32
10004448:	4798      	blx	r3
1000444a:	2800      	cmp	r0, #0
1000444c:	f47f aec5 	bne.w	100041da <tud_task_ext+0x1a>
10004450:	e7c2      	b.n	100043d8 <tud_task_ext+0x218>
10004452:	bf00      	nop
10004454:	200013fc 	.word	0x200013fc
10004458:	200017b8 	.word	0x200017b8
1000445c:	20001760 	.word	0x20001760
10004460:	20001d4f 	.word	0x20001d4f
10004464:	20001658 	.word	0x20001658
10004468:	10007a14 	.word	0x10007a14
1000446c:	10003cd9 	.word	0x10003cd9
10004470:	20001d4d 	.word	0x20001d4d
10004474:	f89d 3024 	ldrb.w	r3, [sp, #36]	@ 0x24
10004478:	2b0f      	cmp	r3, #15
1000447a:	d8ad      	bhi.n	100043d8 <tud_task_ext+0x218>
1000447c:	4ab1      	ldr	r2, [pc, #708]	@ (10004744 <tud_task_ext+0x584>)
1000447e:	4453      	add	r3, sl
10004480:	791b      	ldrb	r3, [r3, #4]
10004482:	7812      	ldrb	r2, [r2, #0]
10004484:	4293      	cmp	r3, r2
10004486:	d330      	bcc.n	100044ea <tud_task_ext+0x32a>
10004488:	d1a6      	bne.n	100043d8 <tud_task_ext+0x218>
1000448a:	4faf      	ldr	r7, [pc, #700]	@ (10004748 <tud_task_ext+0x588>)
1000448c:	6978      	ldr	r0, [r7, #20]
1000448e:	f000 fbb7 	bl	10004c00 <usbd_control_set_complete_callback>
10004492:	2101      	movs	r1, #1
10004494:	4658      	mov	r0, fp
10004496:	697b      	ldr	r3, [r7, #20]
10004498:	aa08      	add	r2, sp, #32
1000449a:	4798      	blx	r3
1000449c:	2800      	cmp	r0, #0
1000449e:	f47f ae9c 	bne.w	100041da <tud_task_ext+0x1a>
100044a2:	f89d 3020 	ldrb.w	r3, [sp, #32]
100044a6:	f013 0760 	ands.w	r7, r3, #96	@ 0x60
100044aa:	d195      	bne.n	100043d8 <tud_task_ext+0x218>
100044ac:	f89d 3021 	ldrb.w	r3, [sp, #33]	@ 0x21
100044b0:	3b0a      	subs	r3, #10
100044b2:	2b01      	cmp	r3, #1
100044b4:	d890      	bhi.n	100043d8 <tud_task_ext+0x218>
100044b6:	f000 fba3 	bl	10004c00 <usbd_control_set_complete_callback>
100044ba:	f89d 3021 	ldrb.w	r3, [sp, #33]	@ 0x21
100044be:	2b0a      	cmp	r3, #10
100044c0:	f000 820d 	beq.w	100048de <tud_task_ext+0x71e>
100044c4:	4658      	mov	r0, fp
100044c6:	a908      	add	r1, sp, #32
100044c8:	f000 fb1a 	bl	10004b00 <tud_control_status>
100044cc:	e685      	b.n	100041da <tud_task_ext+0x1a>
100044ce:	f8df c27c 	ldr.w	ip, [pc, #636]	@ 1000474c <tud_task_ext+0x58c>
100044d2:	f8dc c000 	ldr.w	ip, [ip]
100044d6:	eb0c 1040 	add.w	r0, ip, r0, lsl #5
100044da:	9000      	str	r0, [sp, #0]
100044dc:	2a00      	cmp	r2, #0
100044de:	f000 8118 	beq.w	10004712 <tud_task_ext+0x552>
100044e2:	2800      	cmp	r0, #0
100044e4:	f43f af78 	beq.w	100043d8 <tud_task_ext+0x218>
100044e8:	e7a6      	b.n	10004438 <tud_task_ext+0x278>
100044ea:	4a98      	ldr	r2, [pc, #608]	@ (1000474c <tud_task_ext+0x58c>)
100044ec:	6817      	ldr	r7, [r2, #0]
100044ee:	eb17 1743 	adds.w	r7, r7, r3, lsl #5
100044f2:	d1cb      	bne.n	1000448c <tud_task_ext+0x2cc>
100044f4:	e770      	b.n	100043d8 <tud_task_ext+0x218>
100044f6:	f89a 2001 	ldrb.w	r2, [sl, #1]
100044fa:	f89d 3022 	ldrb.w	r3, [sp, #34]	@ 0x22
100044fe:	4293      	cmp	r3, r2
10004500:	f000 815d 	beq.w	100047be <tud_task_ext+0x5fe>
10004504:	f89a 2001 	ldrb.w	r2, [sl, #1]
10004508:	2a00      	cmp	r2, #0
1000450a:	f040 81d2 	bne.w	100048b2 <tud_task_ext+0x6f2>
1000450e:	f88a 3001 	strb.w	r3, [sl, #1]
10004512:	2b00      	cmp	r3, #0
10004514:	f000 8151 	beq.w	100047ba <tud_task_ext+0x5fa>
10004518:	3b01      	subs	r3, #1
1000451a:	b2d8      	uxtb	r0, r3
1000451c:	f7ff fa70 	bl	10003a00 <tud_descriptor_configuration_cb>
10004520:	2800      	cmp	r0, #0
10004522:	f000 816e 	beq.w	10004802 <tud_task_ext+0x642>
10004526:	7843      	ldrb	r3, [r0, #1]
10004528:	2b02      	cmp	r3, #2
1000452a:	f040 816a 	bne.w	10004802 <tud_task_ext+0x642>
1000452e:	79c2      	ldrb	r2, [r0, #7]
10004530:	f89a 1000 	ldrb.w	r1, [sl]
10004534:	f3c2 1340 	ubfx	r3, r2, #5, #1
10004538:	011b      	lsls	r3, r3, #4
1000453a:	f3c2 1280 	ubfx	r2, r2, #6, #1
1000453e:	f021 0130 	bic.w	r1, r1, #48	@ 0x30
10004542:	ea43 1342 	orr.w	r3, r3, r2, lsl #5
10004546:	430b      	orrs	r3, r1
10004548:	f88a 3000 	strb.w	r3, [sl]
1000454c:	8843      	ldrh	r3, [r0, #2]
1000454e:	f100 0109 	add.w	r1, r0, #9
10004552:	18c3      	adds	r3, r0, r3
10004554:	9302      	str	r3, [sp, #8]
10004556:	9b02      	ldr	r3, [sp, #8]
10004558:	428b      	cmp	r3, r1
1000455a:	f240 81bd 	bls.w	100048d8 <tud_task_ext+0x718>
1000455e:	784b      	ldrb	r3, [r1, #1]
10004560:	2b0b      	cmp	r3, #11
10004562:	f000 81c6 	beq.w	100048f2 <tud_task_ext+0x732>
10004566:	2001      	movs	r0, #1
10004568:	2b04      	cmp	r3, #4
1000456a:	f040 814a 	bne.w	10004802 <tud_task_ext+0x642>
1000456e:	2200      	movs	r2, #0
10004570:	9b02      	ldr	r3, [sp, #8]
10004572:	9201      	str	r2, [sp, #4]
10004574:	1a5b      	subs	r3, r3, r1
10004576:	fa1f f983 	uxth.w	r9, r3
1000457a:	4b72      	ldr	r3, [pc, #456]	@ (10004744 <tud_task_ext+0x584>)
1000457c:	9200      	str	r2, [sp, #0]
1000457e:	781b      	ldrb	r3, [r3, #0]
10004580:	9003      	str	r0, [sp, #12]
10004582:	e01e      	b.n	100045c2 <tud_task_ext+0x402>
10004584:	4b71      	ldr	r3, [pc, #452]	@ (1000474c <tud_task_ext+0x58c>)
10004586:	681b      	ldr	r3, [r3, #0]
10004588:	eb13 1342 	adds.w	r3, r3, r2, lsl #5
1000458c:	f000 8139 	beq.w	10004802 <tud_task_ext+0x642>
10004590:	691f      	ldr	r7, [r3, #16]
10004592:	464a      	mov	r2, r9
10004594:	4658      	mov	r0, fp
10004596:	9105      	str	r1, [sp, #20]
10004598:	9304      	str	r3, [sp, #16]
1000459a:	47b8      	blx	r7
1000459c:	9b01      	ldr	r3, [sp, #4]
1000459e:	2808      	cmp	r0, #8
100045a0:	f103 0301 	add.w	r3, r3, #1
100045a4:	9905      	ldr	r1, [sp, #20]
100045a6:	9301      	str	r3, [sp, #4]
100045a8:	d903      	bls.n	100045b2 <tud_task_ext+0x3f2>
100045aa:	4581      	cmp	r9, r0
100045ac:	9b04      	ldr	r3, [sp, #16]
100045ae:	f080 810b 	bcs.w	100047c8 <tud_task_ext+0x608>
100045b2:	4b64      	ldr	r3, [pc, #400]	@ (10004744 <tud_task_ext+0x584>)
100045b4:	f89d 2004 	ldrb.w	r2, [sp, #4]
100045b8:	781b      	ldrb	r3, [r3, #0]
100045ba:	9200      	str	r2, [sp, #0]
100045bc:	4293      	cmp	r3, r2
100045be:	f0c0 8120 	bcc.w	10004802 <tud_task_ext+0x642>
100045c2:	9a00      	ldr	r2, [sp, #0]
100045c4:	4293      	cmp	r3, r2
100045c6:	eba2 0303 	sub.w	r3, r2, r3
100045ca:	d8db      	bhi.n	10004584 <tud_task_ext+0x3c4>
100045cc:	4a5e      	ldr	r2, [pc, #376]	@ (10004748 <tud_task_ext+0x588>)
100045ce:	eb02 1343 	add.w	r3, r2, r3, lsl #5
100045d2:	e7dd      	b.n	10004590 <tud_task_ext+0x3d0>
100045d4:	f89a 3001 	ldrb.w	r3, [sl, #1]
100045d8:	4658      	mov	r0, fp
100045da:	f88d 301a 	strb.w	r3, [sp, #26]
100045de:	f10d 021a 	add.w	r2, sp, #26
100045e2:	2301      	movs	r3, #1
100045e4:	a908      	add	r1, sp, #32
100045e6:	f000 faa7 	bl	10004b38 <tud_control_xfer>
100045ea:	e5f6      	b.n	100041da <tud_task_ext+0x1a>
100045ec:	f8bd 0022 	ldrh.w	r0, [sp, #34]	@ 0x22
100045f0:	0a03      	lsrs	r3, r0, #8
100045f2:	1e5a      	subs	r2, r3, #1
100045f4:	b2c0      	uxtb	r0, r0
100045f6:	2a0e      	cmp	r2, #14
100045f8:	f63f aeee 	bhi.w	100043d8 <tud_task_ext+0x218>
100045fc:	a101      	add	r1, pc, #4	@ (adr r1, 10004604 <tud_task_ext+0x444>)
100045fe:	f851 f022 	ldr.w	pc, [r1, r2, lsl #2]
10004602:	bf00      	nop
10004604:	10004835 	.word	0x10004835
10004608:	100046c3 	.word	0x100046c3
1000460c:	10004871 	.word	0x10004871
10004610:	100043d9 	.word	0x100043d9
10004614:	100043d9 	.word	0x100043d9
10004618:	10004853 	.word	0x10004853
1000461c:	100046c3 	.word	0x100046c3
10004620:	100043d9 	.word	0x100043d9
10004624:	100043d9 	.word	0x100043d9
10004628:	100043d9 	.word	0x100043d9
1000462c:	100043d9 	.word	0x100043d9
10004630:	100043d9 	.word	0x100043d9
10004634:	100043d9 	.word	0x100043d9
10004638:	100043d9 	.word	0x100043d9
1000463c:	10004827 	.word	0x10004827
10004640:	a808      	add	r0, sp, #32
10004642:	f000 fae3 	bl	10004c0c <usbd_control_set_request>
10004646:	4658      	mov	r0, fp
10004648:	f89d 1022 	ldrb.w	r1, [sp, #34]	@ 0x22
1000464c:	f7ff fbbe 	bl	10003dcc <dcd_set_address>
10004650:	f89a 3000 	ldrb.w	r3, [sl]
10004654:	f043 0302 	orr.w	r3, r3, #2
10004658:	f88a 3000 	strb.w	r3, [sl]
1000465c:	e5bd      	b.n	100041da <tud_task_ext+0x1a>
1000465e:	f8bd 3022 	ldrh.w	r3, [sp, #34]	@ 0x22
10004662:	2b01      	cmp	r3, #1
10004664:	f47f aeb8 	bne.w	100043d8 <tud_task_ext+0x218>
10004668:	f89a 3000 	ldrb.w	r3, [sl]
1000466c:	4658      	mov	r0, fp
1000466e:	f023 0308 	bic.w	r3, r3, #8
10004672:	a908      	add	r1, sp, #32
10004674:	f88a 3000 	strb.w	r3, [sl]
10004678:	f000 fa42 	bl	10004b00 <tud_control_status>
1000467c:	e5ad      	b.n	100041da <tud_task_ext+0x1a>
1000467e:	4658      	mov	r0, fp
10004680:	f89a 3000 	ldrb.w	r3, [sl]
10004684:	089a      	lsrs	r2, r3, #2
10004686:	f002 0202 	and.w	r2, r2, #2
1000468a:	f3c3 1340 	ubfx	r3, r3, #5, #1
1000468e:	4313      	orrs	r3, r2
10004690:	f8ad 301a 	strh.w	r3, [sp, #26]
10004694:	f10d 021a 	add.w	r2, sp, #26
10004698:	2302      	movs	r3, #2
1000469a:	a908      	add	r1, sp, #32
1000469c:	f000 fa4c 	bl	10004b38 <tud_control_xfer>
100046a0:	e59b      	b.n	100041da <tud_task_ext+0x1a>
100046a2:	f8bd 3022 	ldrh.w	r3, [sp, #34]	@ 0x22
100046a6:	2b01      	cmp	r3, #1
100046a8:	f47f ae96 	bne.w	100043d8 <tud_task_ext+0x218>
100046ac:	f89a 3000 	ldrb.w	r3, [sl]
100046b0:	4658      	mov	r0, fp
100046b2:	f043 0308 	orr.w	r3, r3, #8
100046b6:	a908      	add	r1, sp, #32
100046b8:	f88a 3000 	strb.w	r3, [sl]
100046bc:	f000 fa20 	bl	10004b00 <tud_control_status>
100046c0:	e58b      	b.n	100041da <tud_task_ext+0x1a>
100046c2:	2b02      	cmp	r3, #2
100046c4:	f43f ae7b 	beq.w	100043be <tud_task_ext+0x1fe>
100046c8:	f7ff fcea 	bl	100040a0 <tud_descriptor_other_speed_configuration_cb>
100046cc:	4602      	mov	r2, r0
100046ce:	2800      	cmp	r0, #0
100046d0:	f43f ae82 	beq.w	100043d8 <tud_task_ext+0x218>
100046d4:	4658      	mov	r0, fp
100046d6:	8853      	ldrh	r3, [r2, #2]
100046d8:	a908      	add	r1, sp, #32
100046da:	f000 fa2d 	bl	10004b38 <tud_control_xfer>
100046de:	2800      	cmp	r0, #0
100046e0:	f47f ad7b 	bne.w	100041da <tud_task_ext+0x1a>
100046e4:	e678      	b.n	100043d8 <tud_task_ext+0x218>
100046e6:	f89d 3024 	ldrb.w	r3, [sp, #36]	@ 0x24
100046ea:	2b0f      	cmp	r3, #15
100046ec:	f63f ae74 	bhi.w	100043d8 <tud_task_ext+0x218>
100046f0:	4a14      	ldr	r2, [pc, #80]	@ (10004744 <tud_task_ext+0x584>)
100046f2:	4453      	add	r3, sl
100046f4:	791b      	ldrb	r3, [r3, #4]
100046f6:	7812      	ldrb	r2, [r2, #0]
100046f8:	4293      	cmp	r3, r2
100046fa:	d21e      	bcs.n	1000473a <tud_task_ext+0x57a>
100046fc:	4a13      	ldr	r2, [pc, #76]	@ (1000474c <tud_task_ext+0x58c>)
100046fe:	6817      	ldr	r7, [r2, #0]
10004700:	eb17 1743 	adds.w	r7, r7, r3, lsl #5
10004704:	f47f ae99 	bne.w	1000443a <tud_task_ext+0x27a>
10004708:	e666      	b.n	100043d8 <tud_task_ext+0x218>
1000470a:	2a00      	cmp	r2, #0
1000470c:	f47f ae64 	bne.w	100043d8 <tud_task_ext+0x218>
10004710:	9200      	str	r2, [sp, #0]
10004712:	f89d c021 	ldrb.w	ip, [sp, #33]	@ 0x21
10004716:	f00c 02fd 	and.w	r2, ip, #253	@ 0xfd
1000471a:	2a01      	cmp	r2, #1
1000471c:	d018      	beq.n	10004750 <tud_task_ext+0x590>
1000471e:	f1bc 0f00 	cmp.w	ip, #0
10004722:	f47f ae52 	bne.w	100043ca <tud_task_ext+0x20a>
10004726:	eb0a 0343 	add.w	r3, sl, r3, lsl #1
1000472a:	eb03 13d1 	add.w	r3, r3, r1, lsr #7
1000472e:	f893 3034 	ldrb.w	r3, [r3, #52]	@ 0x34
10004732:	4658      	mov	r0, fp
10004734:	f3c3 0340 	ubfx	r3, r3, #1, #1
10004738:	e7aa      	b.n	10004690 <tud_task_ext+0x4d0>
1000473a:	f47f ae4d 	bne.w	100043d8 <tud_task_ext+0x218>
1000473e:	4f02      	ldr	r7, [pc, #8]	@ (10004748 <tud_task_ext+0x588>)
10004740:	e67b      	b.n	1000443a <tud_task_ext+0x27a>
10004742:	bf00      	nop
10004744:	20001d4d 	.word	0x20001d4d
10004748:	10007a14 	.word	0x10007a14
1000474c:	20001658 	.word	0x20001658
10004750:	f8bd 2022 	ldrh.w	r2, [sp, #34]	@ 0x22
10004754:	b9da      	cbnz	r2, 1000478e <tud_task_ext+0x5ce>
10004756:	4879      	ldr	r0, [pc, #484]	@ (1000493c <tud_task_ext+0x77c>)
10004758:	f1bc 0f01 	cmp.w	ip, #1
1000475c:	7800      	ldrb	r0, [r0, #0]
1000475e:	f000 808f 	beq.w	10004880 <tud_task_ext+0x6c0>
10004762:	e9cd 1301 	strd	r1, r3, [sp, #4]
10004766:	f7ff fbe5 	bl	10003f34 <dcd_edpt_stall>
1000476a:	9b02      	ldr	r3, [sp, #8]
1000476c:	9901      	ldr	r1, [sp, #4]
1000476e:	eb0a 0343 	add.w	r3, sl, r3, lsl #1
10004772:	eb03 13d1 	add.w	r3, r3, r1, lsr #7
10004776:	f893 2034 	ldrb.w	r2, [r3, #52]	@ 0x34
1000477a:	f042 0202 	orr.w	r2, r2, #2
1000477e:	f883 2034 	strb.w	r2, [r3, #52]	@ 0x34
10004782:	f893 2034 	ldrb.w	r2, [r3, #52]	@ 0x34
10004786:	f042 0201 	orr.w	r2, r2, #1
1000478a:	f883 2034 	strb.w	r2, [r3, #52]	@ 0x34
1000478e:	9b00      	ldr	r3, [sp, #0]
10004790:	2b00      	cmp	r3, #0
10004792:	f43f ad22 	beq.w	100041da <tud_task_ext+0x1a>
10004796:	461f      	mov	r7, r3
10004798:	6958      	ldr	r0, [r3, #20]
1000479a:	f000 fa31 	bl	10004c00 <usbd_control_set_complete_callback>
1000479e:	697b      	ldr	r3, [r7, #20]
100047a0:	2101      	movs	r1, #1
100047a2:	aa08      	add	r2, sp, #32
100047a4:	4658      	mov	r0, fp
100047a6:	4798      	blx	r3
100047a8:	2000      	movs	r0, #0
100047aa:	f000 fa29 	bl	10004c00 <usbd_control_set_complete_callback>
100047ae:	f89a 3035 	ldrb.w	r3, [sl, #53]	@ 0x35
100047b2:	07db      	lsls	r3, r3, #31
100047b4:	f53f ad11 	bmi.w	100041da <tud_task_ext+0x1a>
100047b8:	e684      	b.n	100044c4 <tud_task_ext+0x304>
100047ba:	f7ff fc75 	bl	100040a8 <tud_umount_cb>
100047be:	4658      	mov	r0, fp
100047c0:	a908      	add	r1, sp, #32
100047c2:	f000 f99d 	bl	10004b00 <tud_control_status>
100047c6:	e508      	b.n	100041da <tud_task_ext+0x1a>
100047c8:	4602      	mov	r2, r0
100047ca:	9803      	ldr	r0, [sp, #12]
100047cc:	2801      	cmp	r0, #1
100047ce:	f000 80a5 	beq.w	1000491c <tud_task_ext+0x75c>
100047d2:	2800      	cmp	r0, #0
100047d4:	f000 8092 	beq.w	100048fc <tud_task_ext+0x73c>
100047d8:	2300      	movs	r3, #0
100047da:	f891 e002 	ldrb.w	lr, [r1, #2]
100047de:	e007      	b.n	100047f0 <tud_task_ext+0x630>
100047e0:	9f00      	ldr	r7, [sp, #0]
100047e2:	f88c 7004 	strb.w	r7, [ip, #4]
100047e6:	fa5f fc83 	uxtb.w	ip, r3
100047ea:	4560      	cmp	r0, ip
100047ec:	f240 8086 	bls.w	100048fc <tud_task_ext+0x73c>
100047f0:	eb0e 0c03 	add.w	ip, lr, r3
100047f4:	fa5a fc8c 	uxtab	ip, sl, ip
100047f8:	f89c 7004 	ldrb.w	r7, [ip, #4]
100047fc:	3301      	adds	r3, #1
100047fe:	2fff      	cmp	r7, #255	@ 0xff
10004800:	d0ee      	beq.n	100047e0 <tud_task_ext+0x620>
10004802:	f04f 23e0 	mov.w	r3, #3758153728	@ 0xe000e000
10004806:	f8d3 3df0 	ldr.w	r3, [r3, #3568]	@ 0xdf0
1000480a:	07d9      	lsls	r1, r3, #31
1000480c:	d500      	bpl.n	10004810 <tud_task_ext+0x650>
1000480e:	be00      	bkpt	0x0000
10004810:	f04f 23e0 	mov.w	r3, #3758153728	@ 0xe000e000
10004814:	f8d3 3df0 	ldr.w	r3, [r3, #3568]	@ 0xdf0
10004818:	07da      	lsls	r2, r3, #31
1000481a:	d500      	bpl.n	1000481e <tud_task_ext+0x65e>
1000481c:	be00      	bkpt	0x0000
1000481e:	2300      	movs	r3, #0
10004820:	f88a 3001 	strb.w	r3, [sl, #1]
10004824:	e5d8      	b.n	100043d8 <tud_task_ext+0x218>
10004826:	f7ff fa53 	bl	10003cd0 <tud_descriptor_bos_cb>
1000482a:	4602      	mov	r2, r0
1000482c:	2800      	cmp	r0, #0
1000482e:	f47f af51 	bne.w	100046d4 <tud_task_ext+0x514>
10004832:	e5d1      	b.n	100043d8 <tud_task_ext+0x218>
10004834:	f7ff f8e0 	bl	100039f8 <tud_descriptor_device_cb>
10004838:	4602      	mov	r2, r0
1000483a:	2800      	cmp	r0, #0
1000483c:	f43f adc5 	beq.w	100043ca <tud_task_ext+0x20a>
10004840:	4658      	mov	r0, fp
10004842:	2312      	movs	r3, #18
10004844:	a908      	add	r1, sp, #32
10004846:	f000 f977 	bl	10004b38 <tud_control_xfer>
1000484a:	2800      	cmp	r0, #0
1000484c:	f47f acc5 	bne.w	100041da <tud_task_ext+0x1a>
10004850:	e5c2      	b.n	100043d8 <tud_task_ext+0x218>
10004852:	f7ff fc23 	bl	1000409c <tud_descriptor_device_qualifier_cb>
10004856:	4602      	mov	r2, r0
10004858:	2800      	cmp	r0, #0
1000485a:	f43f adbd 	beq.w	100043d8 <tud_task_ext+0x218>
1000485e:	4658      	mov	r0, fp
10004860:	7813      	ldrb	r3, [r2, #0]
10004862:	a908      	add	r1, sp, #32
10004864:	f000 f968 	bl	10004b38 <tud_control_xfer>
10004868:	2800      	cmp	r0, #0
1000486a:	f47f acb6 	bne.w	100041da <tud_task_ext+0x1a>
1000486e:	e5b3      	b.n	100043d8 <tud_task_ext+0x218>
10004870:	f8bd 1024 	ldrh.w	r1, [sp, #36]	@ 0x24
10004874:	f7ff f8c8 	bl	10003a08 <tud_descriptor_string_cb>
10004878:	4602      	mov	r2, r0
1000487a:	2800      	cmp	r0, #0
1000487c:	d1ef      	bne.n	1000485e <tud_task_ext+0x69e>
1000487e:	e5ab      	b.n	100043d8 <tud_task_ext+0x218>
10004880:	e9cd 3202 	strd	r3, r2, [sp, #8]
10004884:	9101      	str	r1, [sp, #4]
10004886:	f7ff fb6d 	bl	10003f64 <dcd_edpt_clear_stall>
1000488a:	9b02      	ldr	r3, [sp, #8]
1000488c:	9901      	ldr	r1, [sp, #4]
1000488e:	eb0a 0343 	add.w	r3, sl, r3, lsl #1
10004892:	eb03 13d1 	add.w	r3, r3, r1, lsr #7
10004896:	f893 1034 	ldrb.w	r1, [r3, #52]	@ 0x34
1000489a:	9a03      	ldr	r2, [sp, #12]
1000489c:	f362 0141 	bfi	r1, r2, #1, #1
100048a0:	f883 1034 	strb.w	r1, [r3, #52]	@ 0x34
100048a4:	f893 1034 	ldrb.w	r1, [r3, #52]	@ 0x34
100048a8:	f362 0100 	bfi	r1, r2, #0, #1
100048ac:	f883 1034 	strb.w	r1, [r3, #52]	@ 0x34
100048b0:	e76d      	b.n	1000478e <tud_task_ext+0x5ce>
100048b2:	2100      	movs	r1, #0
100048b4:	4658      	mov	r0, fp
100048b6:	9301      	str	r3, [sp, #4]
100048b8:	f7ff fa90 	bl	10003ddc <dcd_sof_enable>
100048bc:	4658      	mov	r0, fp
100048be:	f7ff fb23 	bl	10003f08 <dcd_edpt_close_all>
100048c2:	f89a 2002 	ldrb.w	r2, [sl, #2]
100048c6:	4658      	mov	r0, fp
100048c8:	9200      	str	r2, [sp, #0]
100048ca:	f7ff fb9d 	bl	10004008 <configuration_reset>
100048ce:	9a00      	ldr	r2, [sp, #0]
100048d0:	9b01      	ldr	r3, [sp, #4]
100048d2:	f88a 2002 	strb.w	r2, [sl, #2]
100048d6:	e61a      	b.n	1000450e <tud_task_ext+0x34e>
100048d8:	f7ff fbe4 	bl	100040a4 <tud_mount_cb>
100048dc:	e76f      	b.n	100047be <tud_task_ext+0x5fe>
100048de:	4658      	mov	r0, fp
100048e0:	2301      	movs	r3, #1
100048e2:	a908      	add	r1, sp, #32
100048e4:	f10d 021a 	add.w	r2, sp, #26
100048e8:	f88d 701a 	strb.w	r7, [sp, #26]
100048ec:	f000 f924 	bl	10004b38 <tud_control_xfer>
100048f0:	e473      	b.n	100041da <tud_task_ext+0x1a>
100048f2:	780b      	ldrb	r3, [r1, #0]
100048f4:	78c8      	ldrb	r0, [r1, #3]
100048f6:	4419      	add	r1, r3
100048f8:	784b      	ldrb	r3, [r1, #1]
100048fa:	e635      	b.n	10004568 <tud_task_ext+0x3a8>
100048fc:	9f00      	ldr	r7, [sp, #0]
100048fe:	4810      	ldr	r0, [pc, #64]	@ (10004940 <tud_task_ext+0x780>)
10004900:	463b      	mov	r3, r7
10004902:	e9cd 1200 	strd	r1, r2, [sp]
10004906:	f000 fda1 	bl	1000544c <tu_edpt_bind_driver>
1000490a:	e9dd 1200 	ldrd	r1, r2, [sp]
1000490e:	4411      	add	r1, r2
10004910:	4a0c      	ldr	r2, [pc, #48]	@ (10004944 <tud_task_ext+0x784>)
10004912:	7813      	ldrb	r3, [r2, #0]
10004914:	42bb      	cmp	r3, r7
10004916:	f4bf ae1e 	bcs.w	10004556 <tud_task_ext+0x396>
1000491a:	e772      	b.n	10004802 <tud_task_ext+0x642>
1000491c:	f8d3 c010 	ldr.w	ip, [r3, #16]
10004920:	4b09      	ldr	r3, [pc, #36]	@ (10004948 <tud_task_ext+0x788>)
10004922:	459c      	cmp	ip, r3
10004924:	bf08      	it	eq
10004926:	2002      	moveq	r0, #2
10004928:	e756      	b.n	100047d8 <tud_task_ext+0x618>
1000492a:	f04f 23e0 	mov.w	r3, #3758153728	@ 0xe000e000
1000492e:	f8d3 3df0 	ldr.w	r3, [r3, #3568]	@ 0xdf0
10004932:	07db      	lsls	r3, r3, #31
10004934:	f57f ac51 	bpl.w	100041da <tud_task_ext+0x1a>
10004938:	be00      	bkpt	0x0000
1000493a:	e44e      	b.n	100041da <tud_task_ext+0x1a>
1000493c:	200013fc 	.word	0x200013fc
10004940:	20001774 	.word	0x20001774
10004944:	20001d4d 	.word	0x20001d4d
10004948:	10005051 	.word	0x10005051

1000494c <usbd_open_edpt_pair>:
1000494c:	e92d 4ff8 	stmdb	sp!, {r3, r4, r5, r6, r7, r8, r9, sl, fp, lr}
10004950:	9f0a      	ldr	r7, [sp, #40]	@ 0x28
10004952:	2a00      	cmp	r2, #0
10004954:	d040      	beq.n	100049d8 <usbd_open_edpt_pair+0x8c>
10004956:	460c      	mov	r4, r1
10004958:	461e      	mov	r6, r3
1000495a:	4615      	mov	r5, r2
1000495c:	f04f 0b00 	mov.w	fp, #0
10004960:	f8df 9080 	ldr.w	r9, [pc, #128]	@ 100049e4 <usbd_open_edpt_pair+0x98>
10004964:	f8df 8080 	ldr.w	r8, [pc, #128]	@ 100049e8 <usbd_open_edpt_pair+0x9c>
10004968:	e016      	b.n	10004998 <usbd_open_edpt_pair+0x4c>
1000496a:	4620      	mov	r0, r4
1000496c:	f898 1002 	ldrb.w	r1, [r8, #2]
10004970:	f899 a000 	ldrb.w	sl, [r9]
10004974:	f000 fd3a 	bl	100053ec <tu_edpt_validate>
10004978:	b1d0      	cbz	r0, 100049b0 <usbd_open_edpt_pair+0x64>
1000497a:	4621      	mov	r1, r4
1000497c:	4650      	mov	r0, sl
1000497e:	f7ff fa49 	bl	10003e14 <dcd_edpt_open>
10004982:	b1e0      	cbz	r0, 100049be <usbd_open_edpt_pair+0x72>
10004984:	78a3      	ldrb	r3, [r4, #2]
10004986:	f10b 0b01 	add.w	fp, fp, #1
1000498a:	09da      	lsrs	r2, r3, #7
1000498c:	d120      	bne.n	100049d0 <usbd_open_edpt_pair+0x84>
1000498e:	45ab      	cmp	fp, r5
10004990:	703b      	strb	r3, [r7, #0]
10004992:	d021      	beq.n	100049d8 <usbd_open_edpt_pair+0x8c>
10004994:	7823      	ldrb	r3, [r4, #0]
10004996:	441c      	add	r4, r3
10004998:	7863      	ldrb	r3, [r4, #1]
1000499a:	2b05      	cmp	r3, #5
1000499c:	d10f      	bne.n	100049be <usbd_open_edpt_pair+0x72>
1000499e:	78e1      	ldrb	r1, [r4, #3]
100049a0:	f001 0103 	and.w	r1, r1, #3
100049a4:	42b1      	cmp	r1, r6
100049a6:	d10a      	bne.n	100049be <usbd_open_edpt_pair+0x72>
100049a8:	78a3      	ldrb	r3, [r4, #2]
100049aa:	f013 0f70 	tst.w	r3, #112	@ 0x70
100049ae:	d0dc      	beq.n	1000496a <usbd_open_edpt_pair+0x1e>
100049b0:	f04f 23e0 	mov.w	r3, #3758153728	@ 0xe000e000
100049b4:	f8d3 3df0 	ldr.w	r3, [r3, #3568]	@ 0xdf0
100049b8:	07da      	lsls	r2, r3, #31
100049ba:	d500      	bpl.n	100049be <usbd_open_edpt_pair+0x72>
100049bc:	be00      	bkpt	0x0000
100049be:	f04f 23e0 	mov.w	r3, #3758153728	@ 0xe000e000
100049c2:	f8d3 3df0 	ldr.w	r3, [r3, #3568]	@ 0xdf0
100049c6:	07db      	lsls	r3, r3, #31
100049c8:	d409      	bmi.n	100049de <usbd_open_edpt_pair+0x92>
100049ca:	2000      	movs	r0, #0
100049cc:	e8bd 8ff8 	ldmia.w	sp!, {r3, r4, r5, r6, r7, r8, r9, sl, fp, pc}
100049d0:	9a0b      	ldr	r2, [sp, #44]	@ 0x2c
100049d2:	45ab      	cmp	fp, r5
100049d4:	7013      	strb	r3, [r2, #0]
100049d6:	d1dd      	bne.n	10004994 <usbd_open_edpt_pair+0x48>
100049d8:	2001      	movs	r0, #1
100049da:	e8bd 8ff8 	ldmia.w	sp!, {r3, r4, r5, r6, r7, r8, r9, sl, fp, pc}
100049de:	be00      	bkpt	0x0000
100049e0:	e7f3      	b.n	100049ca <usbd_open_edpt_pair+0x7e>
100049e2:	bf00      	nop
100049e4:	200013fc 	.word	0x200013fc
100049e8:	20001760 	.word	0x20001760

100049ec <usbd_edpt_open>:
100049ec:	788b      	ldrb	r3, [r1, #2]
100049ee:	f013 0f70 	tst.w	r3, #112	@ 0x70
100049f2:	d008      	beq.n	10004a06 <usbd_edpt_open+0x1a>
100049f4:	f04f 23e0 	mov.w	r3, #3758153728	@ 0xe000e000
100049f8:	f8d3 3df0 	ldr.w	r3, [r3, #3568]	@ 0xdf0
100049fc:	07da      	lsls	r2, r3, #31
100049fe:	d500      	bpl.n	10004a02 <usbd_edpt_open+0x16>
10004a00:	be00      	bkpt	0x0000
10004a02:	2000      	movs	r0, #0
10004a04:	4770      	bx	lr
10004a06:	b510      	push	{r4, lr}
10004a08:	b082      	sub	sp, #8
10004a0a:	4608      	mov	r0, r1
10004a0c:	9101      	str	r1, [sp, #4]
10004a0e:	490c      	ldr	r1, [pc, #48]	@ (10004a40 <usbd_edpt_open+0x54>)
10004a10:	4a0c      	ldr	r2, [pc, #48]	@ (10004a44 <usbd_edpt_open+0x58>)
10004a12:	7889      	ldrb	r1, [r1, #2]
10004a14:	7814      	ldrb	r4, [r2, #0]
10004a16:	f000 fce9 	bl	100053ec <tu_edpt_validate>
10004a1a:	b948      	cbnz	r0, 10004a30 <usbd_edpt_open+0x44>
10004a1c:	f04f 23e0 	mov.w	r3, #3758153728	@ 0xe000e000
10004a20:	f8d3 3df0 	ldr.w	r3, [r3, #3568]	@ 0xdf0
10004a24:	07db      	lsls	r3, r3, #31
10004a26:	d500      	bpl.n	10004a2a <usbd_edpt_open+0x3e>
10004a28:	be00      	bkpt	0x0000
10004a2a:	2000      	movs	r0, #0
10004a2c:	b002      	add	sp, #8
10004a2e:	bd10      	pop	{r4, pc}
10004a30:	4620      	mov	r0, r4
10004a32:	9901      	ldr	r1, [sp, #4]
10004a34:	b002      	add	sp, #8
10004a36:	e8bd 4010 	ldmia.w	sp!, {r4, lr}
10004a3a:	f7ff b9eb 	b.w	10003e14 <dcd_edpt_open>
10004a3e:	bf00      	nop
10004a40:	20001760 	.word	0x20001760
10004a44:	200013fc 	.word	0x200013fc

10004a48 <usbd_edpt_claim>:
10004a48:	460a      	mov	r2, r1
10004a4a:	4b06      	ldr	r3, [pc, #24]	@ (10004a64 <usbd_edpt_claim+0x1c>)
10004a4c:	4806      	ldr	r0, [pc, #24]	@ (10004a68 <usbd_edpt_claim+0x20>)
10004a4e:	6819      	ldr	r1, [r3, #0]
10004a50:	09d3      	lsrs	r3, r2, #7
10004a52:	3334      	adds	r3, #52	@ 0x34
10004a54:	f002 027f 	and.w	r2, r2, #127	@ 0x7f
10004a58:	eb03 0342 	add.w	r3, r3, r2, lsl #1
10004a5c:	4418      	add	r0, r3
10004a5e:	f000 bc79 	b.w	10005354 <tu_edpt_claim>
10004a62:	bf00      	nop
10004a64:	200017b4 	.word	0x200017b4
10004a68:	20001760 	.word	0x20001760

10004a6c <usbd_edpt_release>:
10004a6c:	460a      	mov	r2, r1
10004a6e:	4b06      	ldr	r3, [pc, #24]	@ (10004a88 <usbd_edpt_release+0x1c>)
10004a70:	4806      	ldr	r0, [pc, #24]	@ (10004a8c <usbd_edpt_release+0x20>)
10004a72:	6819      	ldr	r1, [r3, #0]
10004a74:	09d3      	lsrs	r3, r2, #7
10004a76:	3334      	adds	r3, #52	@ 0x34
10004a78:	f002 027f 	and.w	r2, r2, #127	@ 0x7f
10004a7c:	eb03 0342 	add.w	r3, r3, r2, lsl #1
10004a80:	4418      	add	r0, r3
10004a82:	f000 bc97 	b.w	100053b4 <tu_edpt_release>
10004a86:	bf00      	nop
10004a88:	200017b4 	.word	0x200017b4
10004a8c:	20001760 	.word	0x20001760

10004a90 <usbd_edpt_xfer>:
10004a90:	b510      	push	{r4, lr}
10004a92:	4819      	ldr	r0, [pc, #100]	@ (10004af8 <usbd_edpt_xfer+0x68>)
10004a94:	f001 047f 	and.w	r4, r1, #127	@ 0x7f
10004a98:	eb00 0044 	add.w	r0, r0, r4, lsl #1
10004a9c:	eb00 10d1 	add.w	r0, r0, r1, lsr #7
10004aa0:	f890 c034 	ldrb.w	ip, [r0, #52]	@ 0x34
10004aa4:	f01c 0f01 	tst.w	ip, #1
10004aa8:	d008      	beq.n	10004abc <usbd_edpt_xfer+0x2c>
10004aaa:	f04f 23e0 	mov.w	r3, #3758153728	@ 0xe000e000
10004aae:	f8d3 3df0 	ldr.w	r3, [r3, #3568]	@ 0xdf0
10004ab2:	07da      	lsls	r2, r3, #31
10004ab4:	d500      	bpl.n	10004ab8 <usbd_edpt_xfer+0x28>
10004ab6:	be00      	bkpt	0x0000
10004ab8:	2000      	movs	r0, #0
10004aba:	bd10      	pop	{r4, pc}
10004abc:	f100 0430 	add.w	r4, r0, #48	@ 0x30
10004ac0:	f894 c004 	ldrb.w	ip, [r4, #4]
10004ac4:	480d      	ldr	r0, [pc, #52]	@ (10004afc <usbd_edpt_xfer+0x6c>)
10004ac6:	f04c 0c01 	orr.w	ip, ip, #1
10004aca:	7800      	ldrb	r0, [r0, #0]
10004acc:	f884 c004 	strb.w	ip, [r4, #4]
10004ad0:	f7ff fa1c 	bl	10003f0c <dcd_edpt_xfer>
10004ad4:	2800      	cmp	r0, #0
10004ad6:	d1f0      	bne.n	10004aba <usbd_edpt_xfer+0x2a>
10004ad8:	f04f 21e0 	mov.w	r1, #3758153728	@ 0xe000e000
10004adc:	7922      	ldrb	r2, [r4, #4]
10004ade:	f360 0200 	bfi	r2, r0, #0, #1
10004ae2:	7122      	strb	r2, [r4, #4]
10004ae4:	7922      	ldrb	r2, [r4, #4]
10004ae6:	f360 0282 	bfi	r2, r0, #2, #1
10004aea:	7122      	strb	r2, [r4, #4]
10004aec:	f8d1 3df0 	ldr.w	r3, [r1, #3568]	@ 0xdf0
10004af0:	07db      	lsls	r3, r3, #31
10004af2:	d5e1      	bpl.n	10004ab8 <usbd_edpt_xfer+0x28>
10004af4:	be00      	bkpt	0x0000
10004af6:	e7df      	b.n	10004ab8 <usbd_edpt_xfer+0x28>
10004af8:	20001760 	.word	0x20001760
10004afc:	200013fc 	.word	0x200013fc

10004b00 <tud_control_status>:
10004b00:	f8df c030 	ldr.w	ip, [pc, #48]	@ 10004b34 <tud_control_status+0x34>
10004b04:	2300      	movs	r3, #0
10004b06:	4662      	mov	r2, ip
10004b08:	b510      	push	{r4, lr}
10004b0a:	468e      	mov	lr, r1
10004b0c:	4604      	mov	r4, r0
10004b0e:	6808      	ldr	r0, [r1, #0]
10004b10:	6849      	ldr	r1, [r1, #4]
10004b12:	f8cc 300c 	str.w	r3, [ip, #12]
10004b16:	c203      	stmia	r2!, {r0, r1}
10004b18:	f89e 1000 	ldrb.w	r1, [lr]
10004b1c:	4620      	mov	r0, r4
10004b1e:	e8bd 4010 	ldmia.w	sp!, {r4, lr}
10004b22:	f081 01ff 	eor.w	r1, r1, #255	@ 0xff
10004b26:	461a      	mov	r2, r3
10004b28:	f001 0180 	and.w	r1, r1, #128	@ 0x80
10004b2c:	f8cc 3008 	str.w	r3, [ip, #8]
10004b30:	f7ff bfae 	b.w	10004a90 <usbd_edpt_xfer>
10004b34:	20001720 	.word	0x20001720

10004b38 <tud_control_xfer>:
10004b38:	f8df c0ac 	ldr.w	ip, [pc, #172]	@ 10004be8 <tud_control_xfer+0xb0>
10004b3c:	b570      	push	{r4, r5, r6, lr}
10004b3e:	4615      	mov	r5, r2
10004b40:	4662      	mov	r2, ip
10004b42:	2400      	movs	r4, #0
10004b44:	468e      	mov	lr, r1
10004b46:	4606      	mov	r6, r0
10004b48:	6808      	ldr	r0, [r1, #0]
10004b4a:	6849      	ldr	r1, [r1, #4]
10004b4c:	b082      	sub	sp, #8
10004b4e:	c203      	stmia	r2!, {r0, r1}
10004b50:	f8cc 5008 	str.w	r5, [ip, #8]
10004b54:	f8ac 400e 	strh.w	r4, [ip, #14]
10004b58:	f8be 2006 	ldrh.w	r2, [lr, #6]
10004b5c:	4293      	cmp	r3, r2
10004b5e:	bf28      	it	cs
10004b60:	4613      	movcs	r3, r2
10004b62:	f8ac 300c 	strh.w	r3, [ip, #12]
10004b66:	b18a      	cbz	r2, 10004b8c <tud_control_xfer+0x54>
10004b68:	b333      	cbz	r3, 10004bb8 <tud_control_xfer+0x80>
10004b6a:	b1dd      	cbz	r5, 10004ba4 <tud_control_xfer+0x6c>
10004b6c:	f99c 2000 	ldrsb.w	r2, [ip]
10004b70:	2b40      	cmp	r3, #64	@ 0x40
10004b72:	bf28      	it	cs
10004b74:	2340      	movcs	r3, #64	@ 0x40
10004b76:	2a00      	cmp	r2, #0
10004b78:	db29      	blt.n	10004bce <tud_control_xfer+0x96>
10004b7a:	4621      	mov	r1, r4
10004b7c:	4630      	mov	r0, r6
10004b7e:	4a19      	ldr	r2, [pc, #100]	@ (10004be4 <tud_control_xfer+0xac>)
10004b80:	f7ff ff86 	bl	10004a90 <usbd_edpt_xfer>
10004b84:	b170      	cbz	r0, 10004ba4 <tud_control_xfer+0x6c>
10004b86:	2001      	movs	r0, #1
10004b88:	b002      	add	sp, #8
10004b8a:	bd70      	pop	{r4, r5, r6, pc}
10004b8c:	f89e 1000 	ldrb.w	r1, [lr]
10004b90:	4613      	mov	r3, r2
10004b92:	f081 01ff 	eor.w	r1, r1, #255	@ 0xff
10004b96:	4630      	mov	r0, r6
10004b98:	f001 0180 	and.w	r1, r1, #128	@ 0x80
10004b9c:	f7ff ff78 	bl	10004a90 <usbd_edpt_xfer>
10004ba0:	2800      	cmp	r0, #0
10004ba2:	d1f0      	bne.n	10004b86 <tud_control_xfer+0x4e>
10004ba4:	f04f 23e0 	mov.w	r3, #3758153728	@ 0xe000e000
10004ba8:	f8d3 3df0 	ldr.w	r3, [r3, #3568]	@ 0xdf0
10004bac:	07db      	lsls	r3, r3, #31
10004bae:	d500      	bpl.n	10004bb2 <tud_control_xfer+0x7a>
10004bb0:	be00      	bkpt	0x0000
10004bb2:	2000      	movs	r0, #0
10004bb4:	b002      	add	sp, #8
10004bb6:	bd70      	pop	{r4, r5, r6, pc}
10004bb8:	461a      	mov	r2, r3
10004bba:	f89c 1000 	ldrb.w	r1, [ip]
10004bbe:	f001 0180 	and.w	r1, r1, #128	@ 0x80
10004bc2:	4630      	mov	r0, r6
10004bc4:	f7ff ff64 	bl	10004a90 <usbd_edpt_xfer>
10004bc8:	2800      	cmp	r0, #0
10004bca:	d1dc      	bne.n	10004b86 <tud_control_xfer+0x4e>
10004bcc:	e7ea      	b.n	10004ba4 <tud_control_xfer+0x6c>
10004bce:	461a      	mov	r2, r3
10004bd0:	4629      	mov	r1, r5
10004bd2:	4804      	ldr	r0, [pc, #16]	@ (10004be4 <tud_control_xfer+0xac>)
10004bd4:	9301      	str	r3, [sp, #4]
10004bd6:	f002 fc97 	bl	10007508 <__memcpy_veneer>
10004bda:	2180      	movs	r1, #128	@ 0x80
10004bdc:	4a01      	ldr	r2, [pc, #4]	@ (10004be4 <tud_control_xfer+0xac>)
10004bde:	9b01      	ldr	r3, [sp, #4]
10004be0:	e7ef      	b.n	10004bc2 <tud_control_xfer+0x8a>
10004be2:	bf00      	nop
10004be4:	200016e0 	.word	0x200016e0
10004be8:	20001720 	.word	0x20001720

10004bec <usbd_control_reset>:
10004bec:	2200      	movs	r2, #0
10004bee:	4b03      	ldr	r3, [pc, #12]	@ (10004bfc <usbd_control_reset+0x10>)
10004bf0:	e9c3 2200 	strd	r2, r2, [r3]
10004bf4:	e9c3 2202 	strd	r2, r2, [r3, #8]
10004bf8:	611a      	str	r2, [r3, #16]
10004bfa:	4770      	bx	lr
10004bfc:	20001720 	.word	0x20001720

10004c00 <usbd_control_set_complete_callback>:
10004c00:	4b01      	ldr	r3, [pc, #4]	@ (10004c08 <usbd_control_set_complete_callback+0x8>)
10004c02:	6118      	str	r0, [r3, #16]
10004c04:	4770      	bx	lr
10004c06:	bf00      	nop
10004c08:	20001720 	.word	0x20001720

10004c0c <usbd_control_set_request>:
10004c0c:	4601      	mov	r1, r0
10004c0e:	4a05      	ldr	r2, [pc, #20]	@ (10004c24 <usbd_control_set_request+0x18>)
10004c10:	f04f 0c00 	mov.w	ip, #0
10004c14:	4613      	mov	r3, r2
10004c16:	6800      	ldr	r0, [r0, #0]
10004c18:	6849      	ldr	r1, [r1, #4]
10004c1a:	e9c2 cc02 	strd	ip, ip, [r2, #8]
10004c1e:	c303      	stmia	r3!, {r0, r1}
10004c20:	4770      	bx	lr
10004c22:	bf00      	nop
10004c24:	20001720 	.word	0x20001720

10004c28 <usbd_control_xfer_cb>:
10004c28:	b530      	push	{r4, r5, lr}
10004c2a:	4c3e      	ldr	r4, [pc, #248]	@ (10004d24 <usbd_control_xfer_cb+0xfc>)
10004c2c:	09c9      	lsrs	r1, r1, #7
10004c2e:	7822      	ldrb	r2, [r4, #0]
10004c30:	4605      	mov	r5, r0
10004c32:	ebb1 1fd2 	cmp.w	r1, r2, lsr #7
10004c36:	b083      	sub	sp, #12
10004c38:	d017      	beq.n	10004c6a <usbd_control_xfer_cb+0x42>
10004c3a:	b153      	cbz	r3, 10004c52 <usbd_control_xfer_cb+0x2a>
10004c3c:	f04f 23e0 	mov.w	r3, #3758153728	@ 0xe000e000
10004c40:	f8d3 3df0 	ldr.w	r3, [r3, #3568]	@ 0xdf0
10004c44:	07db      	lsls	r3, r3, #31
10004c46:	d402      	bmi.n	10004c4e <usbd_control_xfer_cb+0x26>
10004c48:	2000      	movs	r0, #0
10004c4a:	b003      	add	sp, #12
10004c4c:	bd30      	pop	{r4, r5, pc}
10004c4e:	be00      	bkpt	0x0000
10004c50:	e7fa      	b.n	10004c48 <usbd_control_xfer_cb+0x20>
10004c52:	4621      	mov	r1, r4
10004c54:	f7ff f8d0 	bl	10003df8 <dcd_edpt0_status_complete>
10004c58:	6923      	ldr	r3, [r4, #16]
10004c5a:	b11b      	cbz	r3, 10004c64 <usbd_control_xfer_cb+0x3c>
10004c5c:	4622      	mov	r2, r4
10004c5e:	2103      	movs	r1, #3
10004c60:	4628      	mov	r0, r5
10004c62:	4798      	blx	r3
10004c64:	2001      	movs	r0, #1
10004c66:	b003      	add	sp, #12
10004c68:	bd30      	pop	{r4, r5, pc}
10004c6a:	f994 2000 	ldrsb.w	r2, [r4]
10004c6e:	2a00      	cmp	r2, #0
10004c70:	db08      	blt.n	10004c84 <usbd_control_xfer_cb+0x5c>
10004c72:	68a0      	ldr	r0, [r4, #8]
10004c74:	2800      	cmp	r0, #0
10004c76:	d0e7      	beq.n	10004c48 <usbd_control_xfer_cb+0x20>
10004c78:	461a      	mov	r2, r3
10004c7a:	492b      	ldr	r1, [pc, #172]	@ (10004d28 <usbd_control_xfer_cb+0x100>)
10004c7c:	9301      	str	r3, [sp, #4]
10004c7e:	f002 fc43 	bl	10007508 <__memcpy_veneer>
10004c82:	9b01      	ldr	r3, [sp, #4]
10004c84:	89e0      	ldrh	r0, [r4, #14]
10004c86:	68a1      	ldr	r1, [r4, #8]
10004c88:	88e2      	ldrh	r2, [r4, #6]
10004c8a:	4418      	add	r0, r3
10004c8c:	b280      	uxth	r0, r0
10004c8e:	4419      	add	r1, r3
10004c90:	4282      	cmp	r2, r0
10004c92:	81e0      	strh	r0, [r4, #14]
10004c94:	60a1      	str	r1, [r4, #8]
10004c96:	d016      	beq.n	10004cc6 <usbd_control_xfer_cb+0x9e>
10004c98:	2b3f      	cmp	r3, #63	@ 0x3f
10004c9a:	d914      	bls.n	10004cc6 <usbd_control_xfer_cb+0x9e>
10004c9c:	89a2      	ldrh	r2, [r4, #12]
10004c9e:	f994 4000 	ldrsb.w	r4, [r4]
10004ca2:	1a13      	subs	r3, r2, r0
10004ca4:	b29b      	uxth	r3, r3
10004ca6:	2b40      	cmp	r3, #64	@ 0x40
10004ca8:	bf28      	it	cs
10004caa:	2340      	movcs	r3, #64	@ 0x40
10004cac:	2c00      	cmp	r4, #0
10004cae:	db28      	blt.n	10004d02 <usbd_control_xfer_cb+0xda>
10004cb0:	4290      	cmp	r0, r2
10004cb2:	f04f 0100 	mov.w	r1, #0
10004cb6:	d032      	beq.n	10004d1e <usbd_control_xfer_cb+0xf6>
10004cb8:	4a1b      	ldr	r2, [pc, #108]	@ (10004d28 <usbd_control_xfer_cb+0x100>)
10004cba:	4628      	mov	r0, r5
10004cbc:	f7ff fee8 	bl	10004a90 <usbd_edpt_xfer>
10004cc0:	2800      	cmp	r0, #0
10004cc2:	d1cf      	bne.n	10004c64 <usbd_control_xfer_cb+0x3c>
10004cc4:	e7ba      	b.n	10004c3c <usbd_control_xfer_cb+0x14>
10004cc6:	6923      	ldr	r3, [r4, #16]
10004cc8:	b123      	cbz	r3, 10004cd4 <usbd_control_xfer_cb+0xac>
10004cca:	2102      	movs	r1, #2
10004ccc:	4628      	mov	r0, r5
10004cce:	4a15      	ldr	r2, [pc, #84]	@ (10004d24 <usbd_control_xfer_cb+0xfc>)
10004cd0:	4798      	blx	r3
10004cd2:	b168      	cbz	r0, 10004cf0 <usbd_control_xfer_cb+0xc8>
10004cd4:	2300      	movs	r3, #0
10004cd6:	7821      	ldrb	r1, [r4, #0]
10004cd8:	4628      	mov	r0, r5
10004cda:	f081 01ff 	eor.w	r1, r1, #255	@ 0xff
10004cde:	461a      	mov	r2, r3
10004ce0:	f001 0180 	and.w	r1, r1, #128	@ 0x80
10004ce4:	f7ff fed4 	bl	10004a90 <usbd_edpt_xfer>
10004ce8:	2800      	cmp	r0, #0
10004cea:	d0a7      	beq.n	10004c3c <usbd_control_xfer_cb+0x14>
10004cec:	2001      	movs	r0, #1
10004cee:	e7ba      	b.n	10004c66 <usbd_control_xfer_cb+0x3e>
10004cf0:	4601      	mov	r1, r0
10004cf2:	4628      	mov	r0, r5
10004cf4:	f7ff f91e 	bl	10003f34 <dcd_edpt_stall>
10004cf8:	2180      	movs	r1, #128	@ 0x80
10004cfa:	4628      	mov	r0, r5
10004cfc:	f7ff f91a 	bl	10003f34 <dcd_edpt_stall>
10004d00:	e7b0      	b.n	10004c64 <usbd_control_xfer_cb+0x3c>
10004d02:	4290      	cmp	r0, r2
10004d04:	d008      	beq.n	10004d18 <usbd_control_xfer_cb+0xf0>
10004d06:	461a      	mov	r2, r3
10004d08:	4807      	ldr	r0, [pc, #28]	@ (10004d28 <usbd_control_xfer_cb+0x100>)
10004d0a:	9301      	str	r3, [sp, #4]
10004d0c:	f002 fbfc 	bl	10007508 <__memcpy_veneer>
10004d10:	2180      	movs	r1, #128	@ 0x80
10004d12:	4a05      	ldr	r2, [pc, #20]	@ (10004d28 <usbd_control_xfer_cb+0x100>)
10004d14:	9b01      	ldr	r3, [sp, #4]
10004d16:	e7d0      	b.n	10004cba <usbd_control_xfer_cb+0x92>
10004d18:	2180      	movs	r1, #128	@ 0x80
10004d1a:	2200      	movs	r2, #0
10004d1c:	e7cd      	b.n	10004cba <usbd_control_xfer_cb+0x92>
10004d1e:	460a      	mov	r2, r1
10004d20:	e7cb      	b.n	10004cba <usbd_control_xfer_cb+0x92>
10004d22:	bf00      	nop
10004d24:	20001720 	.word	0x20001720
10004d28:	200016e0 	.word	0x200016e0

10004d2c <_prep_out_transaction.isra.0>:
10004d2c:	b570      	push	{r4, r5, r6, lr}
10004d2e:	b082      	sub	sp, #8
10004d30:	4604      	mov	r4, r0
10004d32:	f7ff f9bf 	bl	100040b4 <tud_mounted>
10004d36:	b908      	cbnz	r0, 10004d3c <_prep_out_transaction.isra.0+0x10>
10004d38:	b002      	add	sp, #8
10004d3a:	bd70      	pop	{r4, r5, r6, pc}
10004d3c:	f7ff f9c2 	bl	100040c4 <tud_suspended>
10004d40:	4602      	mov	r2, r0
10004d42:	2800      	cmp	r0, #0
10004d44:	d1f8      	bne.n	10004d38 <_prep_out_transaction.isra.0+0xc>
10004d46:	23c8      	movs	r3, #200	@ 0xc8
10004d48:	fb04 f303 	mul.w	r3, r4, r3
10004d4c:	4915      	ldr	r1, [pc, #84]	@ (10004da4 <_prep_out_transaction.isra.0+0x78>)
10004d4e:	4625      	mov	r5, r4
10004d50:	18cc      	adds	r4, r1, r3
10004d52:	78e0      	ldrb	r0, [r4, #3]
10004d54:	2800      	cmp	r0, #0
10004d56:	d0ef      	beq.n	10004d38 <_prep_out_transaction.isra.0+0xc>
10004d58:	3310      	adds	r3, #16
10004d5a:	185e      	adds	r6, r3, r1
10004d5c:	4630      	mov	r0, r6
10004d5e:	9201      	str	r2, [sp, #4]
10004d60:	f000 fbe8 	bl	10005534 <tu_fifo_remaining>
10004d64:	283f      	cmp	r0, #63	@ 0x3f
10004d66:	d9e7      	bls.n	10004d38 <_prep_out_transaction.isra.0+0xc>
10004d68:	78e1      	ldrb	r1, [r4, #3]
10004d6a:	9801      	ldr	r0, [sp, #4]
10004d6c:	f7ff fe6c 	bl	10004a48 <usbd_edpt_claim>
10004d70:	2800      	cmp	r0, #0
10004d72:	d0e1      	beq.n	10004d38 <_prep_out_transaction.isra.0+0xc>
10004d74:	4630      	mov	r0, r6
10004d76:	f000 fbdd 	bl	10005534 <tu_fifo_remaining>
10004d7a:	283f      	cmp	r0, #63	@ 0x3f
10004d7c:	78e1      	ldrb	r1, [r4, #3]
10004d7e:	d90a      	bls.n	10004d96 <_prep_out_transaction.isra.0+0x6a>
10004d80:	2340      	movs	r3, #64	@ 0x40
10004d82:	f8df c024 	ldr.w	ip, [pc, #36]	@ 10004da8 <_prep_out_transaction.isra.0+0x7c>
10004d86:	9801      	ldr	r0, [sp, #4]
10004d88:	eb0c 12c5 	add.w	r2, ip, r5, lsl #7
10004d8c:	b002      	add	sp, #8
10004d8e:	e8bd 4070 	ldmia.w	sp!, {r4, r5, r6, lr}
10004d92:	f7ff be7d 	b.w	10004a90 <usbd_edpt_xfer>
10004d96:	9801      	ldr	r0, [sp, #4]
10004d98:	b002      	add	sp, #8
10004d9a:	e8bd 4070 	ldmia.w	sp!, {r4, r5, r6, lr}
10004d9e:	f7ff be65 	b.w	10004a6c <usbd_edpt_release>
10004da2:	bf00      	nop
10004da4:	20001408 	.word	0x20001408
10004da8:	2000165c 	.word	0x2000165c

10004dac <tud_cdc_n_connected>:
10004dac:	b510      	push	{r4, lr}
10004dae:	4604      	mov	r4, r0
10004db0:	f7ff f980 	bl	100040b4 <tud_mounted>
10004db4:	b908      	cbnz	r0, 10004dba <tud_cdc_n_connected+0xe>
10004db6:	2000      	movs	r0, #0
10004db8:	bd10      	pop	{r4, pc}
10004dba:	f7ff f983 	bl	100040c4 <tud_suspended>
10004dbe:	2800      	cmp	r0, #0
10004dc0:	d1f9      	bne.n	10004db6 <tud_cdc_n_connected+0xa>
10004dc2:	22c8      	movs	r2, #200	@ 0xc8
10004dc4:	4b03      	ldr	r3, [pc, #12]	@ (10004dd4 <tud_cdc_n_connected+0x28>)
10004dc6:	fb02 3304 	mla	r3, r2, r4, r3
10004dca:	7918      	ldrb	r0, [r3, #4]
10004dcc:	f000 0001 	and.w	r0, r0, #1
10004dd0:	bd10      	pop	{r4, pc}
10004dd2:	bf00      	nop
10004dd4:	20001408 	.word	0x20001408

10004dd8 <tud_cdc_n_available>:
10004dd8:	22c8      	movs	r2, #200	@ 0xc8
10004dda:	b508      	push	{r3, lr}
10004ddc:	4b02      	ldr	r3, [pc, #8]	@ (10004de8 <tud_cdc_n_available+0x10>)
10004dde:	fb02 3000 	mla	r0, r2, r0, r3
10004de2:	f000 fb8d 	bl	10005500 <tu_fifo_count>
10004de6:	bd08      	pop	{r3, pc}
10004de8:	20001418 	.word	0x20001418

10004dec <tud_cdc_n_read>:
10004dec:	f64f 73ff 	movw	r3, #65535	@ 0xffff
10004df0:	e92d 41f0 	stmdb	sp!, {r4, r5, r6, r7, r8, lr}
10004df4:	24c8      	movs	r4, #200	@ 0xc8
10004df6:	429a      	cmp	r2, r3
10004df8:	bf28      	it	cs
10004dfa:	461a      	movcs	r2, r3
10004dfc:	fb00 f404 	mul.w	r4, r0, r4
10004e00:	4d1b      	ldr	r5, [pc, #108]	@ (10004e70 <tud_cdc_n_read+0x84>)
10004e02:	f104 0310 	add.w	r3, r4, #16
10004e06:	b082      	sub	sp, #8
10004e08:	4680      	mov	r8, r0
10004e0a:	b292      	uxth	r2, r2
10004e0c:	1958      	adds	r0, r3, r5
10004e0e:	195f      	adds	r7, r3, r5
10004e10:	f000 fbf0 	bl	100055f4 <tu_fifo_read_n>
10004e14:	4606      	mov	r6, r0
10004e16:	f7ff f94d 	bl	100040b4 <tud_mounted>
10004e1a:	b918      	cbnz	r0, 10004e24 <tud_cdc_n_read+0x38>
10004e1c:	4630      	mov	r0, r6
10004e1e:	b002      	add	sp, #8
10004e20:	e8bd 81f0 	ldmia.w	sp!, {r4, r5, r6, r7, r8, pc}
10004e24:	f7ff f94e 	bl	100040c4 <tud_suspended>
10004e28:	2800      	cmp	r0, #0
10004e2a:	d1f7      	bne.n	10004e1c <tud_cdc_n_read+0x30>
10004e2c:	4425      	add	r5, r4
10004e2e:	78ea      	ldrb	r2, [r5, #3]
10004e30:	2a00      	cmp	r2, #0
10004e32:	d0f3      	beq.n	10004e1c <tud_cdc_n_read+0x30>
10004e34:	9001      	str	r0, [sp, #4]
10004e36:	4638      	mov	r0, r7
10004e38:	f000 fb7c 	bl	10005534 <tu_fifo_remaining>
10004e3c:	283f      	cmp	r0, #63	@ 0x3f
10004e3e:	d9ed      	bls.n	10004e1c <tud_cdc_n_read+0x30>
10004e40:	9801      	ldr	r0, [sp, #4]
10004e42:	78e9      	ldrb	r1, [r5, #3]
10004e44:	f7ff fe00 	bl	10004a48 <usbd_edpt_claim>
10004e48:	2800      	cmp	r0, #0
10004e4a:	d0e7      	beq.n	10004e1c <tud_cdc_n_read+0x30>
10004e4c:	4638      	mov	r0, r7
10004e4e:	f000 fb71 	bl	10005534 <tu_fifo_remaining>
10004e52:	283f      	cmp	r0, #63	@ 0x3f
10004e54:	78e9      	ldrb	r1, [r5, #3]
10004e56:	d907      	bls.n	10004e68 <tud_cdc_n_read+0x7c>
10004e58:	4a06      	ldr	r2, [pc, #24]	@ (10004e74 <tud_cdc_n_read+0x88>)
10004e5a:	2340      	movs	r3, #64	@ 0x40
10004e5c:	9801      	ldr	r0, [sp, #4]
10004e5e:	eb02 12c8 	add.w	r2, r2, r8, lsl #7
10004e62:	f7ff fe15 	bl	10004a90 <usbd_edpt_xfer>
10004e66:	e7d9      	b.n	10004e1c <tud_cdc_n_read+0x30>
10004e68:	9801      	ldr	r0, [sp, #4]
10004e6a:	f7ff fdff 	bl	10004a6c <usbd_edpt_release>
10004e6e:	e7d5      	b.n	10004e1c <tud_cdc_n_read+0x30>
10004e70:	20001408 	.word	0x20001408
10004e74:	2000165c 	.word	0x2000165c

10004e78 <tud_cdc_n_write_flush>:
10004e78:	b5f0      	push	{r4, r5, r6, r7, lr}
10004e7a:	b083      	sub	sp, #12
10004e7c:	4605      	mov	r5, r0
10004e7e:	f7ff f919 	bl	100040b4 <tud_mounted>
10004e82:	b910      	cbnz	r0, 10004e8a <tud_cdc_n_write_flush+0x12>
10004e84:	2000      	movs	r0, #0
10004e86:	b003      	add	sp, #12
10004e88:	bdf0      	pop	{r4, r5, r6, r7, pc}
10004e8a:	f7ff f91b 	bl	100040c4 <tud_suspended>
10004e8e:	4604      	mov	r4, r0
10004e90:	2800      	cmp	r0, #0
10004e92:	d1f7      	bne.n	10004e84 <tud_cdc_n_write_flush+0xc>
10004e94:	23c8      	movs	r3, #200	@ 0xc8
10004e96:	fb05 f303 	mul.w	r3, r5, r3
10004e9a:	4a1a      	ldr	r2, [pc, #104]	@ (10004f04 <tud_cdc_n_write_flush+0x8c>)
10004e9c:	f103 0124 	add.w	r1, r3, #36	@ 0x24
10004ea0:	188f      	adds	r7, r1, r2
10004ea2:	4638      	mov	r0, r7
10004ea4:	9300      	str	r3, [sp, #0]
10004ea6:	f000 fb2b 	bl	10005500 <tu_fifo_count>
10004eaa:	2800      	cmp	r0, #0
10004eac:	d0ea      	beq.n	10004e84 <tud_cdc_n_write_flush+0xc>
10004eae:	4a15      	ldr	r2, [pc, #84]	@ (10004f04 <tud_cdc_n_write_flush+0x8c>)
10004eb0:	9b00      	ldr	r3, [sp, #0]
10004eb2:	4620      	mov	r0, r4
10004eb4:	18d6      	adds	r6, r2, r3
10004eb6:	78b1      	ldrb	r1, [r6, #2]
10004eb8:	f7ff fdc6 	bl	10004a48 <usbd_edpt_claim>
10004ebc:	2800      	cmp	r0, #0
10004ebe:	d0e1      	beq.n	10004e84 <tud_cdc_n_write_flush+0xc>
10004ec0:	4911      	ldr	r1, [pc, #68]	@ (10004f08 <tud_cdc_n_write_flush+0x90>)
10004ec2:	4638      	mov	r0, r7
10004ec4:	eb01 11c5 	add.w	r1, r1, r5, lsl #7
10004ec8:	2240      	movs	r2, #64	@ 0x40
10004eca:	9100      	str	r1, [sp, #0]
10004ecc:	f000 fb92 	bl	100055f4 <tu_fifo_read_n>
10004ed0:	f896 c002 	ldrb.w	ip, [r6, #2]
10004ed4:	4603      	mov	r3, r0
10004ed6:	b170      	cbz	r0, 10004ef6 <tud_cdc_n_write_flush+0x7e>
10004ed8:	9001      	str	r0, [sp, #4]
10004eda:	4661      	mov	r1, ip
10004edc:	4620      	mov	r0, r4
10004ede:	9a00      	ldr	r2, [sp, #0]
10004ee0:	f7ff fdd6 	bl	10004a90 <usbd_edpt_xfer>
10004ee4:	b958      	cbnz	r0, 10004efe <tud_cdc_n_write_flush+0x86>
10004ee6:	f04f 23e0 	mov.w	r3, #3758153728	@ 0xe000e000
10004eea:	f8d3 3df0 	ldr.w	r3, [r3, #3568]	@ 0xdf0
10004eee:	07db      	lsls	r3, r3, #31
10004ef0:	d5c8      	bpl.n	10004e84 <tud_cdc_n_write_flush+0xc>
10004ef2:	be00      	bkpt	0x0000
10004ef4:	e7c6      	b.n	10004e84 <tud_cdc_n_write_flush+0xc>
10004ef6:	4661      	mov	r1, ip
10004ef8:	f7ff fdb8 	bl	10004a6c <usbd_edpt_release>
10004efc:	e7c2      	b.n	10004e84 <tud_cdc_n_write_flush+0xc>
10004efe:	9801      	ldr	r0, [sp, #4]
10004f00:	e7c1      	b.n	10004e86 <tud_cdc_n_write_flush+0xe>
10004f02:	bf00      	nop
10004f04:	20001408 	.word	0x20001408
10004f08:	2000169c 	.word	0x2000169c

10004f0c <tud_cdc_n_write>:
10004f0c:	b570      	push	{r4, r5, r6, lr}
10004f0e:	4605      	mov	r5, r0
10004f10:	f64f 70ff 	movw	r0, #65535	@ 0xffff
10004f14:	23c8      	movs	r3, #200	@ 0xc8
10004f16:	4282      	cmp	r2, r0
10004f18:	bf28      	it	cs
10004f1a:	4602      	movcs	r2, r0
10004f1c:	4c09      	ldr	r4, [pc, #36]	@ (10004f44 <tud_cdc_n_write+0x38>)
10004f1e:	b292      	uxth	r2, r2
10004f20:	fb03 4405 	mla	r4, r3, r5, r4
10004f24:	4620      	mov	r0, r4
10004f26:	f000 fc29 	bl	1000577c <tu_fifo_write_n>
10004f2a:	4606      	mov	r6, r0
10004f2c:	4620      	mov	r0, r4
10004f2e:	f000 fae7 	bl	10005500 <tu_fifo_count>
10004f32:	283f      	cmp	r0, #63	@ 0x3f
10004f34:	d801      	bhi.n	10004f3a <tud_cdc_n_write+0x2e>
10004f36:	4630      	mov	r0, r6
10004f38:	bd70      	pop	{r4, r5, r6, pc}
10004f3a:	4628      	mov	r0, r5
10004f3c:	f7ff ff9c 	bl	10004e78 <tud_cdc_n_write_flush>
10004f40:	4630      	mov	r0, r6
10004f42:	bd70      	pop	{r4, r5, r6, pc}
10004f44:	2000142c 	.word	0x2000142c

10004f48 <tud_cdc_n_write_available>:
10004f48:	22c8      	movs	r2, #200	@ 0xc8
10004f4a:	b508      	push	{r3, lr}
10004f4c:	4b02      	ldr	r3, [pc, #8]	@ (10004f58 <tud_cdc_n_write_available+0x10>)
10004f4e:	fb02 3000 	mla	r0, r2, r0, r3
10004f52:	f000 faef 	bl	10005534 <tu_fifo_remaining>
10004f56:	bd08      	pop	{r3, pc}
10004f58:	2000142c 	.word	0x2000142c

10004f5c <cdcd_init>:
10004f5c:	b570      	push	{r4, r5, r6, lr}
10004f5e:	2400      	movs	r4, #0
10004f60:	b082      	sub	sp, #8
10004f62:	22c8      	movs	r2, #200	@ 0xc8
10004f64:	2100      	movs	r1, #0
10004f66:	4818      	ldr	r0, [pc, #96]	@ (10004fc8 <cdcd_init+0x6c>)
10004f68:	f002 faca 	bl	10007500 <__memset_veneer>
10004f6c:	23ff      	movs	r3, #255	@ 0xff
10004f6e:	f44f 31e1 	mov.w	r1, #115200	@ 0x1c200
10004f72:	2208      	movs	r2, #8
10004f74:	4815      	ldr	r0, [pc, #84]	@ (10004fcc <cdcd_init+0x70>)
10004f76:	7004      	strb	r4, [r0, #0]
10004f78:	4813      	ldr	r0, [pc, #76]	@ (10004fc8 <cdcd_init+0x6c>)
10004f7a:	9400      	str	r4, [sp, #0]
10004f7c:	4606      	mov	r6, r0
10004f7e:	7143      	strb	r3, [r0, #5]
10004f80:	6081      	str	r1, [r0, #8]
10004f82:	7382      	strb	r2, [r0, #14]
10004f84:	f100 0138 	add.w	r1, r0, #56	@ 0x38
10004f88:	2301      	movs	r3, #1
10004f8a:	2240      	movs	r2, #64	@ 0x40
10004f8c:	3010      	adds	r0, #16
10004f8e:	f000 fa87 	bl	100054a0 <tu_fifo_config>
10004f92:	2301      	movs	r3, #1
10004f94:	2240      	movs	r2, #64	@ 0x40
10004f96:	f106 0178 	add.w	r1, r6, #120	@ 0x78
10004f9a:	9300      	str	r3, [sp, #0]
10004f9c:	f106 05b8 	add.w	r5, r6, #184	@ 0xb8
10004fa0:	f106 0024 	add.w	r0, r6, #36	@ 0x24
10004fa4:	f000 fa7c 	bl	100054a0 <tu_fifo_config>
10004fa8:	4628      	mov	r0, r5
10004faa:	f7fb fce5 	bl	10000978 <mutex_init>
10004fae:	f106 00c0 	add.w	r0, r6, #192	@ 0xc0
10004fb2:	f7fb fce1 	bl	10000978 <mutex_init>
10004fb6:	f106 00c0 	add.w	r0, r6, #192	@ 0xc0
10004fba:	e9c6 4507 	strd	r4, r5, [r6, #28]
10004fbe:	e9c6 040c 	strd	r0, r4, [r6, #48]	@ 0x30
10004fc2:	b002      	add	sp, #8
10004fc4:	bd70      	pop	{r4, r5, r6, pc}
10004fc6:	bf00      	nop
10004fc8:	20001408 	.word	0x20001408
10004fcc:	200016dc 	.word	0x200016dc

10004fd0 <cdcd_deinit>:
10004fd0:	4b0a      	ldr	r3, [pc, #40]	@ (10004ffc <cdcd_deinit+0x2c>)
10004fd2:	6b19      	ldr	r1, [r3, #48]	@ 0x30
10004fd4:	6a1a      	ldr	r2, [r3, #32]
10004fd6:	b161      	cbz	r1, 10004ff2 <cdcd_deinit+0x22>
10004fd8:	b13a      	cbz	r2, 10004fea <cdcd_deinit+0x1a>
10004fda:	2200      	movs	r2, #0
10004fdc:	e9c3 220c 	strd	r2, r2, [r3, #48]	@ 0x30
10004fe0:	61da      	str	r2, [r3, #28]
10004fe2:	2200      	movs	r2, #0
10004fe4:	621a      	str	r2, [r3, #32]
10004fe6:	2001      	movs	r0, #1
10004fe8:	4770      	bx	lr
10004fea:	2001      	movs	r0, #1
10004fec:	e9c3 220c 	strd	r2, r2, [r3, #48]	@ 0x30
10004ff0:	4770      	bx	lr
10004ff2:	2a00      	cmp	r2, #0
10004ff4:	d0f7      	beq.n	10004fe6 <cdcd_deinit+0x16>
10004ff6:	61d9      	str	r1, [r3, #28]
10004ff8:	e7f3      	b.n	10004fe2 <cdcd_deinit+0x12>
10004ffa:	bf00      	nop
10004ffc:	20001408 	.word	0x20001408

10005000 <cdcd_reset>:
10005000:	2200      	movs	r2, #0
10005002:	4910      	ldr	r1, [pc, #64]	@ (10005044 <cdcd_reset+0x44>)
10005004:	b508      	push	{r3, lr}
10005006:	4810      	ldr	r0, [pc, #64]	@ (10005048 <cdcd_reset+0x48>)
10005008:	780b      	ldrb	r3, [r1, #0]
1000500a:	6002      	str	r2, [r0, #0]
1000500c:	7102      	strb	r2, [r0, #4]
1000500e:	07da      	lsls	r2, r3, #31
10005010:	d507      	bpl.n	10005022 <cdcd_reset+0x22>
10005012:	079b      	lsls	r3, r3, #30
10005014:	d50c      	bpl.n	10005030 <cdcd_reset+0x30>
10005016:	e8bd 4008 	ldmia.w	sp!, {r3, lr}
1000501a:	2101      	movs	r1, #1
1000501c:	480b      	ldr	r0, [pc, #44]	@ (1000504c <cdcd_reset+0x4c>)
1000501e:	f000 bc71 	b.w	10005904 <tu_fifo_set_overwritable>
10005022:	3010      	adds	r0, #16
10005024:	f000 fc52 	bl	100058cc <tu_fifo_clear>
10005028:	4906      	ldr	r1, [pc, #24]	@ (10005044 <cdcd_reset+0x44>)
1000502a:	780b      	ldrb	r3, [r1, #0]
1000502c:	079b      	lsls	r3, r3, #30
1000502e:	d4f2      	bmi.n	10005016 <cdcd_reset+0x16>
10005030:	4806      	ldr	r0, [pc, #24]	@ (1000504c <cdcd_reset+0x4c>)
10005032:	f000 fc4b 	bl	100058cc <tu_fifo_clear>
10005036:	e8bd 4008 	ldmia.w	sp!, {r3, lr}
1000503a:	2101      	movs	r1, #1
1000503c:	4803      	ldr	r0, [pc, #12]	@ (1000504c <cdcd_reset+0x4c>)
1000503e:	f000 bc61 	b.w	10005904 <tu_fifo_set_overwritable>
10005042:	bf00      	nop
10005044:	200016dc 	.word	0x200016dc
10005048:	20001408 	.word	0x20001408
1000504c:	2000142c 	.word	0x2000142c

10005050 <cdcd_open>:
10005050:	b570      	push	{r4, r5, r6, lr}
10005052:	794b      	ldrb	r3, [r1, #5]
10005054:	b084      	sub	sp, #16
10005056:	2b02      	cmp	r3, #2
10005058:	d102      	bne.n	10005060 <cdcd_open+0x10>
1000505a:	798b      	ldrb	r3, [r1, #6]
1000505c:	2b02      	cmp	r3, #2
1000505e:	d003      	beq.n	10005068 <cdcd_open+0x18>
10005060:	2400      	movs	r4, #0
10005062:	4620      	mov	r0, r4
10005064:	b004      	add	sp, #16
10005066:	bd70      	pop	{r4, r5, r6, pc}
10005068:	4b2b      	ldr	r3, [pc, #172]	@ (10005118 <cdcd_open+0xc8>)
1000506a:	789b      	ldrb	r3, [r3, #2]
1000506c:	b13b      	cbz	r3, 1000507e <cdcd_open+0x2e>
1000506e:	f04f 23e0 	mov.w	r3, #3758153728	@ 0xe000e000
10005072:	f8d3 3df0 	ldr.w	r3, [r3, #3568]	@ 0xdf0
10005076:	07db      	lsls	r3, r3, #31
10005078:	d5f2      	bpl.n	10005060 <cdcd_open+0x10>
1000507a:	be00      	bkpt	0x0000
1000507c:	e7f0      	b.n	10005060 <cdcd_open+0x10>
1000507e:	788b      	ldrb	r3, [r1, #2]
10005080:	4605      	mov	r5, r0
10005082:	4825      	ldr	r0, [pc, #148]	@ (10005118 <cdcd_open+0xc8>)
10005084:	7003      	strb	r3, [r0, #0]
10005086:	780b      	ldrb	r3, [r1, #0]
10005088:	4419      	add	r1, r3
1000508a:	f891 c001 	ldrb.w	ip, [r1, #1]
1000508e:	f1bc 0f24 	cmp.w	ip, #36	@ 0x24
10005092:	bf08      	it	eq
10005094:	2409      	moveq	r4, #9
10005096:	d009      	beq.n	100050ac <cdcd_open+0x5c>
10005098:	e03b      	b.n	10005112 <cdcd_open+0xc2>
1000509a:	780b      	ldrb	r3, [r1, #0]
1000509c:	4419      	add	r1, r3
1000509e:	f891 c001 	ldrb.w	ip, [r1, #1]
100050a2:	4423      	add	r3, r4
100050a4:	f1bc 0f24 	cmp.w	ip, #36	@ 0x24
100050a8:	b29c      	uxth	r4, r3
100050aa:	d107      	bne.n	100050bc <cdcd_open+0x6c>
100050ac:	4294      	cmp	r4, r2
100050ae:	d9f4      	bls.n	1000509a <cdcd_open+0x4a>
100050b0:	2000      	movs	r0, #0
100050b2:	f7ff fe3b 	bl	10004d2c <_prep_out_transaction.isra.0>
100050b6:	4620      	mov	r0, r4
100050b8:	b004      	add	sp, #16
100050ba:	bd70      	pop	{r4, r5, r6, pc}
100050bc:	4663      	mov	r3, ip
100050be:	f1bc 0f05 	cmp.w	ip, #5
100050c2:	d016      	beq.n	100050f2 <cdcd_open+0xa2>
100050c4:	2b04      	cmp	r3, #4
100050c6:	d1f3      	bne.n	100050b0 <cdcd_open+0x60>
100050c8:	794b      	ldrb	r3, [r1, #5]
100050ca:	2b0a      	cmp	r3, #10
100050cc:	d1f0      	bne.n	100050b0 <cdcd_open+0x60>
100050ce:	4b13      	ldr	r3, [pc, #76]	@ (1000511c <cdcd_open+0xcc>)
100050d0:	780a      	ldrb	r2, [r1, #0]
100050d2:	9301      	str	r3, [sp, #4]
100050d4:	3301      	adds	r3, #1
100050d6:	9300      	str	r3, [sp, #0]
100050d8:	2302      	movs	r3, #2
100050da:	4616      	mov	r6, r2
100050dc:	4411      	add	r1, r2
100050de:	4628      	mov	r0, r5
100050e0:	461a      	mov	r2, r3
100050e2:	f7ff fc33 	bl	1000494c <usbd_open_edpt_pair>
100050e6:	2800      	cmp	r0, #0
100050e8:	d0c1      	beq.n	1000506e <cdcd_open+0x1e>
100050ea:	340e      	adds	r4, #14
100050ec:	1933      	adds	r3, r6, r4
100050ee:	b29c      	uxth	r4, r3
100050f0:	e7de      	b.n	100050b0 <cdcd_open+0x60>
100050f2:	4628      	mov	r0, r5
100050f4:	9103      	str	r1, [sp, #12]
100050f6:	f7ff fc79 	bl	100049ec <usbd_edpt_open>
100050fa:	9903      	ldr	r1, [sp, #12]
100050fc:	2800      	cmp	r0, #0
100050fe:	d0b6      	beq.n	1000506e <cdcd_open+0x1e>
10005100:	788b      	ldrb	r3, [r1, #2]
10005102:	4a05      	ldr	r2, [pc, #20]	@ (10005118 <cdcd_open+0xc8>)
10005104:	7053      	strb	r3, [r2, #1]
10005106:	780b      	ldrb	r3, [r1, #0]
10005108:	191a      	adds	r2, r3, r4
1000510a:	4419      	add	r1, r3
1000510c:	784b      	ldrb	r3, [r1, #1]
1000510e:	b294      	uxth	r4, r2
10005110:	e7d8      	b.n	100050c4 <cdcd_open+0x74>
10005112:	4663      	mov	r3, ip
10005114:	2409      	movs	r4, #9
10005116:	e7d2      	b.n	100050be <cdcd_open+0x6e>
10005118:	20001408 	.word	0x20001408
1000511c:	2000140a 	.word	0x2000140a

10005120 <cdcd_control_xfer_cb>:
10005120:	7813      	ldrb	r3, [r2, #0]
10005122:	f003 0360 	and.w	r3, r3, #96	@ 0x60
10005126:	2b20      	cmp	r3, #32
10005128:	d10b      	bne.n	10005142 <cdcd_control_xfer_cb+0x22>
1000512a:	b500      	push	{lr}
1000512c:	f8df c0bc 	ldr.w	ip, [pc, #188]	@ 100051ec <cdcd_control_xfer_cb+0xcc>
10005130:	8893      	ldrh	r3, [r2, #4]
10005132:	f89c e000 	ldrb.w	lr, [ip]
10005136:	b083      	sub	sp, #12
10005138:	459e      	cmp	lr, r3
1000513a:	d004      	beq.n	10005146 <cdcd_control_xfer_cb+0x26>
1000513c:	2000      	movs	r0, #0
1000513e:	b003      	add	sp, #12
10005140:	bd00      	pop	{pc}
10005142:	2000      	movs	r0, #0
10005144:	4770      	bx	lr
10005146:	7853      	ldrb	r3, [r2, #1]
10005148:	3b20      	subs	r3, #32
1000514a:	2b03      	cmp	r3, #3
1000514c:	d8f6      	bhi.n	1000513c <cdcd_control_xfer_cb+0x1c>
1000514e:	e8df f003 	tbb	[pc, r3]
10005152:	272c      	.short	0x272c
10005154:	020d      	.short	0x020d
10005156:	2901      	cmp	r1, #1
10005158:	d033      	beq.n	100051c2 <cdcd_control_xfer_cb+0xa2>
1000515a:	2903      	cmp	r1, #3
1000515c:	d122      	bne.n	100051a4 <cdcd_control_xfer_cb+0x84>
1000515e:	4b1e      	ldr	r3, [pc, #120]	@ (100051d8 <cdcd_control_xfer_cb+0xb8>)
10005160:	b303      	cbz	r3, 100051a4 <cdcd_control_xfer_cb+0x84>
10005162:	2000      	movs	r0, #0
10005164:	8851      	ldrh	r1, [r2, #2]
10005166:	f3af 8000 	nop.w
1000516a:	e01b      	b.n	100051a4 <cdcd_control_xfer_cb+0x84>
1000516c:	2901      	cmp	r1, #1
1000516e:	d028      	beq.n	100051c2 <cdcd_control_xfer_cb+0xa2>
10005170:	2903      	cmp	r1, #3
10005172:	d117      	bne.n	100051a4 <cdcd_control_xfer_cb+0x84>
10005174:	8852      	ldrh	r2, [r2, #2]
10005176:	4819      	ldr	r0, [pc, #100]	@ (100051dc <cdcd_control_xfer_cb+0xbc>)
10005178:	f002 0301 	and.w	r3, r2, #1
1000517c:	f083 0101 	eor.w	r1, r3, #1
10005180:	9301      	str	r3, [sp, #4]
10005182:	f88c 2004 	strb.w	r2, [ip, #4]
10005186:	9200      	str	r2, [sp, #0]
10005188:	f000 fbbc 	bl	10005904 <tu_fifo_set_overwritable>
1000518c:	4914      	ldr	r1, [pc, #80]	@ (100051e0 <cdcd_control_xfer_cb+0xc0>)
1000518e:	b149      	cbz	r1, 100051a4 <cdcd_control_xfer_cb+0x84>
10005190:	9a00      	ldr	r2, [sp, #0]
10005192:	2000      	movs	r0, #0
10005194:	9901      	ldr	r1, [sp, #4]
10005196:	f3c2 0240 	ubfx	r2, r2, #1, #1
1000519a:	f3af 8000 	nop.w
1000519e:	e001      	b.n	100051a4 <cdcd_control_xfer_cb+0x84>
100051a0:	2901      	cmp	r1, #1
100051a2:	d012      	beq.n	100051ca <cdcd_control_xfer_cb+0xaa>
100051a4:	2001      	movs	r0, #1
100051a6:	b003      	add	sp, #12
100051a8:	bd00      	pop	{pc}
100051aa:	2901      	cmp	r1, #1
100051ac:	d00d      	beq.n	100051ca <cdcd_control_xfer_cb+0xaa>
100051ae:	2903      	cmp	r1, #3
100051b0:	d1f8      	bne.n	100051a4 <cdcd_control_xfer_cb+0x84>
100051b2:	4b0c      	ldr	r3, [pc, #48]	@ (100051e4 <cdcd_control_xfer_cb+0xc4>)
100051b4:	2b00      	cmp	r3, #0
100051b6:	d0f5      	beq.n	100051a4 <cdcd_control_xfer_cb+0x84>
100051b8:	2000      	movs	r0, #0
100051ba:	490b      	ldr	r1, [pc, #44]	@ (100051e8 <cdcd_control_xfer_cb+0xc8>)
100051bc:	f7fe fda8 	bl	10003d10 <tud_cdc_line_coding_cb>
100051c0:	e7f0      	b.n	100051a4 <cdcd_control_xfer_cb+0x84>
100051c2:	4611      	mov	r1, r2
100051c4:	f7ff fc9c 	bl	10004b00 <tud_control_status>
100051c8:	e7ec      	b.n	100051a4 <cdcd_control_xfer_cb+0x84>
100051ca:	4611      	mov	r1, r2
100051cc:	2307      	movs	r3, #7
100051ce:	4a06      	ldr	r2, [pc, #24]	@ (100051e8 <cdcd_control_xfer_cb+0xc8>)
100051d0:	f7ff fcb2 	bl	10004b38 <tud_control_xfer>
100051d4:	e7e6      	b.n	100051a4 <cdcd_control_xfer_cb+0x84>
100051d6:	bf00      	nop
100051d8:	00000000 	.word	0x00000000
100051dc:	2000142c 	.word	0x2000142c
100051e0:	00000000 	.word	0x00000000
100051e4:	10003d11 	.word	0x10003d11
100051e8:	20001410 	.word	0x20001410
100051ec:	20001408 	.word	0x20001408

100051f0 <cdcd_xfer_cb>:
100051f0:	e92d 41f0 	stmdb	sp!, {r4, r5, r6, r7, r8, lr}
100051f4:	4c35      	ldr	r4, [pc, #212]	@ (100052cc <cdcd_xfer_cb+0xdc>)
100051f6:	460d      	mov	r5, r1
100051f8:	78e2      	ldrb	r2, [r4, #3]
100051fa:	4607      	mov	r7, r0
100051fc:	428a      	cmp	r2, r1
100051fe:	461e      	mov	r6, r3
10005200:	b082      	sub	sp, #8
10005202:	d02f      	beq.n	10005264 <cdcd_xfer_cb+0x74>
10005204:	78a3      	ldrb	r3, [r4, #2]
10005206:	428b      	cmp	r3, r1
10005208:	d009      	beq.n	1000521e <cdcd_xfer_cb+0x2e>
1000520a:	f04f 23e0 	mov.w	r3, #3758153728	@ 0xe000e000
1000520e:	f8d3 3df0 	ldr.w	r3, [r3, #3568]	@ 0xdf0
10005212:	07db      	lsls	r3, r3, #31
10005214:	d424      	bmi.n	10005260 <cdcd_xfer_cb+0x70>
10005216:	2000      	movs	r0, #0
10005218:	b002      	add	sp, #8
1000521a:	e8bd 81f0 	ldmia.w	sp!, {r4, r5, r6, r7, r8, pc}
1000521e:	4b2c      	ldr	r3, [pc, #176]	@ (100052d0 <cdcd_xfer_cb+0xe0>)
10005220:	b113      	cbz	r3, 10005228 <cdcd_xfer_cb+0x38>
10005222:	2000      	movs	r0, #0
10005224:	f3af 8000 	nop.w
10005228:	2000      	movs	r0, #0
1000522a:	f7ff fe25 	bl	10004e78 <tud_cdc_n_write_flush>
1000522e:	2800      	cmp	r0, #0
10005230:	d147      	bne.n	100052c2 <cdcd_xfer_cb+0xd2>
10005232:	4828      	ldr	r0, [pc, #160]	@ (100052d4 <cdcd_xfer_cb+0xe4>)
10005234:	f000 f964 	bl	10005500 <tu_fifo_count>
10005238:	2800      	cmp	r0, #0
1000523a:	d142      	bne.n	100052c2 <cdcd_xfer_cb+0xd2>
1000523c:	2e00      	cmp	r6, #0
1000523e:	d040      	beq.n	100052c2 <cdcd_xfer_cb+0xd2>
10005240:	f016 053f 	ands.w	r5, r6, #63	@ 0x3f
10005244:	d13d      	bne.n	100052c2 <cdcd_xfer_cb+0xd2>
10005246:	4638      	mov	r0, r7
10005248:	78a1      	ldrb	r1, [r4, #2]
1000524a:	f7ff fbfd 	bl	10004a48 <usbd_edpt_claim>
1000524e:	2800      	cmp	r0, #0
10005250:	d037      	beq.n	100052c2 <cdcd_xfer_cb+0xd2>
10005252:	462b      	mov	r3, r5
10005254:	462a      	mov	r2, r5
10005256:	4638      	mov	r0, r7
10005258:	78a1      	ldrb	r1, [r4, #2]
1000525a:	f7ff fc19 	bl	10004a90 <usbd_edpt_xfer>
1000525e:	e030      	b.n	100052c2 <cdcd_xfer_cb+0xd2>
10005260:	be00      	bkpt	0x0000
10005262:	e7d8      	b.n	10005216 <cdcd_xfer_cb+0x26>
10005264:	b29a      	uxth	r2, r3
10005266:	491c      	ldr	r1, [pc, #112]	@ (100052d8 <cdcd_xfer_cb+0xe8>)
10005268:	f104 0010 	add.w	r0, r4, #16
1000526c:	f000 fa86 	bl	1000577c <tu_fifo_write_n>
10005270:	4b1a      	ldr	r3, [pc, #104]	@ (100052dc <cdcd_xfer_cb+0xec>)
10005272:	b1d3      	cbz	r3, 100052aa <cdcd_xfer_cb+0xba>
10005274:	7962      	ldrb	r2, [r4, #5]
10005276:	2aff      	cmp	r2, #255	@ 0xff
10005278:	d017      	beq.n	100052aa <cdcd_xfer_cb+0xba>
1000527a:	b1b6      	cbz	r6, 100052aa <cdcd_xfer_cb+0xba>
1000527c:	4b16      	ldr	r3, [pc, #88]	@ (100052d8 <cdcd_xfer_cb+0xe8>)
1000527e:	eb03 0806 	add.w	r8, r3, r6
10005282:	e002      	b.n	1000528a <cdcd_xfer_cb+0x9a>
10005284:	4543      	cmp	r3, r8
10005286:	d010      	beq.n	100052aa <cdcd_xfer_cb+0xba>
10005288:	7962      	ldrb	r2, [r4, #5]
1000528a:	f813 1b01 	ldrb.w	r1, [r3], #1
1000528e:	4291      	cmp	r1, r2
10005290:	d1f8      	bne.n	10005284 <cdcd_xfer_cb+0x94>
10005292:	4813      	ldr	r0, [pc, #76]	@ (100052e0 <cdcd_xfer_cb+0xf0>)
10005294:	9301      	str	r3, [sp, #4]
10005296:	f000 f943 	bl	10005520 <tu_fifo_empty>
1000529a:	9b01      	ldr	r3, [sp, #4]
1000529c:	2800      	cmp	r0, #0
1000529e:	d1f1      	bne.n	10005284 <cdcd_xfer_cb+0x94>
100052a0:	7961      	ldrb	r1, [r4, #5]
100052a2:	f3af 8000 	nop.w
100052a6:	9b01      	ldr	r3, [sp, #4]
100052a8:	e7ec      	b.n	10005284 <cdcd_xfer_cb+0x94>
100052aa:	4b0e      	ldr	r3, [pc, #56]	@ (100052e4 <cdcd_xfer_cb+0xf4>)
100052ac:	b11b      	cbz	r3, 100052b6 <cdcd_xfer_cb+0xc6>
100052ae:	480c      	ldr	r0, [pc, #48]	@ (100052e0 <cdcd_xfer_cb+0xf0>)
100052b0:	f000 f936 	bl	10005520 <tu_fifo_empty>
100052b4:	b138      	cbz	r0, 100052c6 <cdcd_xfer_cb+0xd6>
100052b6:	2000      	movs	r0, #0
100052b8:	f7ff fd38 	bl	10004d2c <_prep_out_transaction.isra.0>
100052bc:	78a3      	ldrb	r3, [r4, #2]
100052be:	42ab      	cmp	r3, r5
100052c0:	d0ad      	beq.n	1000521e <cdcd_xfer_cb+0x2e>
100052c2:	2001      	movs	r0, #1
100052c4:	e7a8      	b.n	10005218 <cdcd_xfer_cb+0x28>
100052c6:	f3af 8000 	nop.w
100052ca:	e7f4      	b.n	100052b6 <cdcd_xfer_cb+0xc6>
100052cc:	20001408 	.word	0x20001408
100052d0:	00000000 	.word	0x00000000
100052d4:	2000142c 	.word	0x2000142c
100052d8:	2000165c 	.word	0x2000165c
100052dc:	00000000 	.word	0x00000000
100052e0:	20001418 	.word	0x20001418
100052e4:	00000000 	.word	0x00000000

100052e8 <tusb_rhport_init>:
100052e8:	b500      	push	{lr}
100052ea:	b083      	sub	sp, #12
100052ec:	b1d9      	cbz	r1, 10005326 <tusb_rhport_init+0x3e>
100052ee:	2801      	cmp	r0, #1
100052f0:	d80e      	bhi.n	10005310 <tusb_rhport_init+0x28>
100052f2:	780b      	ldrb	r3, [r1, #0]
100052f4:	b163      	cbz	r3, 10005310 <tusb_rhport_init+0x28>
100052f6:	f8df c058 	ldr.w	ip, [pc, #88]	@ 10005350 <tusb_rhport_init+0x68>
100052fa:	2b01      	cmp	r3, #1
100052fc:	f80c 3000 	strb.w	r3, [ip, r0]
10005300:	d002      	beq.n	10005308 <tusb_rhport_init+0x20>
10005302:	2001      	movs	r0, #1
10005304:	b003      	add	sp, #12
10005306:	bd00      	pop	{pc}
10005308:	f7fe fee4 	bl	100040d4 <tud_rhport_init>
1000530c:	2800      	cmp	r0, #0
1000530e:	d1f8      	bne.n	10005302 <tusb_rhport_init+0x1a>
10005310:	f04f 23e0 	mov.w	r3, #3758153728	@ 0xe000e000
10005314:	f8d3 3df0 	ldr.w	r3, [r3, #3568]	@ 0xdf0
10005318:	07db      	lsls	r3, r3, #31
1000531a:	d402      	bmi.n	10005322 <tusb_rhport_init+0x3a>
1000531c:	2000      	movs	r0, #0
1000531e:	b003      	add	sp, #12
10005320:	bd00      	pop	{pc}
10005322:	be00      	bkpt	0x0000
10005324:	e7fa      	b.n	1000531c <tusb_rhport_init+0x34>
10005326:	2201      	movs	r2, #1
10005328:	4608      	mov	r0, r1
1000532a:	a901      	add	r1, sp, #4
1000532c:	f8ad 2004 	strh.w	r2, [sp, #4]
10005330:	f7fe fed0 	bl	100040d4 <tud_rhport_init>
10005334:	2201      	movs	r2, #1
10005336:	b938      	cbnz	r0, 10005348 <tusb_rhport_init+0x60>
10005338:	f04f 23e0 	mov.w	r3, #3758153728	@ 0xe000e000
1000533c:	f8d3 3df0 	ldr.w	r3, [r3, #3568]	@ 0xdf0
10005340:	07da      	lsls	r2, r3, #31
10005342:	d5ec      	bpl.n	1000531e <tusb_rhport_init+0x36>
10005344:	be00      	bkpt	0x0000
10005346:	e7ea      	b.n	1000531e <tusb_rhport_init+0x36>
10005348:	4b01      	ldr	r3, [pc, #4]	@ (10005350 <tusb_rhport_init+0x68>)
1000534a:	701a      	strb	r2, [r3, #0]
1000534c:	e7e7      	b.n	1000531e <tusb_rhport_init+0x36>
1000534e:	bf00      	nop
10005350:	20001754 	.word	0x20001754

10005354 <tu_edpt_claim>:
10005354:	7803      	ldrb	r3, [r0, #0]
10005356:	f013 0301 	ands.w	r3, r3, #1
1000535a:	d11e      	bne.n	1000539a <tu_edpt_claim+0x46>
1000535c:	b530      	push	{r4, r5, lr}
1000535e:	4602      	mov	r2, r0
10005360:	7800      	ldrb	r0, [r0, #0]
10005362:	b083      	sub	sp, #12
10005364:	4604      	mov	r4, r0
10005366:	0740      	lsls	r0, r0, #29
10005368:	d502      	bpl.n	10005370 <tu_edpt_claim+0x1c>
1000536a:	4618      	mov	r0, r3
1000536c:	b003      	add	sp, #12
1000536e:	bd30      	pop	{r4, r5, pc}
10005370:	4608      	mov	r0, r1
10005372:	460d      	mov	r5, r1
10005374:	f04f 31ff 	mov.w	r1, #4294967295	@ 0xffffffff
10005378:	9201      	str	r2, [sp, #4]
1000537a:	f002 f8a1 	bl	100074c0 <__mutex_enter_timeout_ms_veneer>
1000537e:	9a01      	ldr	r2, [sp, #4]
10005380:	7813      	ldrb	r3, [r2, #0]
10005382:	f013 0301 	ands.w	r3, r3, #1
10005386:	d10b      	bne.n	100053a0 <tu_edpt_claim+0x4c>
10005388:	7811      	ldrb	r1, [r2, #0]
1000538a:	0749      	lsls	r1, r1, #29
1000538c:	d40a      	bmi.n	100053a4 <tu_edpt_claim+0x50>
1000538e:	7811      	ldrb	r1, [r2, #0]
10005390:	2301      	movs	r3, #1
10005392:	f041 0104 	orr.w	r1, r1, #4
10005396:	7011      	strb	r1, [r2, #0]
10005398:	e004      	b.n	100053a4 <tu_edpt_claim+0x50>
1000539a:	2300      	movs	r3, #0
1000539c:	4618      	mov	r0, r3
1000539e:	4770      	bx	lr
100053a0:	f3c4 0380 	ubfx	r3, r4, #2, #1
100053a4:	4628      	mov	r0, r5
100053a6:	9301      	str	r3, [sp, #4]
100053a8:	f002 f89e 	bl	100074e8 <__mutex_exit_veneer>
100053ac:	9b01      	ldr	r3, [sp, #4]
100053ae:	4618      	mov	r0, r3
100053b0:	b003      	add	sp, #12
100053b2:	bd30      	pop	{r4, r5, pc}

100053b4 <tu_edpt_release>:
100053b4:	b570      	push	{r4, r5, r6, lr}
100053b6:	460d      	mov	r5, r1
100053b8:	4604      	mov	r4, r0
100053ba:	f04f 31ff 	mov.w	r1, #4294967295	@ 0xffffffff
100053be:	4628      	mov	r0, r5
100053c0:	f002 f87e 	bl	100074c0 <__mutex_enter_timeout_ms_veneer>
100053c4:	7823      	ldrb	r3, [r4, #0]
100053c6:	f3c3 0680 	ubfx	r6, r3, #2, #1
100053ca:	075b      	lsls	r3, r3, #29
100053cc:	d508      	bpl.n	100053e0 <tu_edpt_release+0x2c>
100053ce:	7823      	ldrb	r3, [r4, #0]
100053d0:	f013 0301 	ands.w	r3, r3, #1
100053d4:	bf11      	iteee	ne
100053d6:	2600      	movne	r6, #0
100053d8:	7822      	ldrbeq	r2, [r4, #0]
100053da:	f363 0282 	bfieq	r2, r3, #2, #1
100053de:	7022      	strbeq	r2, [r4, #0]
100053e0:	4628      	mov	r0, r5
100053e2:	f002 f881 	bl	100074e8 <__mutex_exit_veneer>
100053e6:	4630      	mov	r0, r6
100053e8:	bd70      	pop	{r4, r5, r6, pc}
100053ea:	bf00      	nop

100053ec <tu_edpt_validate>:
100053ec:	78c3      	ldrb	r3, [r0, #3]
100053ee:	8882      	ldrh	r2, [r0, #4]
100053f0:	f003 0003 	and.w	r0, r3, #3
100053f4:	2802      	cmp	r0, #2
100053f6:	f3c2 020a 	ubfx	r2, r2, #0, #11
100053fa:	d015      	beq.n	10005428 <tu_edpt_validate+0x3c>
100053fc:	2803      	cmp	r0, #3
100053fe:	d00a      	beq.n	10005416 <tu_edpt_validate+0x2a>
10005400:	2801      	cmp	r0, #1
10005402:	d11c      	bne.n	1000543e <tu_edpt_validate+0x52>
10005404:	2902      	cmp	r1, #2
10005406:	f240 33ff 	movw	r3, #1023	@ 0x3ff
1000540a:	bf08      	it	eq
1000540c:	f44f 6380 	moveq.w	r3, #1024	@ 0x400
10005410:	4293      	cmp	r3, r2
10005412:	d30d      	bcc.n	10005430 <tu_edpt_validate+0x44>
10005414:	4770      	bx	lr
10005416:	2902      	cmp	r1, #2
10005418:	bf14      	ite	ne
1000541a:	2340      	movne	r3, #64	@ 0x40
1000541c:	f44f 6380 	moveq.w	r3, #1024	@ 0x400
10005420:	4293      	cmp	r3, r2
10005422:	d305      	bcc.n	10005430 <tu_edpt_validate+0x44>
10005424:	2001      	movs	r0, #1
10005426:	4770      	bx	lr
10005428:	2902      	cmp	r1, #2
1000542a:	d00a      	beq.n	10005442 <tu_edpt_validate+0x56>
1000542c:	2a40      	cmp	r2, #64	@ 0x40
1000542e:	d9f9      	bls.n	10005424 <tu_edpt_validate+0x38>
10005430:	f04f 23e0 	mov.w	r3, #3758153728	@ 0xe000e000
10005434:	f8d3 3df0 	ldr.w	r3, [r3, #3568]	@ 0xdf0
10005438:	07db      	lsls	r3, r3, #31
1000543a:	d500      	bpl.n	1000543e <tu_edpt_validate+0x52>
1000543c:	be00      	bkpt	0x0000
1000543e:	2000      	movs	r0, #0
10005440:	4770      	bx	lr
10005442:	f5b2 7f00 	cmp.w	r2, #512	@ 0x200
10005446:	d0ed      	beq.n	10005424 <tu_edpt_validate+0x38>
10005448:	e7f2      	b.n	10005430 <tu_edpt_validate+0x44>
1000544a:	bf00      	nop

1000544c <tu_edpt_bind_driver>:
1000544c:	440a      	add	r2, r1
1000544e:	4291      	cmp	r1, r2
10005450:	d225      	bcs.n	1000549e <tu_edpt_bind_driver+0x52>
10005452:	f891 c001 	ldrb.w	ip, [r1, #1]
10005456:	f1bc 0f05 	cmp.w	ip, #5
1000545a:	d005      	beq.n	10005468 <tu_edpt_bind_driver+0x1c>
1000545c:	f891 c000 	ldrb.w	ip, [r1]
10005460:	4461      	add	r1, ip
10005462:	428a      	cmp	r2, r1
10005464:	d8f5      	bhi.n	10005452 <tu_edpt_bind_driver+0x6>
10005466:	4770      	bx	lr
10005468:	b500      	push	{lr}
1000546a:	f891 c002 	ldrb.w	ip, [r1, #2]
1000546e:	f00c 0e7f 	and.w	lr, ip, #127	@ 0x7f
10005472:	eb00 0e4e 	add.w	lr, r0, lr, lsl #1
10005476:	ea4f 1cdc 	mov.w	ip, ip, lsr #7
1000547a:	f80e 300c 	strb.w	r3, [lr, ip]
1000547e:	f891 c000 	ldrb.w	ip, [r1]
10005482:	4461      	add	r1, ip
10005484:	428a      	cmp	r2, r1
10005486:	d909      	bls.n	1000549c <tu_edpt_bind_driver+0x50>
10005488:	f891 c001 	ldrb.w	ip, [r1, #1]
1000548c:	f1bc 0f05 	cmp.w	ip, #5
10005490:	d0eb      	beq.n	1000546a <tu_edpt_bind_driver+0x1e>
10005492:	f891 c000 	ldrb.w	ip, [r1]
10005496:	4461      	add	r1, ip
10005498:	428a      	cmp	r2, r1
1000549a:	d8f5      	bhi.n	10005488 <tu_edpt_bind_driver+0x3c>
1000549c:	bd00      	pop	{pc}
1000549e:	4770      	bx	lr

100054a0 <tu_fifo_config>:
100054a0:	e92d 41f0 	stmdb	sp!, {r4, r5, r6, r7, r8, lr}
100054a4:	f5b2 4f00 	cmp.w	r2, #32768	@ 0x8000
100054a8:	f89d 5018 	ldrb.w	r5, [sp, #24]
100054ac:	d824      	bhi.n	100054f8 <tu_fifo_config+0x58>
100054ae:	4604      	mov	r4, r0
100054b0:	68c0      	ldr	r0, [r0, #12]
100054b2:	4698      	mov	r8, r3
100054b4:	460f      	mov	r7, r1
100054b6:	4616      	mov	r6, r2
100054b8:	b118      	cbz	r0, 100054c2 <tu_fifo_config+0x22>
100054ba:	f04f 31ff 	mov.w	r1, #4294967295	@ 0xffffffff
100054be:	f001 ffff 	bl	100074c0 <__mutex_enter_timeout_ms_veneer>
100054c2:	6920      	ldr	r0, [r4, #16]
100054c4:	b118      	cbz	r0, 100054ce <tu_fifo_config+0x2e>
100054c6:	f04f 31ff 	mov.w	r1, #4294967295	@ 0xffffffff
100054ca:	f001 fff9 	bl	100074c0 <__mutex_enter_timeout_ms_veneer>
100054ce:	2200      	movs	r2, #0
100054d0:	f3c8 030e 	ubfx	r3, r8, #0, #15
100054d4:	68e0      	ldr	r0, [r4, #12]
100054d6:	ea43 33c5 	orr.w	r3, r3, r5, lsl #15
100054da:	8162      	strh	r2, [r4, #10]
100054dc:	6027      	str	r7, [r4, #0]
100054de:	80a6      	strh	r6, [r4, #4]
100054e0:	80e3      	strh	r3, [r4, #6]
100054e2:	8122      	strh	r2, [r4, #8]
100054e4:	b108      	cbz	r0, 100054ea <tu_fifo_config+0x4a>
100054e6:	f001 ffff 	bl	100074e8 <__mutex_exit_veneer>
100054ea:	6920      	ldr	r0, [r4, #16]
100054ec:	b108      	cbz	r0, 100054f2 <tu_fifo_config+0x52>
100054ee:	f001 fffb 	bl	100074e8 <__mutex_exit_veneer>
100054f2:	2001      	movs	r0, #1
100054f4:	e8bd 81f0 	ldmia.w	sp!, {r4, r5, r6, r7, r8, pc}
100054f8:	2000      	movs	r0, #0
100054fa:	e8bd 81f0 	ldmia.w	sp!, {r4, r5, r6, r7, r8, pc}
100054fe:	bf00      	nop

10005500 <tu_fifo_count>:
10005500:	8903      	ldrh	r3, [r0, #8]
10005502:	8942      	ldrh	r2, [r0, #10]
10005504:	b29b      	uxth	r3, r3
10005506:	b292      	uxth	r2, r2
10005508:	8880      	ldrh	r0, [r0, #4]
1000550a:	4293      	cmp	r3, r2
1000550c:	bf36      	itet	cc
1000550e:	ebc2 0240 	rsbcc	r2, r2, r0, lsl #1
10005512:	1a9b      	subcs	r3, r3, r2
10005514:	189b      	addcc	r3, r3, r2
10005516:	b29b      	uxth	r3, r3
10005518:	4298      	cmp	r0, r3
1000551a:	bf28      	it	cs
1000551c:	4618      	movcs	r0, r3
1000551e:	4770      	bx	lr

10005520 <tu_fifo_empty>:
10005520:	8902      	ldrh	r2, [r0, #8]
10005522:	8943      	ldrh	r3, [r0, #10]
10005524:	b290      	uxth	r0, r2
10005526:	b29b      	uxth	r3, r3
10005528:	1ac0      	subs	r0, r0, r3
1000552a:	fab0 f080 	clz	r0, r0
1000552e:	0940      	lsrs	r0, r0, #5
10005530:	4770      	bx	lr
10005532:	bf00      	nop

10005534 <tu_fifo_remaining>:
10005534:	8903      	ldrh	r3, [r0, #8]
10005536:	8942      	ldrh	r2, [r0, #10]
10005538:	b29b      	uxth	r3, r3
1000553a:	8880      	ldrh	r0, [r0, #4]
1000553c:	b292      	uxth	r2, r2
1000553e:	4293      	cmp	r3, r2
10005540:	bf36      	itet	cc
10005542:	ebc2 0240 	rsbcc	r2, r2, r0, lsl #1
10005546:	1a9b      	subcs	r3, r3, r2
10005548:	189b      	addcc	r3, r3, r2
1000554a:	b29b      	uxth	r3, r3
1000554c:	4298      	cmp	r0, r3
1000554e:	bf86      	itte	hi
10005550:	1ac0      	subhi	r0, r0, r3
10005552:	b280      	uxthhi	r0, r0
10005554:	2000      	movls	r0, #0
10005556:	4770      	bx	lr

10005558 <tu_fifo_read>:
10005558:	b530      	push	{r4, r5, lr}
1000555a:	4604      	mov	r4, r0
1000555c:	6900      	ldr	r0, [r0, #16]
1000555e:	460d      	mov	r5, r1
10005560:	b083      	sub	sp, #12
10005562:	b118      	cbz	r0, 1000556c <tu_fifo_read+0x14>
10005564:	f04f 31ff 	mov.w	r1, #4294967295	@ 0xffffffff
10005568:	f001 ffaa 	bl	100074c0 <__mutex_enter_timeout_ms_veneer>
1000556c:	8922      	ldrh	r2, [r4, #8]
1000556e:	8961      	ldrh	r1, [r4, #10]
10005570:	b292      	uxth	r2, r2
10005572:	b289      	uxth	r1, r1
10005574:	88a3      	ldrh	r3, [r4, #4]
10005576:	428a      	cmp	r2, r1
10005578:	bf36      	itet	cc
1000557a:	ebc1 0043 	rsbcc	r0, r1, r3, lsl #1
1000557e:	1a50      	subcs	r0, r2, r1
10005580:	1880      	addcc	r0, r0, r2
10005582:	b280      	uxth	r0, r0
10005584:	b368      	cbz	r0, 100055e2 <tu_fifo_read+0x8a>
10005586:	4283      	cmp	r3, r0
10005588:	d209      	bcs.n	1000559e <tu_fifo_read+0x46>
1000558a:	429a      	cmp	r2, r3
1000558c:	bf2c      	ite	cs
1000558e:	1ad2      	subcs	r2, r2, r3
10005590:	18d2      	addcc	r2, r2, r3
10005592:	b291      	uxth	r1, r2
10005594:	428b      	cmp	r3, r1
10005596:	8161      	strh	r1, [r4, #10]
10005598:	d803      	bhi.n	100055a2 <tu_fifo_read+0x4a>
1000559a:	1ac9      	subs	r1, r1, r3
1000559c:	b289      	uxth	r1, r1
1000559e:	428b      	cmp	r3, r1
100055a0:	d9fb      	bls.n	1000559a <tu_fifo_read+0x42>
100055a2:	88e2      	ldrh	r2, [r4, #6]
100055a4:	6823      	ldr	r3, [r4, #0]
100055a6:	f3c2 020e 	ubfx	r2, r2, #0, #15
100055aa:	fb02 3101 	mla	r1, r2, r1, r3
100055ae:	4628      	mov	r0, r5
100055b0:	f001 ffaa 	bl	10007508 <__memcpy_veneer>
100055b4:	8962      	ldrh	r2, [r4, #10]
100055b6:	88a3      	ldrh	r3, [r4, #4]
100055b8:	b292      	uxth	r2, r2
100055ba:	1c51      	adds	r1, r2, #1
100055bc:	b289      	uxth	r1, r1
100055be:	428a      	cmp	r2, r1
100055c0:	f04f 0201 	mov.w	r2, #1
100055c4:	d910      	bls.n	100055e8 <tu_fifo_read+0x90>
100055c6:	2100      	movs	r1, #0
100055c8:	fa03 f002 	lsl.w	r0, r3, r2
100055cc:	1a09      	subs	r1, r1, r0
100055ce:	6920      	ldr	r0, [r4, #16]
100055d0:	8161      	strh	r1, [r4, #10]
100055d2:	b118      	cbz	r0, 100055dc <tu_fifo_read+0x84>
100055d4:	9201      	str	r2, [sp, #4]
100055d6:	f001 ff87 	bl	100074e8 <__mutex_exit_veneer>
100055da:	9a01      	ldr	r2, [sp, #4]
100055dc:	4610      	mov	r0, r2
100055de:	b003      	add	sp, #12
100055e0:	bd30      	pop	{r4, r5, pc}
100055e2:	4602      	mov	r2, r0
100055e4:	8961      	ldrh	r1, [r4, #10]
100055e6:	b289      	uxth	r1, r1
100055e8:	ebb1 0f43 	cmp.w	r1, r3, lsl #1
100055ec:	ea4f 0043 	mov.w	r0, r3, lsl #1
100055f0:	dbed      	blt.n	100055ce <tu_fifo_read+0x76>
100055f2:	e7eb      	b.n	100055cc <tu_fifo_read+0x74>

100055f4 <tu_fifo_read_n>:
100055f4:	e92d 41f0 	stmdb	sp!, {r4, r5, r6, r7, r8, lr}
100055f8:	4605      	mov	r5, r0
100055fa:	6900      	ldr	r0, [r0, #16]
100055fc:	4688      	mov	r8, r1
100055fe:	b082      	sub	sp, #8
10005600:	b128      	cbz	r0, 1000560e <tu_fifo_read_n+0x1a>
10005602:	f04f 31ff 	mov.w	r1, #4294967295	@ 0xffffffff
10005606:	9200      	str	r2, [sp, #0]
10005608:	f001 ff5a 	bl	100074c0 <__mutex_enter_timeout_ms_veneer>
1000560c:	9a00      	ldr	r2, [sp, #0]
1000560e:	8929      	ldrh	r1, [r5, #8]
10005610:	896b      	ldrh	r3, [r5, #10]
10005612:	b289      	uxth	r1, r1
10005614:	b29b      	uxth	r3, r3
10005616:	88ac      	ldrh	r4, [r5, #4]
10005618:	4299      	cmp	r1, r3
1000561a:	bf36      	itet	cc
1000561c:	ebc3 0644 	rsbcc	r6, r3, r4, lsl #1
10005620:	1ace      	subcs	r6, r1, r3
10005622:	1876      	addcc	r6, r6, r1
10005624:	b2b6      	uxth	r6, r6
10005626:	2e00      	cmp	r6, #0
10005628:	d04b      	beq.n	100056c2 <tu_fifo_read_n+0xce>
1000562a:	42b4      	cmp	r4, r6
1000562c:	d341      	bcc.n	100056b2 <tu_fifo_read_n+0xbe>
1000562e:	42b2      	cmp	r2, r6
10005630:	bf28      	it	cs
10005632:	4632      	movcs	r2, r6
10005634:	429c      	cmp	r4, r3
10005636:	b296      	uxth	r6, r2
10005638:	d803      	bhi.n	10005642 <tu_fifo_read_n+0x4e>
1000563a:	1b1b      	subs	r3, r3, r4
1000563c:	b29b      	uxth	r3, r3
1000563e:	429c      	cmp	r4, r3
10005640:	d9fb      	bls.n	1000563a <tu_fifo_read_n+0x46>
10005642:	f8b5 c006 	ldrh.w	ip, [r5, #6]
10005646:	1ae0      	subs	r0, r4, r3
10005648:	6829      	ldr	r1, [r5, #0]
1000564a:	b280      	uxth	r0, r0
1000564c:	f3cc 020e 	ubfx	r2, ip, #0, #15
10005650:	4286      	cmp	r6, r0
10005652:	4617      	mov	r7, r2
10005654:	fb02 1103 	mla	r1, r2, r3, r1
10005658:	d925      	bls.n	100056a6 <tu_fifo_read_n+0xb2>
1000565a:	fb10 f202 	smulbb	r2, r0, r2
1000565e:	4640      	mov	r0, r8
10005660:	b292      	uxth	r2, r2
10005662:	9301      	str	r3, [sp, #4]
10005664:	9200      	str	r2, [sp, #0]
10005666:	f001 ff4f 	bl	10007508 <__memcpy_veneer>
1000566a:	9b01      	ldr	r3, [sp, #4]
1000566c:	9a00      	ldr	r2, [sp, #0]
1000566e:	1b34      	subs	r4, r6, r4
10005670:	4423      	add	r3, r4
10005672:	eb08 0002 	add.w	r0, r8, r2
10005676:	fb13 f207 	smulbb	r2, r3, r7
1000567a:	6829      	ldr	r1, [r5, #0]
1000567c:	b292      	uxth	r2, r2
1000567e:	f001 ff43 	bl	10007508 <__memcpy_veneer>
10005682:	896a      	ldrh	r2, [r5, #10]
10005684:	88ac      	ldrh	r4, [r5, #4]
10005686:	b292      	uxth	r2, r2
10005688:	1993      	adds	r3, r2, r6
1000568a:	b29b      	uxth	r3, r3
1000568c:	429a      	cmp	r2, r3
1000568e:	d91a      	bls.n	100056c6 <tu_fifo_read_n+0xd2>
10005690:	0062      	lsls	r2, r4, #1
10005692:	1a9b      	subs	r3, r3, r2
10005694:	6928      	ldr	r0, [r5, #16]
10005696:	816b      	strh	r3, [r5, #10]
10005698:	b108      	cbz	r0, 1000569e <tu_fifo_read_n+0xaa>
1000569a:	f001 ff25 	bl	100074e8 <__mutex_exit_veneer>
1000569e:	4630      	mov	r0, r6
100056a0:	b002      	add	sp, #8
100056a2:	e8bd 81f0 	ldmia.w	sp!, {r4, r5, r6, r7, r8, pc}
100056a6:	4640      	mov	r0, r8
100056a8:	fb06 f202 	mul.w	r2, r6, r2
100056ac:	f001 ff2c 	bl	10007508 <__memcpy_veneer>
100056b0:	e7e7      	b.n	10005682 <tu_fifo_read_n+0x8e>
100056b2:	42a1      	cmp	r1, r4
100056b4:	bf2c      	ite	cs
100056b6:	1b09      	subcs	r1, r1, r4
100056b8:	1909      	addcc	r1, r1, r4
100056ba:	b28b      	uxth	r3, r1
100056bc:	4626      	mov	r6, r4
100056be:	816b      	strh	r3, [r5, #10]
100056c0:	e7b5      	b.n	1000562e <tu_fifo_read_n+0x3a>
100056c2:	896b      	ldrh	r3, [r5, #10]
100056c4:	b29b      	uxth	r3, r3
100056c6:	ebb3 0f44 	cmp.w	r3, r4, lsl #1
100056ca:	ea4f 0244 	mov.w	r2, r4, lsl #1
100056ce:	dbe1      	blt.n	10005694 <tu_fifo_read_n+0xa0>
100056d0:	e7df      	b.n	10005692 <tu_fifo_read_n+0x9e>
100056d2:	bf00      	nop

100056d4 <tu_fifo_write>:
100056d4:	b570      	push	{r4, r5, r6, lr}
100056d6:	4604      	mov	r4, r0
100056d8:	68c0      	ldr	r0, [r0, #12]
100056da:	460e      	mov	r6, r1
100056dc:	b082      	sub	sp, #8
100056de:	b118      	cbz	r0, 100056e8 <tu_fifo_write+0x14>
100056e0:	f04f 31ff 	mov.w	r1, #4294967295	@ 0xffffffff
100056e4:	f001 feec 	bl	100074c0 <__mutex_enter_timeout_ms_veneer>
100056e8:	8925      	ldrh	r5, [r4, #8]
100056ea:	8923      	ldrh	r3, [r4, #8]
100056ec:	8961      	ldrh	r1, [r4, #10]
100056ee:	b29b      	uxth	r3, r3
100056f0:	b289      	uxth	r1, r1
100056f2:	88a2      	ldrh	r2, [r4, #4]
100056f4:	428b      	cmp	r3, r1
100056f6:	bf36      	itet	cc
100056f8:	ebc1 0142 	rsbcc	r1, r1, r2, lsl #1
100056fc:	1a5b      	subcs	r3, r3, r1
100056fe:	185b      	addcc	r3, r3, r1
10005700:	b29b      	uxth	r3, r3
10005702:	429a      	cmp	r2, r3
10005704:	b2ad      	uxth	r5, r5
10005706:	d80b      	bhi.n	10005720 <tu_fifo_write+0x4c>
10005708:	79e1      	ldrb	r1, [r4, #7]
1000570a:	09c9      	lsrs	r1, r1, #7
1000570c:	d108      	bne.n	10005720 <tu_fifo_write+0x4c>
1000570e:	68e0      	ldr	r0, [r4, #12]
10005710:	b118      	cbz	r0, 1000571a <tu_fifo_write+0x46>
10005712:	9101      	str	r1, [sp, #4]
10005714:	f001 fee8 	bl	100074e8 <__mutex_exit_veneer>
10005718:	9901      	ldr	r1, [sp, #4]
1000571a:	4608      	mov	r0, r1
1000571c:	b002      	add	sp, #8
1000571e:	bd70      	pop	{r4, r5, r6, pc}
10005720:	4295      	cmp	r5, r2
10005722:	bf28      	it	cs
10005724:	462b      	movcs	r3, r5
10005726:	d317      	bcc.n	10005758 <tu_fifo_write+0x84>
10005728:	1a9b      	subs	r3, r3, r2
1000572a:	b29b      	uxth	r3, r3
1000572c:	4293      	cmp	r3, r2
1000572e:	d2fb      	bcs.n	10005728 <tu_fifo_write+0x54>
10005730:	88e2      	ldrh	r2, [r4, #6]
10005732:	6820      	ldr	r0, [r4, #0]
10005734:	f3c2 020e 	ubfx	r2, r2, #0, #15
10005738:	fb02 0003 	mla	r0, r2, r3, r0
1000573c:	4631      	mov	r1, r6
1000573e:	f001 fee3 	bl	10007508 <__memcpy_veneer>
10005742:	1c6b      	adds	r3, r5, #1
10005744:	b29b      	uxth	r3, r3
10005746:	429d      	cmp	r5, r3
10005748:	88a2      	ldrh	r2, [r4, #4]
1000574a:	d911      	bls.n	10005770 <tu_fifo_write+0x9c>
1000574c:	2300      	movs	r3, #0
1000574e:	0051      	lsls	r1, r2, #1
10005750:	1a5b      	subs	r3, r3, r1
10005752:	2101      	movs	r1, #1
10005754:	8123      	strh	r3, [r4, #8]
10005756:	e7da      	b.n	1000570e <tu_fifo_write+0x3a>
10005758:	88e2      	ldrh	r2, [r4, #6]
1000575a:	6820      	ldr	r0, [r4, #0]
1000575c:	f3c2 020e 	ubfx	r2, r2, #0, #15
10005760:	fb05 0002 	mla	r0, r5, r2, r0
10005764:	4631      	mov	r1, r6
10005766:	f001 fecf 	bl	10007508 <__memcpy_veneer>
1000576a:	3501      	adds	r5, #1
1000576c:	88a2      	ldrh	r2, [r4, #4]
1000576e:	b2ab      	uxth	r3, r5
10005770:	ebb3 0f42 	cmp.w	r3, r2, lsl #1
10005774:	ea4f 0142 	mov.w	r1, r2, lsl #1
10005778:	dbeb      	blt.n	10005752 <tu_fifo_write+0x7e>
1000577a:	e7e9      	b.n	10005750 <tu_fifo_write+0x7c>

1000577c <tu_fifo_write_n>:
1000577c:	e92d 47f0 	stmdb	sp!, {r4, r5, r6, r7, r8, r9, sl, lr}
10005780:	4615      	mov	r5, r2
10005782:	b082      	sub	sp, #8
10005784:	2a00      	cmp	r2, #0
10005786:	d04a      	beq.n	1000581e <tu_fifo_write_n+0xa2>
10005788:	4604      	mov	r4, r0
1000578a:	68c0      	ldr	r0, [r0, #12]
1000578c:	4688      	mov	r8, r1
1000578e:	b118      	cbz	r0, 10005798 <tu_fifo_write_n+0x1c>
10005790:	f04f 31ff 	mov.w	r1, #4294967295	@ 0xffffffff
10005794:	f001 fe94 	bl	100074c0 <__mutex_enter_timeout_ms_veneer>
10005798:	79e1      	ldrb	r1, [r4, #7]
1000579a:	8926      	ldrh	r6, [r4, #8]
1000579c:	8963      	ldrh	r3, [r4, #10]
1000579e:	09c9      	lsrs	r1, r1, #7
100057a0:	88a2      	ldrh	r2, [r4, #4]
100057a2:	b2b6      	uxth	r6, r6
100057a4:	b29b      	uxth	r3, r3
100057a6:	d13e      	bne.n	10005826 <tu_fifo_write_n+0xaa>
100057a8:	429e      	cmp	r6, r3
100057aa:	bf36      	itet	cc
100057ac:	ebc3 0342 	rsbcc	r3, r3, r2, lsl #1
100057b0:	1af3      	subcs	r3, r6, r3
100057b2:	199b      	addcc	r3, r3, r6
100057b4:	b29b      	uxth	r3, r3
100057b6:	4293      	cmp	r3, r2
100057b8:	d253      	bcs.n	10005862 <tu_fifo_write_n+0xe6>
100057ba:	1ad3      	subs	r3, r2, r3
100057bc:	b29b      	uxth	r3, r3
100057be:	42ab      	cmp	r3, r5
100057c0:	bf28      	it	cs
100057c2:	462b      	movcs	r3, r5
100057c4:	b29d      	uxth	r5, r3
100057c6:	1973      	adds	r3, r6, r5
100057c8:	f8b4 c006 	ldrh.w	ip, [r4, #6]
100057cc:	fa1f f983 	uxth.w	r9, r3
100057d0:	eba5 0a02 	sub.w	sl, r5, r2
100057d4:	4296      	cmp	r6, r2
100057d6:	4633      	mov	r3, r6
100057d8:	d303      	bcc.n	100057e2 <tu_fifo_write_n+0x66>
100057da:	1a9b      	subs	r3, r3, r2
100057dc:	b29b      	uxth	r3, r3
100057de:	4293      	cmp	r3, r2
100057e0:	d2fb      	bcs.n	100057da <tu_fifo_write_n+0x5e>
100057e2:	1ad2      	subs	r2, r2, r3
100057e4:	b291      	uxth	r1, r2
100057e6:	6820      	ldr	r0, [r4, #0]
100057e8:	f3cc 020e 	ubfx	r2, ip, #0, #15
100057ec:	42a9      	cmp	r1, r5
100057ee:	4617      	mov	r7, r2
100057f0:	fb02 0003 	mla	r0, r2, r3, r0
100057f4:	d352      	bcc.n	1000589c <tu_fifo_write_n+0x120>
100057f6:	4641      	mov	r1, r8
100057f8:	fb05 f202 	mul.w	r2, r5, r2
100057fc:	f001 fe84 	bl	10007508 <__memcpy_veneer>
10005800:	88a3      	ldrh	r3, [r4, #4]
10005802:	454e      	cmp	r6, r9
10005804:	ea4f 0243 	mov.w	r2, r3, lsl #1
10005808:	d802      	bhi.n	10005810 <tu_fifo_write_n+0x94>
1000580a:	ebb9 0f43 	cmp.w	r9, r3, lsl #1
1000580e:	db01      	blt.n	10005814 <tu_fifo_write_n+0x98>
10005810:	eba9 0902 	sub.w	r9, r9, r2
10005814:	68e0      	ldr	r0, [r4, #12]
10005816:	462a      	mov	r2, r5
10005818:	f8a4 9008 	strh.w	r9, [r4, #8]
1000581c:	bb28      	cbnz	r0, 1000586a <tu_fifo_write_n+0xee>
1000581e:	4610      	mov	r0, r2
10005820:	b002      	add	sp, #8
10005822:	e8bd 87f0 	ldmia.w	sp!, {r4, r5, r6, r7, r8, r9, sl, pc}
10005826:	4295      	cmp	r5, r2
10005828:	d227      	bcs.n	1000587a <tu_fifo_write_n+0xfe>
1000582a:	429e      	cmp	r6, r3
1000582c:	bf36      	itet	cc
1000582e:	ebc3 0142 	rsbcc	r1, r3, r2, lsl #1
10005832:	1af1      	subcs	r1, r6, r3
10005834:	1989      	addcc	r1, r1, r6
10005836:	b289      	uxth	r1, r1
10005838:	0050      	lsls	r0, r2, #1
1000583a:	4429      	add	r1, r5
1000583c:	1aaf      	subs	r7, r5, r2
1000583e:	4281      	cmp	r1, r0
10005840:	46ba      	mov	sl, r7
10005842:	db08      	blt.n	10005856 <tu_fifo_write_n+0xda>
10005844:	1899      	adds	r1, r3, r2
10005846:	b289      	uxth	r1, r1
10005848:	1b4e      	subs	r6, r1, r5
1000584a:	b2b6      	uxth	r6, r6
1000584c:	42b3      	cmp	r3, r6
1000584e:	4689      	mov	r9, r1
10005850:	d938      	bls.n	100058c4 <tu_fifo_write_n+0x148>
10005852:	1a30      	subs	r0, r6, r0
10005854:	b286      	uxth	r6, r0
10005856:	19ab      	adds	r3, r5, r6
10005858:	fa1f f983 	uxth.w	r9, r3
1000585c:	f8b4 c006 	ldrh.w	ip, [r4, #6]
10005860:	e7b8      	b.n	100057d4 <tu_fifo_write_n+0x58>
10005862:	2200      	movs	r2, #0
10005864:	68e0      	ldr	r0, [r4, #12]
10005866:	2800      	cmp	r0, #0
10005868:	d0d9      	beq.n	1000581e <tu_fifo_write_n+0xa2>
1000586a:	9200      	str	r2, [sp, #0]
1000586c:	f001 fe3c 	bl	100074e8 <__mutex_exit_veneer>
10005870:	9a00      	ldr	r2, [sp, #0]
10005872:	4610      	mov	r0, r2
10005874:	b002      	add	sp, #8
10005876:	e8bd 87f0 	ldmia.w	sp!, {r4, r5, r6, r7, r8, r9, sl, pc}
1000587a:	2a00      	cmp	r2, #0
1000587c:	d0f2      	beq.n	10005864 <tu_fifo_write_n+0xe8>
1000587e:	f8b4 c006 	ldrh.w	ip, [r4, #6]
10005882:	1aad      	subs	r5, r5, r2
10005884:	1899      	adds	r1, r3, r2
10005886:	461e      	mov	r6, r3
10005888:	f3cc 030e 	ubfx	r3, ip, #0, #15
1000588c:	fb03 8805 	mla	r8, r3, r5, r8
10005890:	f04f 0a00 	mov.w	sl, #0
10005894:	4615      	mov	r5, r2
10005896:	fa1f f981 	uxth.w	r9, r1
1000589a:	e79b      	b.n	100057d4 <tu_fifo_write_n+0x58>
1000589c:	fb11 f202 	smulbb	r2, r1, r2
100058a0:	4641      	mov	r1, r8
100058a2:	b292      	uxth	r2, r2
100058a4:	9301      	str	r3, [sp, #4]
100058a6:	9200      	str	r2, [sp, #0]
100058a8:	f001 fe2e 	bl	10007508 <__memcpy_veneer>
100058ac:	9b01      	ldr	r3, [sp, #4]
100058ae:	9a00      	ldr	r2, [sp, #0]
100058b0:	4453      	add	r3, sl
100058b2:	fb13 f307 	smulbb	r3, r3, r7
100058b6:	eb08 0102 	add.w	r1, r8, r2
100058ba:	6820      	ldr	r0, [r4, #0]
100058bc:	b29a      	uxth	r2, r3
100058be:	f001 fe23 	bl	10007508 <__memcpy_veneer>
100058c2:	e79d      	b.n	10005800 <tu_fifo_write_n+0x84>
100058c4:	42b0      	cmp	r0, r6
100058c6:	ddc4      	ble.n	10005852 <tu_fifo_write_n+0xd6>
100058c8:	e7c8      	b.n	1000585c <tu_fifo_write_n+0xe0>
100058ca:	bf00      	nop

100058cc <tu_fifo_clear>:
100058cc:	b510      	push	{r4, lr}
100058ce:	4604      	mov	r4, r0
100058d0:	68c0      	ldr	r0, [r0, #12]
100058d2:	b118      	cbz	r0, 100058dc <tu_fifo_clear+0x10>
100058d4:	f04f 31ff 	mov.w	r1, #4294967295	@ 0xffffffff
100058d8:	f001 fdf2 	bl	100074c0 <__mutex_enter_timeout_ms_veneer>
100058dc:	6920      	ldr	r0, [r4, #16]
100058de:	b118      	cbz	r0, 100058e8 <tu_fifo_clear+0x1c>
100058e0:	f04f 31ff 	mov.w	r1, #4294967295	@ 0xffffffff
100058e4:	f001 fdec 	bl	100074c0 <__mutex_enter_timeout_ms_veneer>
100058e8:	2300      	movs	r3, #0
100058ea:	68e0      	ldr	r0, [r4, #12]
100058ec:	8163      	strh	r3, [r4, #10]
100058ee:	8123      	strh	r3, [r4, #8]
100058f0:	b108      	cbz	r0, 100058f6 <tu_fifo_clear+0x2a>
100058f2:	f001 fdf9 	bl	100074e8 <__mutex_exit_veneer>
100058f6:	6920      	ldr	r0, [r4, #16]
100058f8:	b108      	cbz	r0, 100058fe <tu_fifo_clear+0x32>
100058fa:	f001 fdf5 	bl	100074e8 <__mutex_exit_veneer>
100058fe:	2001      	movs	r0, #1
10005900:	bd10      	pop	{r4, pc}
10005902:	bf00      	nop

10005904 <tu_fifo_set_overwritable>:
10005904:	b538      	push	{r3, r4, r5, lr}
10005906:	4604      	mov	r4, r0
10005908:	68c0      	ldr	r0, [r0, #12]
1000590a:	460d      	mov	r5, r1
1000590c:	b118      	cbz	r0, 10005916 <tu_fifo_set_overwritable+0x12>
1000590e:	f04f 31ff 	mov.w	r1, #4294967295	@ 0xffffffff
10005912:	f001 fdd5 	bl	100074c0 <__mutex_enter_timeout_ms_veneer>
10005916:	6920      	ldr	r0, [r4, #16]
10005918:	b118      	cbz	r0, 10005922 <tu_fifo_set_overwritable+0x1e>
1000591a:	f04f 31ff 	mov.w	r1, #4294967295	@ 0xffffffff
1000591e:	f001 fdcf 	bl	100074c0 <__mutex_enter_timeout_ms_veneer>
10005922:	79e3      	ldrb	r3, [r4, #7]
10005924:	68e0      	ldr	r0, [r4, #12]
10005926:	f365 13c7 	bfi	r3, r5, #7, #1
1000592a:	71e3      	strb	r3, [r4, #7]
1000592c:	b108      	cbz	r0, 10005932 <tu_fifo_set_overwritable+0x2e>
1000592e:	f001 fddb 	bl	100074e8 <__mutex_exit_veneer>
10005932:	6920      	ldr	r0, [r4, #16]
10005934:	b108      	cbz	r0, 1000593a <tu_fifo_set_overwritable+0x36>
10005936:	f001 fdd7 	bl	100074e8 <__mutex_exit_veneer>
1000593a:	2001      	movs	r0, #1
1000593c:	bd38      	pop	{r3, r4, r5, pc}
1000593e:	bf00      	nop

10005940 <spi_init>:
10005940:	4b3a      	ldr	r3, [pc, #232]	@ (10005a2c <spi_init+0xec>)
10005942:	e92d 43f0 	stmdb	sp!, {r4, r5, r6, r7, r8, r9, lr}
10005946:	4298      	cmp	r0, r3
10005948:	bf14      	ite	ne
1000594a:	f44f 2380 	movne.w	r3, #262144	@ 0x40000
1000594e:	f44f 2300 	moveq.w	r3, #524288	@ 0x80000
10005952:	4605      	mov	r5, r0
10005954:	4e36      	ldr	r6, [pc, #216]	@ (10005a30 <spi_init+0xf0>)
10005956:	4c37      	ldr	r4, [pc, #220]	@ (10005a34 <spi_init+0xf4>)
10005958:	4a37      	ldr	r2, [pc, #220]	@ (10005a38 <spi_init+0xf8>)
1000595a:	b083      	sub	sp, #12
1000595c:	6033      	str	r3, [r6, #0]
1000595e:	6023      	str	r3, [r4, #0]
10005960:	6894      	ldr	r4, [r2, #8]
10005962:	ea33 0404 	bics.w	r4, r3, r4
10005966:	d1fb      	bne.n	10005960 <spi_init+0x20>
10005968:	f04f 0902 	mov.w	r9, #2
1000596c:	2006      	movs	r0, #6
1000596e:	9101      	str	r1, [sp, #4]
10005970:	f7fb fd1c 	bl	100013ac <clock_get_hz>
10005974:	46ae      	mov	lr, r5
10005976:	464a      	mov	r2, r9
10005978:	f85e 6f04 	ldr.w	r6, [lr, #4]!
1000597c:	9901      	ldr	r1, [sp, #4]
1000597e:	f50e 5740 	add.w	r7, lr, #12288	@ 0x3000
10005982:	ea4f 2841 	mov.w	r8, r1, lsl #9
10005986:	4643      	mov	r3, r8
10005988:	ea4f 5cd1 	mov.w	ip, r1, lsr #23
1000598c:	4016      	ands	r6, r2
1000598e:	f8c7 9000 	str.w	r9, [r7]
10005992:	e008      	b.n	100059a6 <spi_init+0x66>
10005994:	eb13 0308 	adds.w	r3, r3, r8
10005998:	f102 0202 	add.w	r2, r2, #2
1000599c:	eb4c 5cd1 	adc.w	ip, ip, r1, lsr #23
100059a0:	f5b2 7f80 	cmp.w	r2, #256	@ 0x100
100059a4:	d003      	beq.n	100059ae <spi_init+0x6e>
100059a6:	4298      	cmp	r0, r3
100059a8:	eb74 090c 	sbcs.w	r9, r4, ip
100059ac:	d2f2      	bcs.n	10005994 <spi_init+0x54>
100059ae:	f44f 7380 	mov.w	r3, #256	@ 0x100
100059b2:	ebc2 2c02 	rsb	ip, r2, r2, lsl #8
100059b6:	e001      	b.n	100059bc <spi_init+0x7c>
100059b8:	2b01      	cmp	r3, #1
100059ba:	d034      	beq.n	10005a26 <spi_init+0xe6>
100059bc:	fbb0 f8fc 	udiv	r8, r0, ip
100059c0:	4541      	cmp	r1, r8
100059c2:	4699      	mov	r9, r3
100059c4:	ebac 0c02 	sub.w	ip, ip, r2
100059c8:	f103 33ff 	add.w	r3, r3, #4294967295	@ 0xffffffff
100059cc:	d2f4      	bcs.n	100059b8 <spi_init+0x78>
100059ce:	fb09 f902 	mul.w	r9, r9, r2
100059d2:	021c      	lsls	r4, r3, #8
100059d4:	2102      	movs	r1, #2
100059d6:	462b      	mov	r3, r5
100059d8:	fbb0 f0f9 	udiv	r0, r0, r9
100059dc:	f04f 0c03 	mov.w	ip, #3
100059e0:	612a      	str	r2, [r5, #16]
100059e2:	682a      	ldr	r2, [r5, #0]
100059e4:	f50e 5e00 	add.w	lr, lr, #8192	@ 0x2000
100059e8:	4062      	eors	r2, r4
100059ea:	f505 5880 	add.w	r8, r5, #4096	@ 0x1000
100059ee:	f402 427f 	and.w	r2, r2, #65280	@ 0xff00
100059f2:	f8c8 2000 	str.w	r2, [r8]
100059f6:	f8ce 6000 	str.w	r6, [lr]
100059fa:	686c      	ldr	r4, [r5, #4]
100059fc:	6039      	str	r1, [r7, #0]
100059fe:	f853 2b24 	ldr.w	r2, [r3], #36
10005a02:	400c      	ands	r4, r1
10005a04:	f082 0207 	eor.w	r2, r2, #7
10005a08:	f002 02cf 	and.w	r2, r2, #207	@ 0xcf
10005a0c:	f503 5300 	add.w	r3, r3, #8192	@ 0x2000
10005a10:	f8c8 2000 	str.w	r2, [r8]
10005a14:	f8ce 4000 	str.w	r4, [lr]
10005a18:	f8c3 c000 	str.w	ip, [r3]
10005a1c:	f8ce 1000 	str.w	r1, [lr]
10005a20:	b003      	add	sp, #12
10005a22:	e8bd 83f0 	ldmia.w	sp!, {r4, r5, r6, r7, r8, r9, pc}
10005a26:	4691      	mov	r9, r2
10005a28:	e7d4      	b.n	100059d4 <spi_init+0x94>
10005a2a:	bf00      	nop
10005a2c:	40088000 	.word	0x40088000
10005a30:	40022000 	.word	0x40022000
10005a34:	40023000 	.word	0x40023000
10005a38:	40020000 	.word	0x40020000

10005a3c <LCD_SetGramScanWay>:
10005a3c:	b570      	push	{r4, r5, r6, lr}
10005a3e:	4c72      	ldr	r4, [pc, #456]	@ (10005c08 <LCD_SetGramScanWay+0x1cc>)
10005a40:	7823      	ldrb	r3, [r4, #0]
10005a42:	2b52      	cmp	r3, #82	@ 0x52
10005a44:	d006      	beq.n	10005a54 <LCD_SetGramScanWay+0x18>
10005a46:	2803      	cmp	r0, #3
10005a48:	f200 80da 	bhi.w	10005c00 <LCD_SetGramScanWay+0x1c4>
10005a4c:	e8df f000 	tbb	[pc, r0]
10005a50:	817f7b12 	.word	0x817f7b12
10005a54:	2802      	cmp	r0, #2
10005a56:	f000 80c4 	beq.w	10005be2 <LCD_SetGramScanWay+0x1a6>
10005a5a:	2803      	cmp	r0, #3
10005a5c:	d07c      	beq.n	10005b58 <LCD_SetGramScanWay+0x11c>
10005a5e:	2801      	cmp	r0, #1
10005a60:	f000 80c4 	beq.w	10005bec <LCD_SetGramScanWay+0x1b0>
10005a64:	2800      	cmp	r0, #0
10005a66:	f040 80c6 	bne.w	10005bf6 <LCD_SetGramScanWay+0x1ba>
10005a6a:	4605      	mov	r5, r0
10005a6c:	21f0      	movs	r1, #240	@ 0xf0
10005a6e:	f44f 72a0 	mov.w	r2, #320	@ 0x140
10005a72:	e075      	b.n	10005b60 <LCD_SetGramScanWay+0x124>
10005a74:	2522      	movs	r5, #34	@ 0x22
10005a76:	2608      	movs	r6, #8
10005a78:	4a64      	ldr	r2, [pc, #400]	@ (10005c0c <LCD_SetGramScanWay+0x1d0>)
10005a7a:	4b65      	ldr	r3, [pc, #404]	@ (10005c10 <LCD_SetGramScanWay+0x1d4>)
10005a7c:	2100      	movs	r1, #0
10005a7e:	7118      	strb	r0, [r3, #4]
10005a80:	2008      	movs	r0, #8
10005a82:	601a      	str	r2, [r3, #0]
10005a84:	f001 fc68 	bl	10007358 <DEV_Digital_Write>
10005a88:	2100      	movs	r1, #0
10005a8a:	2009      	movs	r0, #9
10005a8c:	f001 fc64 	bl	10007358 <DEV_Digital_Write>
10005a90:	20b6      	movs	r0, #182	@ 0xb6
10005a92:	f001 fccd 	bl	10007430 <SPI4W_Write_Byte>
10005a96:	2101      	movs	r1, #1
10005a98:	2009      	movs	r0, #9
10005a9a:	f001 fc5d 	bl	10007358 <DEV_Digital_Write>
10005a9e:	7823      	ldrb	r3, [r4, #0]
10005aa0:	2101      	movs	r1, #1
10005aa2:	2b52      	cmp	r3, #82	@ 0x52
10005aa4:	f04f 0008 	mov.w	r0, #8
10005aa8:	f000 8085 	beq.w	10005bb6 <LCD_SetGramScanWay+0x17a>
10005aac:	f001 fc54 	bl	10007358 <DEV_Digital_Write>
10005ab0:	2009      	movs	r0, #9
10005ab2:	2100      	movs	r1, #0
10005ab4:	f001 fc50 	bl	10007358 <DEV_Digital_Write>
10005ab8:	2000      	movs	r0, #0
10005aba:	f001 fcb9 	bl	10007430 <SPI4W_Write_Byte>
10005abe:	2000      	movs	r0, #0
10005ac0:	f001 fcb6 	bl	10007430 <SPI4W_Write_Byte>
10005ac4:	2101      	movs	r1, #1
10005ac6:	2009      	movs	r0, #9
10005ac8:	f001 fc46 	bl	10007358 <DEV_Digital_Write>
10005acc:	7823      	ldrb	r3, [r4, #0]
10005ace:	2101      	movs	r1, #1
10005ad0:	2b52      	cmp	r3, #82	@ 0x52
10005ad2:	f04f 0008 	mov.w	r0, #8
10005ad6:	d075      	beq.n	10005bc4 <LCD_SetGramScanWay+0x188>
10005ad8:	f001 fc3e 	bl	10007358 <DEV_Digital_Write>
10005adc:	2009      	movs	r0, #9
10005ade:	2100      	movs	r1, #0
10005ae0:	f001 fc3a 	bl	10007358 <DEV_Digital_Write>
10005ae4:	2000      	movs	r0, #0
10005ae6:	f001 fca3 	bl	10007430 <SPI4W_Write_Byte>
10005aea:	4628      	mov	r0, r5
10005aec:	f001 fca0 	bl	10007430 <SPI4W_Write_Byte>
10005af0:	2101      	movs	r1, #1
10005af2:	2009      	movs	r0, #9
10005af4:	f001 fc30 	bl	10007358 <DEV_Digital_Write>
10005af8:	2100      	movs	r1, #0
10005afa:	2008      	movs	r0, #8
10005afc:	f001 fc2c 	bl	10007358 <DEV_Digital_Write>
10005b00:	2100      	movs	r1, #0
10005b02:	2009      	movs	r0, #9
10005b04:	f001 fc28 	bl	10007358 <DEV_Digital_Write>
10005b08:	2036      	movs	r0, #54	@ 0x36
10005b0a:	f001 fc91 	bl	10007430 <SPI4W_Write_Byte>
10005b0e:	2101      	movs	r1, #1
10005b10:	2009      	movs	r0, #9
10005b12:	f001 fc21 	bl	10007358 <DEV_Digital_Write>
10005b16:	7823      	ldrb	r3, [r4, #0]
10005b18:	2101      	movs	r1, #1
10005b1a:	2b52      	cmp	r3, #82	@ 0x52
10005b1c:	f04f 0008 	mov.w	r0, #8
10005b20:	d042      	beq.n	10005ba8 <LCD_SetGramScanWay+0x16c>
10005b22:	f001 fc19 	bl	10007358 <DEV_Digital_Write>
10005b26:	2009      	movs	r0, #9
10005b28:	2100      	movs	r1, #0
10005b2a:	f001 fc15 	bl	10007358 <DEV_Digital_Write>
10005b2e:	2000      	movs	r0, #0
10005b30:	f001 fc7e 	bl	10007430 <SPI4W_Write_Byte>
10005b34:	4630      	mov	r0, r6
10005b36:	f001 fc7b 	bl	10007430 <SPI4W_Write_Byte>
10005b3a:	e8bd 4070 	ldmia.w	sp!, {r4, r5, r6, lr}
10005b3e:	2101      	movs	r1, #1
10005b40:	2009      	movs	r0, #9
10005b42:	f001 bc09 	b.w	10007358 <DEV_Digital_Write>
10005b46:	2628      	movs	r6, #40	@ 0x28
10005b48:	2562      	movs	r5, #98	@ 0x62
10005b4a:	4a32      	ldr	r2, [pc, #200]	@ (10005c14 <LCD_SetGramScanWay+0x1d8>)
10005b4c:	e795      	b.n	10005a7a <LCD_SetGramScanWay+0x3e>
10005b4e:	2542      	movs	r5, #66	@ 0x42
10005b50:	e791      	b.n	10005a76 <LCD_SetGramScanWay+0x3a>
10005b52:	2628      	movs	r6, #40	@ 0x28
10005b54:	2502      	movs	r5, #2
10005b56:	e7f8      	b.n	10005b4a <LCD_SetGramScanWay+0x10e>
10005b58:	2560      	movs	r5, #96	@ 0x60
10005b5a:	f44f 71a0 	mov.w	r1, #320	@ 0x140
10005b5e:	22f0      	movs	r2, #240	@ 0xf0
10005b60:	4b2b      	ldr	r3, [pc, #172]	@ (10005c10 <LCD_SetGramScanWay+0x1d4>)
10005b62:	7118      	strb	r0, [r3, #4]
10005b64:	8019      	strh	r1, [r3, #0]
10005b66:	2008      	movs	r0, #8
10005b68:	2100      	movs	r1, #0
10005b6a:	805a      	strh	r2, [r3, #2]
10005b6c:	f001 fbf4 	bl	10007358 <DEV_Digital_Write>
10005b70:	2100      	movs	r1, #0
10005b72:	2009      	movs	r0, #9
10005b74:	f001 fbf0 	bl	10007358 <DEV_Digital_Write>
10005b78:	2036      	movs	r0, #54	@ 0x36
10005b7a:	f001 fc59 	bl	10007430 <SPI4W_Write_Byte>
10005b7e:	2101      	movs	r1, #1
10005b80:	2009      	movs	r0, #9
10005b82:	f001 fbe9 	bl	10007358 <DEV_Digital_Write>
10005b86:	7823      	ldrb	r3, [r4, #0]
10005b88:	2101      	movs	r1, #1
10005b8a:	2b52      	cmp	r3, #82	@ 0x52
10005b8c:	f04f 0008 	mov.w	r0, #8
10005b90:	d01f      	beq.n	10005bd2 <LCD_SetGramScanWay+0x196>
10005b92:	f001 fbe1 	bl	10007358 <DEV_Digital_Write>
10005b96:	2100      	movs	r1, #0
10005b98:	2009      	movs	r0, #9
10005b9a:	f001 fbdd 	bl	10007358 <DEV_Digital_Write>
10005b9e:	2000      	movs	r0, #0
10005ba0:	f001 fc46 	bl	10007430 <SPI4W_Write_Byte>
10005ba4:	4628      	mov	r0, r5
10005ba6:	e7c6      	b.n	10005b36 <LCD_SetGramScanWay+0xfa>
10005ba8:	f001 fbd6 	bl	10007358 <DEV_Digital_Write>
10005bac:	2100      	movs	r1, #0
10005bae:	2009      	movs	r0, #9
10005bb0:	f001 fbd2 	bl	10007358 <DEV_Digital_Write>
10005bb4:	e7be      	b.n	10005b34 <LCD_SetGramScanWay+0xf8>
10005bb6:	f001 fbcf 	bl	10007358 <DEV_Digital_Write>
10005bba:	2100      	movs	r1, #0
10005bbc:	2009      	movs	r0, #9
10005bbe:	f001 fbcb 	bl	10007358 <DEV_Digital_Write>
10005bc2:	e77c      	b.n	10005abe <LCD_SetGramScanWay+0x82>
10005bc4:	f001 fbc8 	bl	10007358 <DEV_Digital_Write>
10005bc8:	2100      	movs	r1, #0
10005bca:	2009      	movs	r0, #9
10005bcc:	f001 fbc4 	bl	10007358 <DEV_Digital_Write>
10005bd0:	e78b      	b.n	10005aea <LCD_SetGramScanWay+0xae>
10005bd2:	f001 fbc1 	bl	10007358 <DEV_Digital_Write>
10005bd6:	2009      	movs	r0, #9
10005bd8:	2100      	movs	r1, #0
10005bda:	f001 fbbd 	bl	10007358 <DEV_Digital_Write>
10005bde:	4628      	mov	r0, r5
10005be0:	e7a9      	b.n	10005b36 <LCD_SetGramScanWay+0xfa>
10005be2:	25c0      	movs	r5, #192	@ 0xc0
10005be4:	21f0      	movs	r1, #240	@ 0xf0
10005be6:	f44f 72a0 	mov.w	r2, #320	@ 0x140
10005bea:	e7b9      	b.n	10005b60 <LCD_SetGramScanWay+0x124>
10005bec:	25a0      	movs	r5, #160	@ 0xa0
10005bee:	f44f 71a0 	mov.w	r1, #320	@ 0x140
10005bf2:	22f0      	movs	r2, #240	@ 0xf0
10005bf4:	e7b4      	b.n	10005b60 <LCD_SetGramScanWay+0x124>
10005bf6:	2500      	movs	r5, #0
10005bf8:	f44f 71a0 	mov.w	r1, #320	@ 0x140
10005bfc:	22f0      	movs	r2, #240	@ 0xf0
10005bfe:	e7af      	b.n	10005b60 <LCD_SetGramScanWay+0x124>
10005c00:	2600      	movs	r6, #0
10005c02:	2500      	movs	r5, #0
10005c04:	e7a1      	b.n	10005b4a <LCD_SetGramScanWay+0x10e>
10005c06:	bf00      	nop
10005c08:	20001d50 	.word	0x20001d50
10005c0c:	01e00140 	.word	0x01e00140
10005c10:	20001d24 	.word	0x20001d24
10005c14:	014001e0 	.word	0x014001e0

10005c18 <LCD_Init>:
10005c18:	b570      	push	{r4, r5, r6, lr}
10005c1a:	2500      	movs	r5, #0
10005c1c:	b082      	sub	sp, #8
10005c1e:	2101      	movs	r1, #1
10005c20:	4606      	mov	r6, r0
10005c22:	200f      	movs	r0, #15
10005c24:	f001 fb98 	bl	10007358 <DEV_Digital_Write>
10005c28:	f44f 70fa 	mov.w	r0, #500	@ 0x1f4
10005c2c:	f001 fc12 	bl	10007454 <Driver_Delay_ms>
10005c30:	2100      	movs	r1, #0
10005c32:	200f      	movs	r0, #15
10005c34:	f001 fb90 	bl	10007358 <DEV_Digital_Write>
10005c38:	f44f 70fa 	mov.w	r0, #500	@ 0x1f4
10005c3c:	f001 fc0a 	bl	10007454 <Driver_Delay_ms>
10005c40:	2101      	movs	r1, #1
10005c42:	200f      	movs	r0, #15
10005c44:	f001 fb88 	bl	10007358 <DEV_Digital_Write>
10005c48:	f44f 70fa 	mov.w	r0, #500	@ 0x1f4
10005c4c:	f001 fc02 	bl	10007454 <Driver_Delay_ms>
10005c50:	2009      	movs	r0, #9
10005c52:	4629      	mov	r1, r5
10005c54:	f88d 5006 	strb.w	r5, [sp, #6]
10005c58:	f001 fb7e 	bl	10007358 <DEV_Digital_Write>
10005c5c:	4629      	mov	r1, r5
10005c5e:	2008      	movs	r0, #8
10005c60:	f001 fb7a 	bl	10007358 <DEV_Digital_Write>
10005c64:	20dc      	movs	r0, #220	@ 0xdc
10005c66:	f001 fbe3 	bl	10007430 <SPI4W_Write_Byte>
10005c6a:	2301      	movs	r3, #1
10005c6c:	f10d 0207 	add.w	r2, sp, #7
10005c70:	f10d 0106 	add.w	r1, sp, #6
10005c74:	48e9      	ldr	r0, [pc, #932]	@ (1000601c <LCD_Init+0x404>)
10005c76:	f001 fc3f 	bl	100074f8 <__spi_write_read_blocking_veneer>
10005c7a:	2101      	movs	r1, #1
10005c7c:	2009      	movs	r0, #9
10005c7e:	f001 fb6b 	bl	10007358 <DEV_Digital_Write>
10005c82:	f89d 3007 	ldrb.w	r3, [sp, #7]
10005c86:	4ce6      	ldr	r4, [pc, #920]	@ (10006020 <LCD_Init+0x408>)
10005c88:	2b52      	cmp	r3, #82	@ 0x52
10005c8a:	4629      	mov	r1, r5
10005c8c:	f04f 0008 	mov.w	r0, #8
10005c90:	7023      	strb	r3, [r4, #0]
10005c92:	f000 8400 	beq.w	10006496 <LCD_Init+0x87e>
10005c96:	f001 fb5f 	bl	10007358 <DEV_Digital_Write>
10005c9a:	4629      	mov	r1, r5
10005c9c:	2009      	movs	r0, #9
10005c9e:	f001 fb5b 	bl	10007358 <DEV_Digital_Write>
10005ca2:	2021      	movs	r0, #33	@ 0x21
10005ca4:	f001 fbc4 	bl	10007430 <SPI4W_Write_Byte>
10005ca8:	2101      	movs	r1, #1
10005caa:	2009      	movs	r0, #9
10005cac:	f001 fb54 	bl	10007358 <DEV_Digital_Write>
10005cb0:	4629      	mov	r1, r5
10005cb2:	2008      	movs	r0, #8
10005cb4:	f001 fb50 	bl	10007358 <DEV_Digital_Write>
10005cb8:	4629      	mov	r1, r5
10005cba:	2009      	movs	r0, #9
10005cbc:	f001 fb4c 	bl	10007358 <DEV_Digital_Write>
10005cc0:	20c2      	movs	r0, #194	@ 0xc2
10005cc2:	f001 fbb5 	bl	10007430 <SPI4W_Write_Byte>
10005cc6:	2101      	movs	r1, #1
10005cc8:	2009      	movs	r0, #9
10005cca:	f001 fb45 	bl	10007358 <DEV_Digital_Write>
10005cce:	7823      	ldrb	r3, [r4, #0]
10005cd0:	2101      	movs	r1, #1
10005cd2:	2b52      	cmp	r3, #82	@ 0x52
10005cd4:	f04f 0008 	mov.w	r0, #8
10005cd8:	f000 83d6 	beq.w	10006488 <LCD_Init+0x870>
10005cdc:	f001 fb3c 	bl	10007358 <DEV_Digital_Write>
10005ce0:	2009      	movs	r0, #9
10005ce2:	4629      	mov	r1, r5
10005ce4:	f001 fb38 	bl	10007358 <DEV_Digital_Write>
10005ce8:	4628      	mov	r0, r5
10005cea:	f001 fba1 	bl	10007430 <SPI4W_Write_Byte>
10005cee:	2033      	movs	r0, #51	@ 0x33
10005cf0:	f001 fb9e 	bl	10007430 <SPI4W_Write_Byte>
10005cf4:	2101      	movs	r1, #1
10005cf6:	2009      	movs	r0, #9
10005cf8:	f001 fb2e 	bl	10007358 <DEV_Digital_Write>
10005cfc:	2100      	movs	r1, #0
10005cfe:	2008      	movs	r0, #8
10005d00:	f001 fb2a 	bl	10007358 <DEV_Digital_Write>
10005d04:	2100      	movs	r1, #0
10005d06:	2009      	movs	r0, #9
10005d08:	f001 fb26 	bl	10007358 <DEV_Digital_Write>
10005d0c:	20c5      	movs	r0, #197	@ 0xc5
10005d0e:	f001 fb8f 	bl	10007430 <SPI4W_Write_Byte>
10005d12:	2101      	movs	r1, #1
10005d14:	2009      	movs	r0, #9
10005d16:	f001 fb1f 	bl	10007358 <DEV_Digital_Write>
10005d1a:	7823      	ldrb	r3, [r4, #0]
10005d1c:	2101      	movs	r1, #1
10005d1e:	2b52      	cmp	r3, #82	@ 0x52
10005d20:	f04f 0008 	mov.w	r0, #8
10005d24:	f001 81be 	beq.w	100070a4 <LCD_Init+0x148c>
10005d28:	f001 fb16 	bl	10007358 <DEV_Digital_Write>
10005d2c:	2009      	movs	r0, #9
10005d2e:	2100      	movs	r1, #0
10005d30:	f001 fb12 	bl	10007358 <DEV_Digital_Write>
10005d34:	2000      	movs	r0, #0
10005d36:	f001 fb7b 	bl	10007430 <SPI4W_Write_Byte>
10005d3a:	2000      	movs	r0, #0
10005d3c:	f001 fb78 	bl	10007430 <SPI4W_Write_Byte>
10005d40:	2101      	movs	r1, #1
10005d42:	2009      	movs	r0, #9
10005d44:	f001 fb08 	bl	10007358 <DEV_Digital_Write>
10005d48:	7823      	ldrb	r3, [r4, #0]
10005d4a:	2101      	movs	r1, #1
10005d4c:	2b52      	cmp	r3, #82	@ 0x52
10005d4e:	f04f 0008 	mov.w	r0, #8
10005d52:	f001 819f 	beq.w	10007094 <LCD_Init+0x147c>
10005d56:	f001 faff 	bl	10007358 <DEV_Digital_Write>
10005d5a:	2009      	movs	r0, #9
10005d5c:	2100      	movs	r1, #0
10005d5e:	f001 fafb 	bl	10007358 <DEV_Digital_Write>
10005d62:	2000      	movs	r0, #0
10005d64:	f001 fb64 	bl	10007430 <SPI4W_Write_Byte>
10005d68:	201e      	movs	r0, #30
10005d6a:	f001 fb61 	bl	10007430 <SPI4W_Write_Byte>
10005d6e:	2101      	movs	r1, #1
10005d70:	2009      	movs	r0, #9
10005d72:	f001 faf1 	bl	10007358 <DEV_Digital_Write>
10005d76:	7823      	ldrb	r3, [r4, #0]
10005d78:	2101      	movs	r1, #1
10005d7a:	2b52      	cmp	r3, #82	@ 0x52
10005d7c:	f04f 0008 	mov.w	r0, #8
10005d80:	f001 8180 	beq.w	10007084 <LCD_Init+0x146c>
10005d84:	f001 fae8 	bl	10007358 <DEV_Digital_Write>
10005d88:	2009      	movs	r0, #9
10005d8a:	2100      	movs	r1, #0
10005d8c:	f001 fae4 	bl	10007358 <DEV_Digital_Write>
10005d90:	2000      	movs	r0, #0
10005d92:	f001 fb4d 	bl	10007430 <SPI4W_Write_Byte>
10005d96:	2080      	movs	r0, #128	@ 0x80
10005d98:	f001 fb4a 	bl	10007430 <SPI4W_Write_Byte>
10005d9c:	2101      	movs	r1, #1
10005d9e:	2009      	movs	r0, #9
10005da0:	f001 fada 	bl	10007358 <DEV_Digital_Write>
10005da4:	2100      	movs	r1, #0
10005da6:	2008      	movs	r0, #8
10005da8:	f001 fad6 	bl	10007358 <DEV_Digital_Write>
10005dac:	2100      	movs	r1, #0
10005dae:	2009      	movs	r0, #9
10005db0:	f001 fad2 	bl	10007358 <DEV_Digital_Write>
10005db4:	20b1      	movs	r0, #177	@ 0xb1
10005db6:	f001 fb3b 	bl	10007430 <SPI4W_Write_Byte>
10005dba:	2101      	movs	r1, #1
10005dbc:	2009      	movs	r0, #9
10005dbe:	f001 facb 	bl	10007358 <DEV_Digital_Write>
10005dc2:	7823      	ldrb	r3, [r4, #0]
10005dc4:	2101      	movs	r1, #1
10005dc6:	2b52      	cmp	r3, #82	@ 0x52
10005dc8:	f04f 0008 	mov.w	r0, #8
10005dcc:	f001 8152 	beq.w	10007074 <LCD_Init+0x145c>
10005dd0:	f001 fac2 	bl	10007358 <DEV_Digital_Write>
10005dd4:	2009      	movs	r0, #9
10005dd6:	2100      	movs	r1, #0
10005dd8:	f001 fabe 	bl	10007358 <DEV_Digital_Write>
10005ddc:	2000      	movs	r0, #0
10005dde:	f001 fb27 	bl	10007430 <SPI4W_Write_Byte>
10005de2:	20b0      	movs	r0, #176	@ 0xb0
10005de4:	f001 fb24 	bl	10007430 <SPI4W_Write_Byte>
10005de8:	2101      	movs	r1, #1
10005dea:	2009      	movs	r0, #9
10005dec:	f001 fab4 	bl	10007358 <DEV_Digital_Write>
10005df0:	2100      	movs	r1, #0
10005df2:	2008      	movs	r0, #8
10005df4:	f001 fab0 	bl	10007358 <DEV_Digital_Write>
10005df8:	2100      	movs	r1, #0
10005dfa:	2009      	movs	r0, #9
10005dfc:	f001 faac 	bl	10007358 <DEV_Digital_Write>
10005e00:	2036      	movs	r0, #54	@ 0x36
10005e02:	f001 fb15 	bl	10007430 <SPI4W_Write_Byte>
10005e06:	2101      	movs	r1, #1
10005e08:	2009      	movs	r0, #9
10005e0a:	f001 faa5 	bl	10007358 <DEV_Digital_Write>
10005e0e:	7823      	ldrb	r3, [r4, #0]
10005e10:	2101      	movs	r1, #1
10005e12:	2b52      	cmp	r3, #82	@ 0x52
10005e14:	f04f 0008 	mov.w	r0, #8
10005e18:	f001 8124 	beq.w	10007064 <LCD_Init+0x144c>
10005e1c:	f001 fa9c 	bl	10007358 <DEV_Digital_Write>
10005e20:	2009      	movs	r0, #9
10005e22:	2100      	movs	r1, #0
10005e24:	f001 fa98 	bl	10007358 <DEV_Digital_Write>
10005e28:	2000      	movs	r0, #0
10005e2a:	f001 fb01 	bl	10007430 <SPI4W_Write_Byte>
10005e2e:	2028      	movs	r0, #40	@ 0x28
10005e30:	f001 fafe 	bl	10007430 <SPI4W_Write_Byte>
10005e34:	2101      	movs	r1, #1
10005e36:	2009      	movs	r0, #9
10005e38:	f001 fa8e 	bl	10007358 <DEV_Digital_Write>
10005e3c:	2100      	movs	r1, #0
10005e3e:	2008      	movs	r0, #8
10005e40:	f001 fa8a 	bl	10007358 <DEV_Digital_Write>
10005e44:	2100      	movs	r1, #0
10005e46:	2009      	movs	r0, #9
10005e48:	f001 fa86 	bl	10007358 <DEV_Digital_Write>
10005e4c:	20e0      	movs	r0, #224	@ 0xe0
10005e4e:	f001 faef 	bl	10007430 <SPI4W_Write_Byte>
10005e52:	2101      	movs	r1, #1
10005e54:	2009      	movs	r0, #9
10005e56:	f001 fa7f 	bl	10007358 <DEV_Digital_Write>
10005e5a:	7823      	ldrb	r3, [r4, #0]
10005e5c:	2101      	movs	r1, #1
10005e5e:	2b52      	cmp	r3, #82	@ 0x52
10005e60:	f04f 0008 	mov.w	r0, #8
10005e64:	f001 80f6 	beq.w	10007054 <LCD_Init+0x143c>
10005e68:	f001 fa76 	bl	10007358 <DEV_Digital_Write>
10005e6c:	2009      	movs	r0, #9
10005e6e:	2100      	movs	r1, #0
10005e70:	f001 fa72 	bl	10007358 <DEV_Digital_Write>
10005e74:	2000      	movs	r0, #0
10005e76:	f001 fadb 	bl	10007430 <SPI4W_Write_Byte>
10005e7a:	2000      	movs	r0, #0
10005e7c:	f001 fad8 	bl	10007430 <SPI4W_Write_Byte>
10005e80:	2101      	movs	r1, #1
10005e82:	2009      	movs	r0, #9
10005e84:	f001 fa68 	bl	10007358 <DEV_Digital_Write>
10005e88:	7823      	ldrb	r3, [r4, #0]
10005e8a:	2101      	movs	r1, #1
10005e8c:	2b52      	cmp	r3, #82	@ 0x52
10005e8e:	f04f 0008 	mov.w	r0, #8
10005e92:	f001 80d7 	beq.w	10007044 <LCD_Init+0x142c>
10005e96:	f001 fa5f 	bl	10007358 <DEV_Digital_Write>
10005e9a:	2009      	movs	r0, #9
10005e9c:	2100      	movs	r1, #0
10005e9e:	f001 fa5b 	bl	10007358 <DEV_Digital_Write>
10005ea2:	2000      	movs	r0, #0
10005ea4:	f001 fac4 	bl	10007430 <SPI4W_Write_Byte>
10005ea8:	2013      	movs	r0, #19
10005eaa:	f001 fac1 	bl	10007430 <SPI4W_Write_Byte>
10005eae:	2101      	movs	r1, #1
10005eb0:	2009      	movs	r0, #9
10005eb2:	f001 fa51 	bl	10007358 <DEV_Digital_Write>
10005eb6:	7823      	ldrb	r3, [r4, #0]
10005eb8:	2101      	movs	r1, #1
10005eba:	2b52      	cmp	r3, #82	@ 0x52
10005ebc:	f04f 0008 	mov.w	r0, #8
10005ec0:	f001 80b8 	beq.w	10007034 <LCD_Init+0x141c>
10005ec4:	f001 fa48 	bl	10007358 <DEV_Digital_Write>
10005ec8:	2009      	movs	r0, #9
10005eca:	2100      	movs	r1, #0
10005ecc:	f001 fa44 	bl	10007358 <DEV_Digital_Write>
10005ed0:	2000      	movs	r0, #0
10005ed2:	f001 faad 	bl	10007430 <SPI4W_Write_Byte>
10005ed6:	2018      	movs	r0, #24
10005ed8:	f001 faaa 	bl	10007430 <SPI4W_Write_Byte>
10005edc:	2101      	movs	r1, #1
10005ede:	2009      	movs	r0, #9
10005ee0:	f001 fa3a 	bl	10007358 <DEV_Digital_Write>
10005ee4:	7823      	ldrb	r3, [r4, #0]
10005ee6:	2101      	movs	r1, #1
10005ee8:	2b52      	cmp	r3, #82	@ 0x52
10005eea:	f04f 0008 	mov.w	r0, #8
10005eee:	f001 8099 	beq.w	10007024 <LCD_Init+0x140c>
10005ef2:	f001 fa31 	bl	10007358 <DEV_Digital_Write>
10005ef6:	2009      	movs	r0, #9
10005ef8:	2100      	movs	r1, #0
10005efa:	f001 fa2d 	bl	10007358 <DEV_Digital_Write>
10005efe:	2000      	movs	r0, #0
10005f00:	f001 fa96 	bl	10007430 <SPI4W_Write_Byte>
10005f04:	2004      	movs	r0, #4
10005f06:	f001 fa93 	bl	10007430 <SPI4W_Write_Byte>
10005f0a:	2101      	movs	r1, #1
10005f0c:	2009      	movs	r0, #9
10005f0e:	f001 fa23 	bl	10007358 <DEV_Digital_Write>
10005f12:	7823      	ldrb	r3, [r4, #0]
10005f14:	2101      	movs	r1, #1
10005f16:	2b52      	cmp	r3, #82	@ 0x52
10005f18:	f04f 0008 	mov.w	r0, #8
10005f1c:	f001 807a 	beq.w	10007014 <LCD_Init+0x13fc>
10005f20:	f001 fa1a 	bl	10007358 <DEV_Digital_Write>
10005f24:	2009      	movs	r0, #9
10005f26:	2100      	movs	r1, #0
10005f28:	f001 fa16 	bl	10007358 <DEV_Digital_Write>
10005f2c:	2000      	movs	r0, #0
10005f2e:	f001 fa7f 	bl	10007430 <SPI4W_Write_Byte>
10005f32:	200f      	movs	r0, #15
10005f34:	f001 fa7c 	bl	10007430 <SPI4W_Write_Byte>
10005f38:	2101      	movs	r1, #1
10005f3a:	2009      	movs	r0, #9
10005f3c:	f001 fa0c 	bl	10007358 <DEV_Digital_Write>
10005f40:	7823      	ldrb	r3, [r4, #0]
10005f42:	2101      	movs	r1, #1
10005f44:	2b52      	cmp	r3, #82	@ 0x52
10005f46:	f04f 0008 	mov.w	r0, #8
10005f4a:	f001 805b 	beq.w	10007004 <LCD_Init+0x13ec>
10005f4e:	f001 fa03 	bl	10007358 <DEV_Digital_Write>
10005f52:	2009      	movs	r0, #9
10005f54:	2100      	movs	r1, #0
10005f56:	f001 f9ff 	bl	10007358 <DEV_Digital_Write>
10005f5a:	2000      	movs	r0, #0
10005f5c:	f001 fa68 	bl	10007430 <SPI4W_Write_Byte>
10005f60:	2006      	movs	r0, #6
10005f62:	f001 fa65 	bl	10007430 <SPI4W_Write_Byte>
10005f66:	2101      	movs	r1, #1
10005f68:	2009      	movs	r0, #9
10005f6a:	f001 f9f5 	bl	10007358 <DEV_Digital_Write>
10005f6e:	7823      	ldrb	r3, [r4, #0]
10005f70:	2101      	movs	r1, #1
10005f72:	2b52      	cmp	r3, #82	@ 0x52
10005f74:	f04f 0008 	mov.w	r0, #8
10005f78:	f001 803c 	beq.w	10006ff4 <LCD_Init+0x13dc>
10005f7c:	f001 f9ec 	bl	10007358 <DEV_Digital_Write>
10005f80:	2009      	movs	r0, #9
10005f82:	2100      	movs	r1, #0
10005f84:	f001 f9e8 	bl	10007358 <DEV_Digital_Write>
10005f88:	2000      	movs	r0, #0
10005f8a:	f001 fa51 	bl	10007430 <SPI4W_Write_Byte>
10005f8e:	203a      	movs	r0, #58	@ 0x3a
10005f90:	f001 fa4e 	bl	10007430 <SPI4W_Write_Byte>
10005f94:	2101      	movs	r1, #1
10005f96:	2009      	movs	r0, #9
10005f98:	f001 f9de 	bl	10007358 <DEV_Digital_Write>
10005f9c:	7823      	ldrb	r3, [r4, #0]
10005f9e:	2101      	movs	r1, #1
10005fa0:	2b52      	cmp	r3, #82	@ 0x52
10005fa2:	f04f 0008 	mov.w	r0, #8
10005fa6:	f001 801d 	beq.w	10006fe4 <LCD_Init+0x13cc>
10005faa:	f001 f9d5 	bl	10007358 <DEV_Digital_Write>
10005fae:	2009      	movs	r0, #9
10005fb0:	2100      	movs	r1, #0
10005fb2:	f001 f9d1 	bl	10007358 <DEV_Digital_Write>
10005fb6:	2000      	movs	r0, #0
10005fb8:	f001 fa3a 	bl	10007430 <SPI4W_Write_Byte>
10005fbc:	2056      	movs	r0, #86	@ 0x56
10005fbe:	f001 fa37 	bl	10007430 <SPI4W_Write_Byte>
10005fc2:	2101      	movs	r1, #1
10005fc4:	2009      	movs	r0, #9
10005fc6:	f001 f9c7 	bl	10007358 <DEV_Digital_Write>
10005fca:	7823      	ldrb	r3, [r4, #0]
10005fcc:	2101      	movs	r1, #1
10005fce:	2b52      	cmp	r3, #82	@ 0x52
10005fd0:	f04f 0008 	mov.w	r0, #8
10005fd4:	f000 87fe 	beq.w	10006fd4 <LCD_Init+0x13bc>
10005fd8:	f001 f9be 	bl	10007358 <DEV_Digital_Write>
10005fdc:	2009      	movs	r0, #9
10005fde:	2100      	movs	r1, #0
10005fe0:	f001 f9ba 	bl	10007358 <DEV_Digital_Write>
10005fe4:	2000      	movs	r0, #0
10005fe6:	f001 fa23 	bl	10007430 <SPI4W_Write_Byte>
10005fea:	204d      	movs	r0, #77	@ 0x4d
10005fec:	f001 fa20 	bl	10007430 <SPI4W_Write_Byte>
10005ff0:	2101      	movs	r1, #1
10005ff2:	2009      	movs	r0, #9
10005ff4:	f001 f9b0 	bl	10007358 <DEV_Digital_Write>
10005ff8:	7823      	ldrb	r3, [r4, #0]
10005ffa:	2101      	movs	r1, #1
10005ffc:	2b52      	cmp	r3, #82	@ 0x52
10005ffe:	f04f 0008 	mov.w	r0, #8
10006002:	f000 87df 	beq.w	10006fc4 <LCD_Init+0x13ac>
10006006:	f001 f9a7 	bl	10007358 <DEV_Digital_Write>
1000600a:	2009      	movs	r0, #9
1000600c:	2100      	movs	r1, #0
1000600e:	f001 f9a3 	bl	10007358 <DEV_Digital_Write>
10006012:	2000      	movs	r0, #0
10006014:	f001 fa0c 	bl	10007430 <SPI4W_Write_Byte>
10006018:	e004      	b.n	10006024 <LCD_Init+0x40c>
1000601a:	bf00      	nop
1000601c:	40088000 	.word	0x40088000
10006020:	20001d50 	.word	0x20001d50
10006024:	2003      	movs	r0, #3
10006026:	f001 fa03 	bl	10007430 <SPI4W_Write_Byte>
1000602a:	2101      	movs	r1, #1
1000602c:	2009      	movs	r0, #9
1000602e:	f001 f993 	bl	10007358 <DEV_Digital_Write>
10006032:	7823      	ldrb	r3, [r4, #0]
10006034:	2101      	movs	r1, #1
10006036:	2b52      	cmp	r3, #82	@ 0x52
10006038:	f04f 0008 	mov.w	r0, #8
1000603c:	f000 87ba 	beq.w	10006fb4 <LCD_Init+0x139c>
10006040:	f001 f98a 	bl	10007358 <DEV_Digital_Write>
10006044:	2009      	movs	r0, #9
10006046:	2100      	movs	r1, #0
10006048:	f001 f986 	bl	10007358 <DEV_Digital_Write>
1000604c:	2000      	movs	r0, #0
1000604e:	f001 f9ef 	bl	10007430 <SPI4W_Write_Byte>
10006052:	200a      	movs	r0, #10
10006054:	f001 f9ec 	bl	10007430 <SPI4W_Write_Byte>
10006058:	2101      	movs	r1, #1
1000605a:	2009      	movs	r0, #9
1000605c:	f001 f97c 	bl	10007358 <DEV_Digital_Write>
10006060:	7823      	ldrb	r3, [r4, #0]
10006062:	2101      	movs	r1, #1
10006064:	2b52      	cmp	r3, #82	@ 0x52
10006066:	f04f 0008 	mov.w	r0, #8
1000606a:	f000 879b 	beq.w	10006fa4 <LCD_Init+0x138c>
1000606e:	f001 f973 	bl	10007358 <DEV_Digital_Write>
10006072:	2009      	movs	r0, #9
10006074:	2100      	movs	r1, #0
10006076:	f001 f96f 	bl	10007358 <DEV_Digital_Write>
1000607a:	2000      	movs	r0, #0
1000607c:	f001 f9d8 	bl	10007430 <SPI4W_Write_Byte>
10006080:	2006      	movs	r0, #6
10006082:	f001 f9d5 	bl	10007430 <SPI4W_Write_Byte>
10006086:	2101      	movs	r1, #1
10006088:	2009      	movs	r0, #9
1000608a:	f001 f965 	bl	10007358 <DEV_Digital_Write>
1000608e:	7823      	ldrb	r3, [r4, #0]
10006090:	2101      	movs	r1, #1
10006092:	2b52      	cmp	r3, #82	@ 0x52
10006094:	f04f 0008 	mov.w	r0, #8
10006098:	f000 877c 	beq.w	10006f94 <LCD_Init+0x137c>
1000609c:	f001 f95c 	bl	10007358 <DEV_Digital_Write>
100060a0:	2009      	movs	r0, #9
100060a2:	2100      	movs	r1, #0
100060a4:	f001 f958 	bl	10007358 <DEV_Digital_Write>
100060a8:	2000      	movs	r0, #0
100060aa:	f001 f9c1 	bl	10007430 <SPI4W_Write_Byte>
100060ae:	2030      	movs	r0, #48	@ 0x30
100060b0:	f001 f9be 	bl	10007430 <SPI4W_Write_Byte>
100060b4:	2101      	movs	r1, #1
100060b6:	2009      	movs	r0, #9
100060b8:	f001 f94e 	bl	10007358 <DEV_Digital_Write>
100060bc:	7823      	ldrb	r3, [r4, #0]
100060be:	2101      	movs	r1, #1
100060c0:	2b52      	cmp	r3, #82	@ 0x52
100060c2:	f04f 0008 	mov.w	r0, #8
100060c6:	f000 875d 	beq.w	10006f84 <LCD_Init+0x136c>
100060ca:	f001 f945 	bl	10007358 <DEV_Digital_Write>
100060ce:	2009      	movs	r0, #9
100060d0:	2100      	movs	r1, #0
100060d2:	f001 f941 	bl	10007358 <DEV_Digital_Write>
100060d6:	2000      	movs	r0, #0
100060d8:	f001 f9aa 	bl	10007430 <SPI4W_Write_Byte>
100060dc:	203e      	movs	r0, #62	@ 0x3e
100060de:	f001 f9a7 	bl	10007430 <SPI4W_Write_Byte>
100060e2:	2101      	movs	r1, #1
100060e4:	2009      	movs	r0, #9
100060e6:	f001 f937 	bl	10007358 <DEV_Digital_Write>
100060ea:	7823      	ldrb	r3, [r4, #0]
100060ec:	2101      	movs	r1, #1
100060ee:	2b52      	cmp	r3, #82	@ 0x52
100060f0:	f04f 0008 	mov.w	r0, #8
100060f4:	f000 873e 	beq.w	10006f74 <LCD_Init+0x135c>
100060f8:	f001 f92e 	bl	10007358 <DEV_Digital_Write>
100060fc:	2009      	movs	r0, #9
100060fe:	2100      	movs	r1, #0
10006100:	f001 f92a 	bl	10007358 <DEV_Digital_Write>
10006104:	2000      	movs	r0, #0
10006106:	f001 f993 	bl	10007430 <SPI4W_Write_Byte>
1000610a:	200f      	movs	r0, #15
1000610c:	f001 f990 	bl	10007430 <SPI4W_Write_Byte>
10006110:	2101      	movs	r1, #1
10006112:	2009      	movs	r0, #9
10006114:	f001 f920 	bl	10007358 <DEV_Digital_Write>
10006118:	2100      	movs	r1, #0
1000611a:	2008      	movs	r0, #8
1000611c:	f001 f91c 	bl	10007358 <DEV_Digital_Write>
10006120:	2100      	movs	r1, #0
10006122:	2009      	movs	r0, #9
10006124:	f001 f918 	bl	10007358 <DEV_Digital_Write>
10006128:	20e1      	movs	r0, #225	@ 0xe1
1000612a:	f001 f981 	bl	10007430 <SPI4W_Write_Byte>
1000612e:	2101      	movs	r1, #1
10006130:	2009      	movs	r0, #9
10006132:	f001 f911 	bl	10007358 <DEV_Digital_Write>
10006136:	7823      	ldrb	r3, [r4, #0]
10006138:	2101      	movs	r1, #1
1000613a:	2b52      	cmp	r3, #82	@ 0x52
1000613c:	f04f 0008 	mov.w	r0, #8
10006140:	f000 8710 	beq.w	10006f64 <LCD_Init+0x134c>
10006144:	f001 f908 	bl	10007358 <DEV_Digital_Write>
10006148:	2009      	movs	r0, #9
1000614a:	2100      	movs	r1, #0
1000614c:	f001 f904 	bl	10007358 <DEV_Digital_Write>
10006150:	2000      	movs	r0, #0
10006152:	f001 f96d 	bl	10007430 <SPI4W_Write_Byte>
10006156:	2000      	movs	r0, #0
10006158:	f001 f96a 	bl	10007430 <SPI4W_Write_Byte>
1000615c:	2101      	movs	r1, #1
1000615e:	2009      	movs	r0, #9
10006160:	f001 f8fa 	bl	10007358 <DEV_Digital_Write>
10006164:	7823      	ldrb	r3, [r4, #0]
10006166:	2101      	movs	r1, #1
10006168:	2b52      	cmp	r3, #82	@ 0x52
1000616a:	f04f 0008 	mov.w	r0, #8
1000616e:	f000 86f1 	beq.w	10006f54 <LCD_Init+0x133c>
10006172:	f001 f8f1 	bl	10007358 <DEV_Digital_Write>
10006176:	2009      	movs	r0, #9
10006178:	2100      	movs	r1, #0
1000617a:	f001 f8ed 	bl	10007358 <DEV_Digital_Write>
1000617e:	2000      	movs	r0, #0
10006180:	f001 f956 	bl	10007430 <SPI4W_Write_Byte>
10006184:	2013      	movs	r0, #19
10006186:	f001 f953 	bl	10007430 <SPI4W_Write_Byte>
1000618a:	2101      	movs	r1, #1
1000618c:	2009      	movs	r0, #9
1000618e:	f001 f8e3 	bl	10007358 <DEV_Digital_Write>
10006192:	7823      	ldrb	r3, [r4, #0]
10006194:	2101      	movs	r1, #1
10006196:	2b52      	cmp	r3, #82	@ 0x52
10006198:	f04f 0008 	mov.w	r0, #8
1000619c:	f000 86d2 	beq.w	10006f44 <LCD_Init+0x132c>
100061a0:	f001 f8da 	bl	10007358 <DEV_Digital_Write>
100061a4:	2009      	movs	r0, #9
100061a6:	2100      	movs	r1, #0
100061a8:	f001 f8d6 	bl	10007358 <DEV_Digital_Write>
100061ac:	2000      	movs	r0, #0
100061ae:	f001 f93f 	bl	10007430 <SPI4W_Write_Byte>
100061b2:	2018      	movs	r0, #24
100061b4:	f001 f93c 	bl	10007430 <SPI4W_Write_Byte>
100061b8:	2101      	movs	r1, #1
100061ba:	2009      	movs	r0, #9
100061bc:	f001 f8cc 	bl	10007358 <DEV_Digital_Write>
100061c0:	7823      	ldrb	r3, [r4, #0]
100061c2:	2101      	movs	r1, #1
100061c4:	2b52      	cmp	r3, #82	@ 0x52
100061c6:	f04f 0008 	mov.w	r0, #8
100061ca:	f000 86b3 	beq.w	10006f34 <LCD_Init+0x131c>
100061ce:	f001 f8c3 	bl	10007358 <DEV_Digital_Write>
100061d2:	2009      	movs	r0, #9
100061d4:	2100      	movs	r1, #0
100061d6:	f001 f8bf 	bl	10007358 <DEV_Digital_Write>
100061da:	2000      	movs	r0, #0
100061dc:	f001 f928 	bl	10007430 <SPI4W_Write_Byte>
100061e0:	2001      	movs	r0, #1
100061e2:	f001 f925 	bl	10007430 <SPI4W_Write_Byte>
100061e6:	2101      	movs	r1, #1
100061e8:	2009      	movs	r0, #9
100061ea:	f001 f8b5 	bl	10007358 <DEV_Digital_Write>
100061ee:	7823      	ldrb	r3, [r4, #0]
100061f0:	2101      	movs	r1, #1
100061f2:	2b52      	cmp	r3, #82	@ 0x52
100061f4:	f04f 0008 	mov.w	r0, #8
100061f8:	f000 8694 	beq.w	10006f24 <LCD_Init+0x130c>
100061fc:	f001 f8ac 	bl	10007358 <DEV_Digital_Write>
10006200:	2009      	movs	r0, #9
10006202:	2100      	movs	r1, #0
10006204:	f001 f8a8 	bl	10007358 <DEV_Digital_Write>
10006208:	2000      	movs	r0, #0
1000620a:	f001 f911 	bl	10007430 <SPI4W_Write_Byte>
1000620e:	2011      	movs	r0, #17
10006210:	f001 f90e 	bl	10007430 <SPI4W_Write_Byte>
10006214:	2101      	movs	r1, #1
10006216:	2009      	movs	r0, #9
10006218:	f001 f89e 	bl	10007358 <DEV_Digital_Write>
1000621c:	7823      	ldrb	r3, [r4, #0]
1000621e:	2101      	movs	r1, #1
10006220:	2b52      	cmp	r3, #82	@ 0x52
10006222:	f04f 0008 	mov.w	r0, #8
10006226:	f000 8675 	beq.w	10006f14 <LCD_Init+0x12fc>
1000622a:	f001 f895 	bl	10007358 <DEV_Digital_Write>
1000622e:	2009      	movs	r0, #9
10006230:	2100      	movs	r1, #0
10006232:	f001 f891 	bl	10007358 <DEV_Digital_Write>
10006236:	2000      	movs	r0, #0
10006238:	f001 f8fa 	bl	10007430 <SPI4W_Write_Byte>
1000623c:	2006      	movs	r0, #6
1000623e:	f001 f8f7 	bl	10007430 <SPI4W_Write_Byte>
10006242:	2101      	movs	r1, #1
10006244:	2009      	movs	r0, #9
10006246:	f001 f887 	bl	10007358 <DEV_Digital_Write>
1000624a:	7823      	ldrb	r3, [r4, #0]
1000624c:	2101      	movs	r1, #1
1000624e:	2b52      	cmp	r3, #82	@ 0x52
10006250:	f04f 0008 	mov.w	r0, #8
10006254:	f000 8656 	beq.w	10006f04 <LCD_Init+0x12ec>
10006258:	f001 f87e 	bl	10007358 <DEV_Digital_Write>
1000625c:	2009      	movs	r0, #9
1000625e:	2100      	movs	r1, #0
10006260:	f001 f87a 	bl	10007358 <DEV_Digital_Write>
10006264:	2000      	movs	r0, #0
10006266:	f001 f8e3 	bl	10007430 <SPI4W_Write_Byte>
1000626a:	2038      	movs	r0, #56	@ 0x38
1000626c:	f001 f8e0 	bl	10007430 <SPI4W_Write_Byte>
10006270:	2101      	movs	r1, #1
10006272:	2009      	movs	r0, #9
10006274:	f001 f870 	bl	10007358 <DEV_Digital_Write>
10006278:	7823      	ldrb	r3, [r4, #0]
1000627a:	2101      	movs	r1, #1
1000627c:	2b52      	cmp	r3, #82	@ 0x52
1000627e:	f04f 0008 	mov.w	r0, #8
10006282:	f000 8637 	beq.w	10006ef4 <LCD_Init+0x12dc>
10006286:	f001 f867 	bl	10007358 <DEV_Digital_Write>
1000628a:	2009      	movs	r0, #9
1000628c:	2100      	movs	r1, #0
1000628e:	f001 f863 	bl	10007358 <DEV_Digital_Write>
10006292:	2000      	movs	r0, #0
10006294:	f001 f8cc 	bl	10007430 <SPI4W_Write_Byte>
10006298:	2034      	movs	r0, #52	@ 0x34
1000629a:	f001 f8c9 	bl	10007430 <SPI4W_Write_Byte>
1000629e:	2101      	movs	r1, #1
100062a0:	2009      	movs	r0, #9
100062a2:	f001 f859 	bl	10007358 <DEV_Digital_Write>
100062a6:	7823      	ldrb	r3, [r4, #0]
100062a8:	2101      	movs	r1, #1
100062aa:	2b52      	cmp	r3, #82	@ 0x52
100062ac:	f04f 0008 	mov.w	r0, #8
100062b0:	f000 8618 	beq.w	10006ee4 <LCD_Init+0x12cc>
100062b4:	f001 f850 	bl	10007358 <DEV_Digital_Write>
100062b8:	2009      	movs	r0, #9
100062ba:	2100      	movs	r1, #0
100062bc:	f001 f84c 	bl	10007358 <DEV_Digital_Write>
100062c0:	2000      	movs	r0, #0
100062c2:	f001 f8b5 	bl	10007430 <SPI4W_Write_Byte>
100062c6:	204d      	movs	r0, #77	@ 0x4d
100062c8:	f001 f8b2 	bl	10007430 <SPI4W_Write_Byte>
100062cc:	2101      	movs	r1, #1
100062ce:	2009      	movs	r0, #9
100062d0:	f001 f842 	bl	10007358 <DEV_Digital_Write>
100062d4:	7823      	ldrb	r3, [r4, #0]
100062d6:	2101      	movs	r1, #1
100062d8:	2b52      	cmp	r3, #82	@ 0x52
100062da:	f04f 0008 	mov.w	r0, #8
100062de:	f000 85f9 	beq.w	10006ed4 <LCD_Init+0x12bc>
100062e2:	f001 f839 	bl	10007358 <DEV_Digital_Write>
100062e6:	2009      	movs	r0, #9
100062e8:	2100      	movs	r1, #0
100062ea:	f001 f835 	bl	10007358 <DEV_Digital_Write>
100062ee:	2000      	movs	r0, #0
100062f0:	f001 f89e 	bl	10007430 <SPI4W_Write_Byte>
100062f4:	2006      	movs	r0, #6
100062f6:	f001 f89b 	bl	10007430 <SPI4W_Write_Byte>
100062fa:	2101      	movs	r1, #1
100062fc:	2009      	movs	r0, #9
100062fe:	f001 f82b 	bl	10007358 <DEV_Digital_Write>
10006302:	7823      	ldrb	r3, [r4, #0]
10006304:	2101      	movs	r1, #1
10006306:	2b52      	cmp	r3, #82	@ 0x52
10006308:	f04f 0008 	mov.w	r0, #8
1000630c:	f000 85da 	beq.w	10006ec4 <LCD_Init+0x12ac>
10006310:	f001 f822 	bl	10007358 <DEV_Digital_Write>
10006314:	2009      	movs	r0, #9
10006316:	2100      	movs	r1, #0
10006318:	f001 f81e 	bl	10007358 <DEV_Digital_Write>
1000631c:	2000      	movs	r0, #0
1000631e:	f001 f887 	bl	10007430 <SPI4W_Write_Byte>
10006322:	200d      	movs	r0, #13
10006324:	f001 f884 	bl	10007430 <SPI4W_Write_Byte>
10006328:	2101      	movs	r1, #1
1000632a:	2009      	movs	r0, #9
1000632c:	f001 f814 	bl	10007358 <DEV_Digital_Write>
10006330:	7823      	ldrb	r3, [r4, #0]
10006332:	2101      	movs	r1, #1
10006334:	2b52      	cmp	r3, #82	@ 0x52
10006336:	f04f 0008 	mov.w	r0, #8
1000633a:	f000 85bb 	beq.w	10006eb4 <LCD_Init+0x129c>
1000633e:	f001 f80b 	bl	10007358 <DEV_Digital_Write>
10006342:	2009      	movs	r0, #9
10006344:	2100      	movs	r1, #0
10006346:	f001 f807 	bl	10007358 <DEV_Digital_Write>
1000634a:	2000      	movs	r0, #0
1000634c:	f001 f870 	bl	10007430 <SPI4W_Write_Byte>
10006350:	200b      	movs	r0, #11
10006352:	f001 f86d 	bl	10007430 <SPI4W_Write_Byte>
10006356:	2101      	movs	r1, #1
10006358:	2009      	movs	r0, #9
1000635a:	f000 fffd 	bl	10007358 <DEV_Digital_Write>
1000635e:	7823      	ldrb	r3, [r4, #0]
10006360:	2101      	movs	r1, #1
10006362:	2b52      	cmp	r3, #82	@ 0x52
10006364:	f04f 0008 	mov.w	r0, #8
10006368:	f000 859c 	beq.w	10006ea4 <LCD_Init+0x128c>
1000636c:	f000 fff4 	bl	10007358 <DEV_Digital_Write>
10006370:	2009      	movs	r0, #9
10006372:	2100      	movs	r1, #0
10006374:	f000 fff0 	bl	10007358 <DEV_Digital_Write>
10006378:	2000      	movs	r0, #0
1000637a:	f001 f859 	bl	10007430 <SPI4W_Write_Byte>
1000637e:	2031      	movs	r0, #49	@ 0x31
10006380:	f001 f856 	bl	10007430 <SPI4W_Write_Byte>
10006384:	2101      	movs	r1, #1
10006386:	2009      	movs	r0, #9
10006388:	f000 ffe6 	bl	10007358 <DEV_Digital_Write>
1000638c:	7823      	ldrb	r3, [r4, #0]
1000638e:	2101      	movs	r1, #1
10006390:	2b52      	cmp	r3, #82	@ 0x52
10006392:	f04f 0008 	mov.w	r0, #8
10006396:	f000 857d 	beq.w	10006e94 <LCD_Init+0x127c>
1000639a:	f000 ffdd 	bl	10007358 <DEV_Digital_Write>
1000639e:	2009      	movs	r0, #9
100063a0:	2100      	movs	r1, #0
100063a2:	f000 ffd9 	bl	10007358 <DEV_Digital_Write>
100063a6:	2000      	movs	r0, #0
100063a8:	f001 f842 	bl	10007430 <SPI4W_Write_Byte>
100063ac:	2037      	movs	r0, #55	@ 0x37
100063ae:	f001 f83f 	bl	10007430 <SPI4W_Write_Byte>
100063b2:	2101      	movs	r1, #1
100063b4:	2009      	movs	r0, #9
100063b6:	f000 ffcf 	bl	10007358 <DEV_Digital_Write>
100063ba:	7823      	ldrb	r3, [r4, #0]
100063bc:	2101      	movs	r1, #1
100063be:	2b52      	cmp	r3, #82	@ 0x52
100063c0:	f04f 0008 	mov.w	r0, #8
100063c4:	f000 855e 	beq.w	10006e84 <LCD_Init+0x126c>
100063c8:	f000 ffc6 	bl	10007358 <DEV_Digital_Write>
100063cc:	2009      	movs	r0, #9
100063ce:	2100      	movs	r1, #0
100063d0:	f000 ffc2 	bl	10007358 <DEV_Digital_Write>
100063d4:	2000      	movs	r0, #0
100063d6:	f001 f82b 	bl	10007430 <SPI4W_Write_Byte>
100063da:	200f      	movs	r0, #15
100063dc:	f001 f828 	bl	10007430 <SPI4W_Write_Byte>
100063e0:	2101      	movs	r1, #1
100063e2:	2009      	movs	r0, #9
100063e4:	f000 ffb8 	bl	10007358 <DEV_Digital_Write>
100063e8:	2100      	movs	r1, #0
100063ea:	2008      	movs	r0, #8
100063ec:	f000 ffb4 	bl	10007358 <DEV_Digital_Write>
100063f0:	2100      	movs	r1, #0
100063f2:	2009      	movs	r0, #9
100063f4:	f000 ffb0 	bl	10007358 <DEV_Digital_Write>
100063f8:	203a      	movs	r0, #58	@ 0x3a
100063fa:	f001 f819 	bl	10007430 <SPI4W_Write_Byte>
100063fe:	2101      	movs	r1, #1
10006400:	2009      	movs	r0, #9
10006402:	f000 ffa9 	bl	10007358 <DEV_Digital_Write>
10006406:	7823      	ldrb	r3, [r4, #0]
10006408:	2101      	movs	r1, #1
1000640a:	2b52      	cmp	r3, #82	@ 0x52
1000640c:	f04f 0008 	mov.w	r0, #8
10006410:	f000 8530 	beq.w	10006e74 <LCD_Init+0x125c>
10006414:	f000 ffa0 	bl	10007358 <DEV_Digital_Write>
10006418:	2009      	movs	r0, #9
1000641a:	2100      	movs	r1, #0
1000641c:	f000 ff9c 	bl	10007358 <DEV_Digital_Write>
10006420:	2000      	movs	r0, #0
10006422:	f001 f805 	bl	10007430 <SPI4W_Write_Byte>
10006426:	2055      	movs	r0, #85	@ 0x55
10006428:	f001 f802 	bl	10007430 <SPI4W_Write_Byte>
1000642c:	2101      	movs	r1, #1
1000642e:	2009      	movs	r0, #9
10006430:	f000 ff92 	bl	10007358 <DEV_Digital_Write>
10006434:	2100      	movs	r1, #0
10006436:	2008      	movs	r0, #8
10006438:	f000 ff8e 	bl	10007358 <DEV_Digital_Write>
1000643c:	2100      	movs	r1, #0
1000643e:	2009      	movs	r0, #9
10006440:	f000 ff8a 	bl	10007358 <DEV_Digital_Write>
10006444:	2011      	movs	r0, #17
10006446:	f000 fff3 	bl	10007430 <SPI4W_Write_Byte>
1000644a:	2009      	movs	r0, #9
1000644c:	2101      	movs	r1, #1
1000644e:	f000 ff83 	bl	10007358 <DEV_Digital_Write>
10006452:	2078      	movs	r0, #120	@ 0x78
10006454:	f000 fffe 	bl	10007454 <Driver_Delay_ms>
10006458:	2100      	movs	r1, #0
1000645a:	2008      	movs	r0, #8
1000645c:	f000 ff7c 	bl	10007358 <DEV_Digital_Write>
10006460:	2100      	movs	r1, #0
10006462:	2009      	movs	r0, #9
10006464:	f000 ff78 	bl	10007358 <DEV_Digital_Write>
10006468:	2029      	movs	r0, #41	@ 0x29
1000646a:	f000 ffe1 	bl	10007430 <SPI4W_Write_Byte>
1000646e:	2101      	movs	r1, #1
10006470:	2009      	movs	r0, #9
10006472:	f000 ff71 	bl	10007358 <DEV_Digital_Write>
10006476:	4630      	mov	r0, r6
10006478:	f7ff fae0 	bl	10005a3c <LCD_SetGramScanWay>
1000647c:	20c8      	movs	r0, #200	@ 0xc8
1000647e:	b002      	add	sp, #8
10006480:	e8bd 4070 	ldmia.w	sp!, {r4, r5, r6, lr}
10006484:	f000 bfe6 	b.w	10007454 <Driver_Delay_ms>
10006488:	f000 ff66 	bl	10007358 <DEV_Digital_Write>
1000648c:	4629      	mov	r1, r5
1000648e:	2009      	movs	r0, #9
10006490:	f000 ff62 	bl	10007358 <DEV_Digital_Write>
10006494:	e42b      	b.n	10005cee <LCD_Init+0xd6>
10006496:	f000 ff5f 	bl	10007358 <DEV_Digital_Write>
1000649a:	4629      	mov	r1, r5
1000649c:	2009      	movs	r0, #9
1000649e:	f000 ff5b 	bl	10007358 <DEV_Digital_Write>
100064a2:	2011      	movs	r0, #17
100064a4:	f000 ffc4 	bl	10007430 <SPI4W_Write_Byte>
100064a8:	2101      	movs	r1, #1
100064aa:	2009      	movs	r0, #9
100064ac:	f000 ff54 	bl	10007358 <DEV_Digital_Write>
100064b0:	2064      	movs	r0, #100	@ 0x64
100064b2:	f000 ffcf 	bl	10007454 <Driver_Delay_ms>
100064b6:	4629      	mov	r1, r5
100064b8:	2008      	movs	r0, #8
100064ba:	f000 ff4d 	bl	10007358 <DEV_Digital_Write>
100064be:	4629      	mov	r1, r5
100064c0:	2009      	movs	r0, #9
100064c2:	f000 ff49 	bl	10007358 <DEV_Digital_Write>
100064c6:	2036      	movs	r0, #54	@ 0x36
100064c8:	f000 ffb2 	bl	10007430 <SPI4W_Write_Byte>
100064cc:	2101      	movs	r1, #1
100064ce:	2009      	movs	r0, #9
100064d0:	f000 ff42 	bl	10007358 <DEV_Digital_Write>
100064d4:	7823      	ldrb	r3, [r4, #0]
100064d6:	2101      	movs	r1, #1
100064d8:	2b52      	cmp	r3, #82	@ 0x52
100064da:	f04f 0008 	mov.w	r0, #8
100064de:	f000 85e9 	beq.w	100070b4 <LCD_Init+0x149c>
100064e2:	f000 ff39 	bl	10007358 <DEV_Digital_Write>
100064e6:	2009      	movs	r0, #9
100064e8:	4629      	mov	r1, r5
100064ea:	f000 ff35 	bl	10007358 <DEV_Digital_Write>
100064ee:	4628      	mov	r0, r5
100064f0:	f000 ff9e 	bl	10007430 <SPI4W_Write_Byte>
100064f4:	4628      	mov	r0, r5
100064f6:	f000 ff9b 	bl	10007430 <SPI4W_Write_Byte>
100064fa:	2101      	movs	r1, #1
100064fc:	2009      	movs	r0, #9
100064fe:	f000 ff2b 	bl	10007358 <DEV_Digital_Write>
10006502:	2100      	movs	r1, #0
10006504:	2008      	movs	r0, #8
10006506:	f000 ff27 	bl	10007358 <DEV_Digital_Write>
1000650a:	2100      	movs	r1, #0
1000650c:	2009      	movs	r0, #9
1000650e:	f000 ff23 	bl	10007358 <DEV_Digital_Write>
10006512:	203a      	movs	r0, #58	@ 0x3a
10006514:	f000 ff8c 	bl	10007430 <SPI4W_Write_Byte>
10006518:	2101      	movs	r1, #1
1000651a:	2009      	movs	r0, #9
1000651c:	f000 ff1c 	bl	10007358 <DEV_Digital_Write>
10006520:	7823      	ldrb	r3, [r4, #0]
10006522:	2101      	movs	r1, #1
10006524:	2b52      	cmp	r3, #82	@ 0x52
10006526:	f04f 0008 	mov.w	r0, #8
1000652a:	f000 870c 	beq.w	10007346 <LCD_Init+0x172e>
1000652e:	f000 ff13 	bl	10007358 <DEV_Digital_Write>
10006532:	2009      	movs	r0, #9
10006534:	2100      	movs	r1, #0
10006536:	f000 ff0f 	bl	10007358 <DEV_Digital_Write>
1000653a:	2000      	movs	r0, #0
1000653c:	f000 ff78 	bl	10007430 <SPI4W_Write_Byte>
10006540:	2055      	movs	r0, #85	@ 0x55
10006542:	f000 ff75 	bl	10007430 <SPI4W_Write_Byte>
10006546:	2101      	movs	r1, #1
10006548:	2009      	movs	r0, #9
1000654a:	f000 ff05 	bl	10007358 <DEV_Digital_Write>
1000654e:	2100      	movs	r1, #0
10006550:	2008      	movs	r0, #8
10006552:	f000 ff01 	bl	10007358 <DEV_Digital_Write>
10006556:	2100      	movs	r1, #0
10006558:	2009      	movs	r0, #9
1000655a:	f000 fefd 	bl	10007358 <DEV_Digital_Write>
1000655e:	20b2      	movs	r0, #178	@ 0xb2
10006560:	f000 ff66 	bl	10007430 <SPI4W_Write_Byte>
10006564:	2101      	movs	r1, #1
10006566:	2009      	movs	r0, #9
10006568:	f000 fef6 	bl	10007358 <DEV_Digital_Write>
1000656c:	7823      	ldrb	r3, [r4, #0]
1000656e:	2101      	movs	r1, #1
10006570:	2b52      	cmp	r3, #82	@ 0x52
10006572:	f04f 0008 	mov.w	r0, #8
10006576:	f000 86de 	beq.w	10007336 <LCD_Init+0x171e>
1000657a:	f000 feed 	bl	10007358 <DEV_Digital_Write>
1000657e:	2009      	movs	r0, #9
10006580:	2100      	movs	r1, #0
10006582:	f000 fee9 	bl	10007358 <DEV_Digital_Write>
10006586:	2000      	movs	r0, #0
10006588:	f000 ff52 	bl	10007430 <SPI4W_Write_Byte>
1000658c:	200c      	movs	r0, #12
1000658e:	f000 ff4f 	bl	10007430 <SPI4W_Write_Byte>
10006592:	2101      	movs	r1, #1
10006594:	2009      	movs	r0, #9
10006596:	f000 fedf 	bl	10007358 <DEV_Digital_Write>
1000659a:	7823      	ldrb	r3, [r4, #0]
1000659c:	2101      	movs	r1, #1
1000659e:	2b52      	cmp	r3, #82	@ 0x52
100065a0:	f04f 0008 	mov.w	r0, #8
100065a4:	f000 86bf 	beq.w	10007326 <LCD_Init+0x170e>
100065a8:	f000 fed6 	bl	10007358 <DEV_Digital_Write>
100065ac:	2009      	movs	r0, #9
100065ae:	2100      	movs	r1, #0
100065b0:	f000 fed2 	bl	10007358 <DEV_Digital_Write>
100065b4:	2000      	movs	r0, #0
100065b6:	f000 ff3b 	bl	10007430 <SPI4W_Write_Byte>
100065ba:	200c      	movs	r0, #12
100065bc:	f000 ff38 	bl	10007430 <SPI4W_Write_Byte>
100065c0:	2101      	movs	r1, #1
100065c2:	2009      	movs	r0, #9
100065c4:	f000 fec8 	bl	10007358 <DEV_Digital_Write>
100065c8:	7823      	ldrb	r3, [r4, #0]
100065ca:	2101      	movs	r1, #1
100065cc:	2b52      	cmp	r3, #82	@ 0x52
100065ce:	f04f 0008 	mov.w	r0, #8
100065d2:	f000 86a0 	beq.w	10007316 <LCD_Init+0x16fe>
100065d6:	f000 febf 	bl	10007358 <DEV_Digital_Write>
100065da:	2009      	movs	r0, #9
100065dc:	2100      	movs	r1, #0
100065de:	f000 febb 	bl	10007358 <DEV_Digital_Write>
100065e2:	2000      	movs	r0, #0
100065e4:	f000 ff24 	bl	10007430 <SPI4W_Write_Byte>
100065e8:	2000      	movs	r0, #0
100065ea:	f000 ff21 	bl	10007430 <SPI4W_Write_Byte>
100065ee:	2101      	movs	r1, #1
100065f0:	2009      	movs	r0, #9
100065f2:	f000 feb1 	bl	10007358 <DEV_Digital_Write>
100065f6:	7823      	ldrb	r3, [r4, #0]
100065f8:	2101      	movs	r1, #1
100065fa:	2b52      	cmp	r3, #82	@ 0x52
100065fc:	f04f 0008 	mov.w	r0, #8
10006600:	f000 8681 	beq.w	10007306 <LCD_Init+0x16ee>
10006604:	f000 fea8 	bl	10007358 <DEV_Digital_Write>
10006608:	2009      	movs	r0, #9
1000660a:	2100      	movs	r1, #0
1000660c:	f000 fea4 	bl	10007358 <DEV_Digital_Write>
10006610:	2000      	movs	r0, #0
10006612:	f000 ff0d 	bl	10007430 <SPI4W_Write_Byte>
10006616:	2033      	movs	r0, #51	@ 0x33
10006618:	f000 ff0a 	bl	10007430 <SPI4W_Write_Byte>
1000661c:	2101      	movs	r1, #1
1000661e:	2009      	movs	r0, #9
10006620:	f000 fe9a 	bl	10007358 <DEV_Digital_Write>
10006624:	7823      	ldrb	r3, [r4, #0]
10006626:	2101      	movs	r1, #1
10006628:	2b52      	cmp	r3, #82	@ 0x52
1000662a:	f04f 0008 	mov.w	r0, #8
1000662e:	f000 8662 	beq.w	100072f6 <LCD_Init+0x16de>
10006632:	f000 fe91 	bl	10007358 <DEV_Digital_Write>
10006636:	2009      	movs	r0, #9
10006638:	2100      	movs	r1, #0
1000663a:	f000 fe8d 	bl	10007358 <DEV_Digital_Write>
1000663e:	2000      	movs	r0, #0
10006640:	f000 fef6 	bl	10007430 <SPI4W_Write_Byte>
10006644:	2033      	movs	r0, #51	@ 0x33
10006646:	f000 fef3 	bl	10007430 <SPI4W_Write_Byte>
1000664a:	2101      	movs	r1, #1
1000664c:	2009      	movs	r0, #9
1000664e:	f000 fe83 	bl	10007358 <DEV_Digital_Write>
10006652:	2100      	movs	r1, #0
10006654:	2008      	movs	r0, #8
10006656:	f000 fe7f 	bl	10007358 <DEV_Digital_Write>
1000665a:	2100      	movs	r1, #0
1000665c:	2009      	movs	r0, #9
1000665e:	f000 fe7b 	bl	10007358 <DEV_Digital_Write>
10006662:	20b7      	movs	r0, #183	@ 0xb7
10006664:	f000 fee4 	bl	10007430 <SPI4W_Write_Byte>
10006668:	2101      	movs	r1, #1
1000666a:	2009      	movs	r0, #9
1000666c:	f000 fe74 	bl	10007358 <DEV_Digital_Write>
10006670:	7823      	ldrb	r3, [r4, #0]
10006672:	2101      	movs	r1, #1
10006674:	2b52      	cmp	r3, #82	@ 0x52
10006676:	f04f 0008 	mov.w	r0, #8
1000667a:	f000 8634 	beq.w	100072e6 <LCD_Init+0x16ce>
1000667e:	f000 fe6b 	bl	10007358 <DEV_Digital_Write>
10006682:	2009      	movs	r0, #9
10006684:	2100      	movs	r1, #0
10006686:	f000 fe67 	bl	10007358 <DEV_Digital_Write>
1000668a:	2000      	movs	r0, #0
1000668c:	f000 fed0 	bl	10007430 <SPI4W_Write_Byte>
10006690:	2035      	movs	r0, #53	@ 0x35
10006692:	f000 fecd 	bl	10007430 <SPI4W_Write_Byte>
10006696:	2101      	movs	r1, #1
10006698:	2009      	movs	r0, #9
1000669a:	f000 fe5d 	bl	10007358 <DEV_Digital_Write>
1000669e:	2100      	movs	r1, #0
100066a0:	2008      	movs	r0, #8
100066a2:	f000 fe59 	bl	10007358 <DEV_Digital_Write>
100066a6:	2100      	movs	r1, #0
100066a8:	2009      	movs	r0, #9
100066aa:	f000 fe55 	bl	10007358 <DEV_Digital_Write>
100066ae:	20bb      	movs	r0, #187	@ 0xbb
100066b0:	f000 febe 	bl	10007430 <SPI4W_Write_Byte>
100066b4:	2101      	movs	r1, #1
100066b6:	2009      	movs	r0, #9
100066b8:	f000 fe4e 	bl	10007358 <DEV_Digital_Write>
100066bc:	7823      	ldrb	r3, [r4, #0]
100066be:	2101      	movs	r1, #1
100066c0:	2b52      	cmp	r3, #82	@ 0x52
100066c2:	f04f 0008 	mov.w	r0, #8
100066c6:	f000 8606 	beq.w	100072d6 <LCD_Init+0x16be>
100066ca:	f000 fe45 	bl	10007358 <DEV_Digital_Write>
100066ce:	2009      	movs	r0, #9
100066d0:	2100      	movs	r1, #0
100066d2:	f000 fe41 	bl	10007358 <DEV_Digital_Write>
100066d6:	2000      	movs	r0, #0
100066d8:	f000 feaa 	bl	10007430 <SPI4W_Write_Byte>
100066dc:	2028      	movs	r0, #40	@ 0x28
100066de:	f000 fea7 	bl	10007430 <SPI4W_Write_Byte>
100066e2:	2101      	movs	r1, #1
100066e4:	2009      	movs	r0, #9
100066e6:	f000 fe37 	bl	10007358 <DEV_Digital_Write>
100066ea:	2100      	movs	r1, #0
100066ec:	2008      	movs	r0, #8
100066ee:	f000 fe33 	bl	10007358 <DEV_Digital_Write>
100066f2:	2100      	movs	r1, #0
100066f4:	2009      	movs	r0, #9
100066f6:	f000 fe2f 	bl	10007358 <DEV_Digital_Write>
100066fa:	20c0      	movs	r0, #192	@ 0xc0
100066fc:	f000 fe98 	bl	10007430 <SPI4W_Write_Byte>
10006700:	2101      	movs	r1, #1
10006702:	2009      	movs	r0, #9
10006704:	f000 fe28 	bl	10007358 <DEV_Digital_Write>
10006708:	7823      	ldrb	r3, [r4, #0]
1000670a:	2101      	movs	r1, #1
1000670c:	2b52      	cmp	r3, #82	@ 0x52
1000670e:	f04f 0008 	mov.w	r0, #8
10006712:	f000 85d8 	beq.w	100072c6 <LCD_Init+0x16ae>
10006716:	f000 fe1f 	bl	10007358 <DEV_Digital_Write>
1000671a:	2009      	movs	r0, #9
1000671c:	2100      	movs	r1, #0
1000671e:	f000 fe1b 	bl	10007358 <DEV_Digital_Write>
10006722:	2000      	movs	r0, #0
10006724:	f000 fe84 	bl	10007430 <SPI4W_Write_Byte>
10006728:	203c      	movs	r0, #60	@ 0x3c
1000672a:	f000 fe81 	bl	10007430 <SPI4W_Write_Byte>
1000672e:	2101      	movs	r1, #1
10006730:	2009      	movs	r0, #9
10006732:	f000 fe11 	bl	10007358 <DEV_Digital_Write>
10006736:	2100      	movs	r1, #0
10006738:	2008      	movs	r0, #8
1000673a:	f000 fe0d 	bl	10007358 <DEV_Digital_Write>
1000673e:	2100      	movs	r1, #0
10006740:	2009      	movs	r0, #9
10006742:	f000 fe09 	bl	10007358 <DEV_Digital_Write>
10006746:	20c2      	movs	r0, #194	@ 0xc2
10006748:	f000 fe72 	bl	10007430 <SPI4W_Write_Byte>
1000674c:	2101      	movs	r1, #1
1000674e:	2009      	movs	r0, #9
10006750:	f000 fe02 	bl	10007358 <DEV_Digital_Write>
10006754:	7823      	ldrb	r3, [r4, #0]
10006756:	2101      	movs	r1, #1
10006758:	2b52      	cmp	r3, #82	@ 0x52
1000675a:	f04f 0008 	mov.w	r0, #8
1000675e:	f000 85aa 	beq.w	100072b6 <LCD_Init+0x169e>
10006762:	f000 fdf9 	bl	10007358 <DEV_Digital_Write>
10006766:	2009      	movs	r0, #9
10006768:	2100      	movs	r1, #0
1000676a:	f000 fdf5 	bl	10007358 <DEV_Digital_Write>
1000676e:	2000      	movs	r0, #0
10006770:	f000 fe5e 	bl	10007430 <SPI4W_Write_Byte>
10006774:	2001      	movs	r0, #1
10006776:	f000 fe5b 	bl	10007430 <SPI4W_Write_Byte>
1000677a:	2101      	movs	r1, #1
1000677c:	2009      	movs	r0, #9
1000677e:	f000 fdeb 	bl	10007358 <DEV_Digital_Write>
10006782:	2100      	movs	r1, #0
10006784:	2008      	movs	r0, #8
10006786:	f000 fde7 	bl	10007358 <DEV_Digital_Write>
1000678a:	2100      	movs	r1, #0
1000678c:	2009      	movs	r0, #9
1000678e:	f000 fde3 	bl	10007358 <DEV_Digital_Write>
10006792:	20c3      	movs	r0, #195	@ 0xc3
10006794:	f000 fe4c 	bl	10007430 <SPI4W_Write_Byte>
10006798:	2101      	movs	r1, #1
1000679a:	2009      	movs	r0, #9
1000679c:	f000 fddc 	bl	10007358 <DEV_Digital_Write>
100067a0:	7823      	ldrb	r3, [r4, #0]
100067a2:	2101      	movs	r1, #1
100067a4:	2b52      	cmp	r3, #82	@ 0x52
100067a6:	f04f 0008 	mov.w	r0, #8
100067aa:	f000 857c 	beq.w	100072a6 <LCD_Init+0x168e>
100067ae:	f000 fdd3 	bl	10007358 <DEV_Digital_Write>
100067b2:	2009      	movs	r0, #9
100067b4:	2100      	movs	r1, #0
100067b6:	f000 fdcf 	bl	10007358 <DEV_Digital_Write>
100067ba:	2000      	movs	r0, #0
100067bc:	f000 fe38 	bl	10007430 <SPI4W_Write_Byte>
100067c0:	200b      	movs	r0, #11
100067c2:	f000 fe35 	bl	10007430 <SPI4W_Write_Byte>
100067c6:	2101      	movs	r1, #1
100067c8:	2009      	movs	r0, #9
100067ca:	f000 fdc5 	bl	10007358 <DEV_Digital_Write>
100067ce:	2100      	movs	r1, #0
100067d0:	2008      	movs	r0, #8
100067d2:	f000 fdc1 	bl	10007358 <DEV_Digital_Write>
100067d6:	2100      	movs	r1, #0
100067d8:	2009      	movs	r0, #9
100067da:	f000 fdbd 	bl	10007358 <DEV_Digital_Write>
100067de:	20c4      	movs	r0, #196	@ 0xc4
100067e0:	f000 fe26 	bl	10007430 <SPI4W_Write_Byte>
100067e4:	2101      	movs	r1, #1
100067e6:	2009      	movs	r0, #9
100067e8:	f000 fdb6 	bl	10007358 <DEV_Digital_Write>
100067ec:	7823      	ldrb	r3, [r4, #0]
100067ee:	2101      	movs	r1, #1
100067f0:	2b52      	cmp	r3, #82	@ 0x52
100067f2:	f04f 0008 	mov.w	r0, #8
100067f6:	f000 854e 	beq.w	10007296 <LCD_Init+0x167e>
100067fa:	f000 fdad 	bl	10007358 <DEV_Digital_Write>
100067fe:	2009      	movs	r0, #9
10006800:	2100      	movs	r1, #0
10006802:	f000 fda9 	bl	10007358 <DEV_Digital_Write>
10006806:	2000      	movs	r0, #0
10006808:	f000 fe12 	bl	10007430 <SPI4W_Write_Byte>
1000680c:	2020      	movs	r0, #32
1000680e:	f000 fe0f 	bl	10007430 <SPI4W_Write_Byte>
10006812:	2101      	movs	r1, #1
10006814:	2009      	movs	r0, #9
10006816:	f000 fd9f 	bl	10007358 <DEV_Digital_Write>
1000681a:	2100      	movs	r1, #0
1000681c:	2008      	movs	r0, #8
1000681e:	f000 fd9b 	bl	10007358 <DEV_Digital_Write>
10006822:	2100      	movs	r1, #0
10006824:	2009      	movs	r0, #9
10006826:	f000 fd97 	bl	10007358 <DEV_Digital_Write>
1000682a:	20c6      	movs	r0, #198	@ 0xc6
1000682c:	f000 fe00 	bl	10007430 <SPI4W_Write_Byte>
10006830:	2101      	movs	r1, #1
10006832:	2009      	movs	r0, #9
10006834:	f000 fd90 	bl	10007358 <DEV_Digital_Write>
10006838:	7823      	ldrb	r3, [r4, #0]
1000683a:	2101      	movs	r1, #1
1000683c:	2b52      	cmp	r3, #82	@ 0x52
1000683e:	f04f 0008 	mov.w	r0, #8
10006842:	f000 8520 	beq.w	10007286 <LCD_Init+0x166e>
10006846:	f000 fd87 	bl	10007358 <DEV_Digital_Write>
1000684a:	2009      	movs	r0, #9
1000684c:	2100      	movs	r1, #0
1000684e:	f000 fd83 	bl	10007358 <DEV_Digital_Write>
10006852:	2000      	movs	r0, #0
10006854:	f000 fdec 	bl	10007430 <SPI4W_Write_Byte>
10006858:	200f      	movs	r0, #15
1000685a:	f000 fde9 	bl	10007430 <SPI4W_Write_Byte>
1000685e:	2101      	movs	r1, #1
10006860:	2009      	movs	r0, #9
10006862:	f000 fd79 	bl	10007358 <DEV_Digital_Write>
10006866:	2100      	movs	r1, #0
10006868:	2008      	movs	r0, #8
1000686a:	f000 fd75 	bl	10007358 <DEV_Digital_Write>
1000686e:	2100      	movs	r1, #0
10006870:	2009      	movs	r0, #9
10006872:	f000 fd71 	bl	10007358 <DEV_Digital_Write>
10006876:	20d0      	movs	r0, #208	@ 0xd0
10006878:	f000 fdda 	bl	10007430 <SPI4W_Write_Byte>
1000687c:	2101      	movs	r1, #1
1000687e:	2009      	movs	r0, #9
10006880:	f000 fd6a 	bl	10007358 <DEV_Digital_Write>
10006884:	7823      	ldrb	r3, [r4, #0]
10006886:	2101      	movs	r1, #1
10006888:	2b52      	cmp	r3, #82	@ 0x52
1000688a:	f04f 0008 	mov.w	r0, #8
1000688e:	f000 84f2 	beq.w	10007276 <LCD_Init+0x165e>
10006892:	f000 fd61 	bl	10007358 <DEV_Digital_Write>
10006896:	2009      	movs	r0, #9
10006898:	2100      	movs	r1, #0
1000689a:	f000 fd5d 	bl	10007358 <DEV_Digital_Write>
1000689e:	2000      	movs	r0, #0
100068a0:	f000 fdc6 	bl	10007430 <SPI4W_Write_Byte>
100068a4:	20a4      	movs	r0, #164	@ 0xa4
100068a6:	f000 fdc3 	bl	10007430 <SPI4W_Write_Byte>
100068aa:	2101      	movs	r1, #1
100068ac:	2009      	movs	r0, #9
100068ae:	f000 fd53 	bl	10007358 <DEV_Digital_Write>
100068b2:	7823      	ldrb	r3, [r4, #0]
100068b4:	2101      	movs	r1, #1
100068b6:	2b52      	cmp	r3, #82	@ 0x52
100068b8:	f04f 0008 	mov.w	r0, #8
100068bc:	f000 84d3 	beq.w	10007266 <LCD_Init+0x164e>
100068c0:	f000 fd4a 	bl	10007358 <DEV_Digital_Write>
100068c4:	2009      	movs	r0, #9
100068c6:	2100      	movs	r1, #0
100068c8:	f000 fd46 	bl	10007358 <DEV_Digital_Write>
100068cc:	2000      	movs	r0, #0
100068ce:	f000 fdaf 	bl	10007430 <SPI4W_Write_Byte>
100068d2:	20a1      	movs	r0, #161	@ 0xa1
100068d4:	f000 fdac 	bl	10007430 <SPI4W_Write_Byte>
100068d8:	2101      	movs	r1, #1
100068da:	2009      	movs	r0, #9
100068dc:	f000 fd3c 	bl	10007358 <DEV_Digital_Write>
100068e0:	2100      	movs	r1, #0
100068e2:	2008      	movs	r0, #8
100068e4:	f000 fd38 	bl	10007358 <DEV_Digital_Write>
100068e8:	2100      	movs	r1, #0
100068ea:	2009      	movs	r0, #9
100068ec:	f000 fd34 	bl	10007358 <DEV_Digital_Write>
100068f0:	20e0      	movs	r0, #224	@ 0xe0
100068f2:	f000 fd9d 	bl	10007430 <SPI4W_Write_Byte>
100068f6:	2101      	movs	r1, #1
100068f8:	2009      	movs	r0, #9
100068fa:	f000 fd2d 	bl	10007358 <DEV_Digital_Write>
100068fe:	7823      	ldrb	r3, [r4, #0]
10006900:	2101      	movs	r1, #1
10006902:	2b52      	cmp	r3, #82	@ 0x52
10006904:	f04f 0008 	mov.w	r0, #8
10006908:	f000 84a5 	beq.w	10007256 <LCD_Init+0x163e>
1000690c:	f000 fd24 	bl	10007358 <DEV_Digital_Write>
10006910:	2009      	movs	r0, #9
10006912:	2100      	movs	r1, #0
10006914:	f000 fd20 	bl	10007358 <DEV_Digital_Write>
10006918:	2000      	movs	r0, #0
1000691a:	f000 fd89 	bl	10007430 <SPI4W_Write_Byte>
1000691e:	20d0      	movs	r0, #208	@ 0xd0
10006920:	f000 fd86 	bl	10007430 <SPI4W_Write_Byte>
10006924:	2101      	movs	r1, #1
10006926:	2009      	movs	r0, #9
10006928:	f000 fd16 	bl	10007358 <DEV_Digital_Write>
1000692c:	7823      	ldrb	r3, [r4, #0]
1000692e:	2101      	movs	r1, #1
10006930:	2b52      	cmp	r3, #82	@ 0x52
10006932:	f04f 0008 	mov.w	r0, #8
10006936:	f000 8486 	beq.w	10007246 <LCD_Init+0x162e>
1000693a:	f000 fd0d 	bl	10007358 <DEV_Digital_Write>
1000693e:	2009      	movs	r0, #9
10006940:	2100      	movs	r1, #0
10006942:	f000 fd09 	bl	10007358 <DEV_Digital_Write>
10006946:	2000      	movs	r0, #0
10006948:	f000 fd72 	bl	10007430 <SPI4W_Write_Byte>
1000694c:	2001      	movs	r0, #1
1000694e:	f000 fd6f 	bl	10007430 <SPI4W_Write_Byte>
10006952:	2101      	movs	r1, #1
10006954:	2009      	movs	r0, #9
10006956:	f000 fcff 	bl	10007358 <DEV_Digital_Write>
1000695a:	7823      	ldrb	r3, [r4, #0]
1000695c:	2101      	movs	r1, #1
1000695e:	2b52      	cmp	r3, #82	@ 0x52
10006960:	f04f 0008 	mov.w	r0, #8
10006964:	f000 8467 	beq.w	10007236 <LCD_Init+0x161e>
10006968:	f000 fcf6 	bl	10007358 <DEV_Digital_Write>
1000696c:	2009      	movs	r0, #9
1000696e:	2100      	movs	r1, #0
10006970:	f000 fcf2 	bl	10007358 <DEV_Digital_Write>
10006974:	2000      	movs	r0, #0
10006976:	f000 fd5b 	bl	10007430 <SPI4W_Write_Byte>
1000697a:	2008      	movs	r0, #8
1000697c:	f000 fd58 	bl	10007430 <SPI4W_Write_Byte>
10006980:	2101      	movs	r1, #1
10006982:	2009      	movs	r0, #9
10006984:	f000 fce8 	bl	10007358 <DEV_Digital_Write>
10006988:	7823      	ldrb	r3, [r4, #0]
1000698a:	2101      	movs	r1, #1
1000698c:	2b52      	cmp	r3, #82	@ 0x52
1000698e:	f04f 0008 	mov.w	r0, #8
10006992:	f000 8448 	beq.w	10007226 <LCD_Init+0x160e>
10006996:	f000 fcdf 	bl	10007358 <DEV_Digital_Write>
1000699a:	2009      	movs	r0, #9
1000699c:	2100      	movs	r1, #0
1000699e:	f000 fcdb 	bl	10007358 <DEV_Digital_Write>
100069a2:	2000      	movs	r0, #0
100069a4:	f000 fd44 	bl	10007430 <SPI4W_Write_Byte>
100069a8:	200f      	movs	r0, #15
100069aa:	f000 fd41 	bl	10007430 <SPI4W_Write_Byte>
100069ae:	2101      	movs	r1, #1
100069b0:	2009      	movs	r0, #9
100069b2:	f000 fcd1 	bl	10007358 <DEV_Digital_Write>
100069b6:	7823      	ldrb	r3, [r4, #0]
100069b8:	2101      	movs	r1, #1
100069ba:	2b52      	cmp	r3, #82	@ 0x52
100069bc:	f04f 0008 	mov.w	r0, #8
100069c0:	f000 8429 	beq.w	10007216 <LCD_Init+0x15fe>
100069c4:	f000 fcc8 	bl	10007358 <DEV_Digital_Write>
100069c8:	2009      	movs	r0, #9
100069ca:	2100      	movs	r1, #0
100069cc:	f000 fcc4 	bl	10007358 <DEV_Digital_Write>
100069d0:	2000      	movs	r0, #0
100069d2:	f000 fd2d 	bl	10007430 <SPI4W_Write_Byte>
100069d6:	2011      	movs	r0, #17
100069d8:	f000 fd2a 	bl	10007430 <SPI4W_Write_Byte>
100069dc:	2101      	movs	r1, #1
100069de:	2009      	movs	r0, #9
100069e0:	f000 fcba 	bl	10007358 <DEV_Digital_Write>
100069e4:	7823      	ldrb	r3, [r4, #0]
100069e6:	2101      	movs	r1, #1
100069e8:	2b52      	cmp	r3, #82	@ 0x52
100069ea:	f04f 0008 	mov.w	r0, #8
100069ee:	f000 840a 	beq.w	10007206 <LCD_Init+0x15ee>
100069f2:	f000 fcb1 	bl	10007358 <DEV_Digital_Write>
100069f6:	2009      	movs	r0, #9
100069f8:	2100      	movs	r1, #0
100069fa:	f000 fcad 	bl	10007358 <DEV_Digital_Write>
100069fe:	2000      	movs	r0, #0
10006a00:	f000 fd16 	bl	10007430 <SPI4W_Write_Byte>
10006a04:	202a      	movs	r0, #42	@ 0x2a
10006a06:	f000 fd13 	bl	10007430 <SPI4W_Write_Byte>
10006a0a:	2101      	movs	r1, #1
10006a0c:	2009      	movs	r0, #9
10006a0e:	f000 fca3 	bl	10007358 <DEV_Digital_Write>
10006a12:	7823      	ldrb	r3, [r4, #0]
10006a14:	2101      	movs	r1, #1
10006a16:	2b52      	cmp	r3, #82	@ 0x52
10006a18:	f04f 0008 	mov.w	r0, #8
10006a1c:	f000 83ec 	beq.w	100071f8 <LCD_Init+0x15e0>
10006a20:	f000 fc9a 	bl	10007358 <DEV_Digital_Write>
10006a24:	2009      	movs	r0, #9
10006a26:	2100      	movs	r1, #0
10006a28:	f000 fc96 	bl	10007358 <DEV_Digital_Write>
10006a2c:	2000      	movs	r0, #0
10006a2e:	f000 fcff 	bl	10007430 <SPI4W_Write_Byte>
10006a32:	2036      	movs	r0, #54	@ 0x36
10006a34:	f000 fcfc 	bl	10007430 <SPI4W_Write_Byte>
10006a38:	2101      	movs	r1, #1
10006a3a:	2009      	movs	r0, #9
10006a3c:	f000 fc8c 	bl	10007358 <DEV_Digital_Write>
10006a40:	7823      	ldrb	r3, [r4, #0]
10006a42:	2101      	movs	r1, #1
10006a44:	2b52      	cmp	r3, #82	@ 0x52
10006a46:	f04f 0008 	mov.w	r0, #8
10006a4a:	f000 83ce 	beq.w	100071ea <LCD_Init+0x15d2>
10006a4e:	f000 fc83 	bl	10007358 <DEV_Digital_Write>
10006a52:	2009      	movs	r0, #9
10006a54:	2100      	movs	r1, #0
10006a56:	f000 fc7f 	bl	10007358 <DEV_Digital_Write>
10006a5a:	2000      	movs	r0, #0
10006a5c:	f000 fce8 	bl	10007430 <SPI4W_Write_Byte>
10006a60:	2055      	movs	r0, #85	@ 0x55
10006a62:	f000 fce5 	bl	10007430 <SPI4W_Write_Byte>
10006a66:	2101      	movs	r1, #1
10006a68:	2009      	movs	r0, #9
10006a6a:	f000 fc75 	bl	10007358 <DEV_Digital_Write>
10006a6e:	7823      	ldrb	r3, [r4, #0]
10006a70:	2101      	movs	r1, #1
10006a72:	2b52      	cmp	r3, #82	@ 0x52
10006a74:	f04f 0008 	mov.w	r0, #8
10006a78:	f000 83b0 	beq.w	100071dc <LCD_Init+0x15c4>
10006a7c:	f000 fc6c 	bl	10007358 <DEV_Digital_Write>
10006a80:	2009      	movs	r0, #9
10006a82:	2100      	movs	r1, #0
10006a84:	f000 fc68 	bl	10007358 <DEV_Digital_Write>
10006a88:	2000      	movs	r0, #0
10006a8a:	f000 fcd1 	bl	10007430 <SPI4W_Write_Byte>
10006a8e:	2044      	movs	r0, #68	@ 0x44
10006a90:	f000 fcce 	bl	10007430 <SPI4W_Write_Byte>
10006a94:	2101      	movs	r1, #1
10006a96:	2009      	movs	r0, #9
10006a98:	f000 fc5e 	bl	10007358 <DEV_Digital_Write>
10006a9c:	7823      	ldrb	r3, [r4, #0]
10006a9e:	2101      	movs	r1, #1
10006aa0:	2b52      	cmp	r3, #82	@ 0x52
10006aa2:	f04f 0008 	mov.w	r0, #8
10006aa6:	f000 8392 	beq.w	100071ce <LCD_Init+0x15b6>
10006aaa:	f000 fc55 	bl	10007358 <DEV_Digital_Write>
10006aae:	2009      	movs	r0, #9
10006ab0:	2100      	movs	r1, #0
10006ab2:	f000 fc51 	bl	10007358 <DEV_Digital_Write>
10006ab6:	2000      	movs	r0, #0
10006ab8:	f000 fcba 	bl	10007430 <SPI4W_Write_Byte>
10006abc:	203a      	movs	r0, #58	@ 0x3a
10006abe:	f000 fcb7 	bl	10007430 <SPI4W_Write_Byte>
10006ac2:	2101      	movs	r1, #1
10006ac4:	2009      	movs	r0, #9
10006ac6:	f000 fc47 	bl	10007358 <DEV_Digital_Write>
10006aca:	7823      	ldrb	r3, [r4, #0]
10006acc:	2101      	movs	r1, #1
10006ace:	2b52      	cmp	r3, #82	@ 0x52
10006ad0:	f04f 0008 	mov.w	r0, #8
10006ad4:	f000 8374 	beq.w	100071c0 <LCD_Init+0x15a8>
10006ad8:	f000 fc3e 	bl	10007358 <DEV_Digital_Write>
10006adc:	2009      	movs	r0, #9
10006ade:	2100      	movs	r1, #0
10006ae0:	f000 fc3a 	bl	10007358 <DEV_Digital_Write>
10006ae4:	2000      	movs	r0, #0
10006ae6:	f000 fca3 	bl	10007430 <SPI4W_Write_Byte>
10006aea:	200b      	movs	r0, #11
10006aec:	f000 fca0 	bl	10007430 <SPI4W_Write_Byte>
10006af0:	2101      	movs	r1, #1
10006af2:	2009      	movs	r0, #9
10006af4:	f000 fc30 	bl	10007358 <DEV_Digital_Write>
10006af8:	7823      	ldrb	r3, [r4, #0]
10006afa:	2101      	movs	r1, #1
10006afc:	2b52      	cmp	r3, #82	@ 0x52
10006afe:	f04f 0008 	mov.w	r0, #8
10006b02:	f000 8356 	beq.w	100071b2 <LCD_Init+0x159a>
10006b06:	f000 fc27 	bl	10007358 <DEV_Digital_Write>
10006b0a:	2009      	movs	r0, #9
10006b0c:	2100      	movs	r1, #0
10006b0e:	f000 fc23 	bl	10007358 <DEV_Digital_Write>
10006b12:	2000      	movs	r0, #0
10006b14:	f000 fc8c 	bl	10007430 <SPI4W_Write_Byte>
10006b18:	2006      	movs	r0, #6
10006b1a:	f000 fc89 	bl	10007430 <SPI4W_Write_Byte>
10006b1e:	2101      	movs	r1, #1
10006b20:	2009      	movs	r0, #9
10006b22:	f000 fc19 	bl	10007358 <DEV_Digital_Write>
10006b26:	7823      	ldrb	r3, [r4, #0]
10006b28:	2101      	movs	r1, #1
10006b2a:	2b52      	cmp	r3, #82	@ 0x52
10006b2c:	f04f 0008 	mov.w	r0, #8
10006b30:	f000 8338 	beq.w	100071a4 <LCD_Init+0x158c>
10006b34:	f000 fc10 	bl	10007358 <DEV_Digital_Write>
10006b38:	2009      	movs	r0, #9
10006b3a:	2100      	movs	r1, #0
10006b3c:	f000 fc0c 	bl	10007358 <DEV_Digital_Write>
10006b40:	2000      	movs	r0, #0
10006b42:	f000 fc75 	bl	10007430 <SPI4W_Write_Byte>
10006b46:	2011      	movs	r0, #17
10006b48:	f000 fc72 	bl	10007430 <SPI4W_Write_Byte>
10006b4c:	2101      	movs	r1, #1
10006b4e:	2009      	movs	r0, #9
10006b50:	f000 fc02 	bl	10007358 <DEV_Digital_Write>
10006b54:	7823      	ldrb	r3, [r4, #0]
10006b56:	2101      	movs	r1, #1
10006b58:	2b52      	cmp	r3, #82	@ 0x52
10006b5a:	f04f 0008 	mov.w	r0, #8
10006b5e:	f000 831a 	beq.w	10007196 <LCD_Init+0x157e>
10006b62:	f000 fbf9 	bl	10007358 <DEV_Digital_Write>
10006b66:	2009      	movs	r0, #9
10006b68:	2100      	movs	r1, #0
10006b6a:	f000 fbf5 	bl	10007358 <DEV_Digital_Write>
10006b6e:	2000      	movs	r0, #0
10006b70:	f000 fc5e 	bl	10007430 <SPI4W_Write_Byte>
10006b74:	2020      	movs	r0, #32
10006b76:	f000 fc5b 	bl	10007430 <SPI4W_Write_Byte>
10006b7a:	2101      	movs	r1, #1
10006b7c:	2009      	movs	r0, #9
10006b7e:	f000 fbeb 	bl	10007358 <DEV_Digital_Write>
10006b82:	2100      	movs	r1, #0
10006b84:	2008      	movs	r0, #8
10006b86:	f000 fbe7 	bl	10007358 <DEV_Digital_Write>
10006b8a:	2100      	movs	r1, #0
10006b8c:	2009      	movs	r0, #9
10006b8e:	f000 fbe3 	bl	10007358 <DEV_Digital_Write>
10006b92:	20e1      	movs	r0, #225	@ 0xe1
10006b94:	f000 fc4c 	bl	10007430 <SPI4W_Write_Byte>
10006b98:	2101      	movs	r1, #1
10006b9a:	2009      	movs	r0, #9
10006b9c:	f000 fbdc 	bl	10007358 <DEV_Digital_Write>
10006ba0:	7823      	ldrb	r3, [r4, #0]
10006ba2:	2101      	movs	r1, #1
10006ba4:	2b52      	cmp	r3, #82	@ 0x52
10006ba6:	f04f 0008 	mov.w	r0, #8
10006baa:	f000 82ed 	beq.w	10007188 <LCD_Init+0x1570>
10006bae:	f000 fbd3 	bl	10007358 <DEV_Digital_Write>
10006bb2:	2009      	movs	r0, #9
10006bb4:	2100      	movs	r1, #0
10006bb6:	f000 fbcf 	bl	10007358 <DEV_Digital_Write>
10006bba:	2000      	movs	r0, #0
10006bbc:	f000 fc38 	bl	10007430 <SPI4W_Write_Byte>
10006bc0:	20d0      	movs	r0, #208	@ 0xd0
10006bc2:	f000 fc35 	bl	10007430 <SPI4W_Write_Byte>
10006bc6:	2101      	movs	r1, #1
10006bc8:	2009      	movs	r0, #9
10006bca:	f000 fbc5 	bl	10007358 <DEV_Digital_Write>
10006bce:	7823      	ldrb	r3, [r4, #0]
10006bd0:	2101      	movs	r1, #1
10006bd2:	2b52      	cmp	r3, #82	@ 0x52
10006bd4:	f04f 0008 	mov.w	r0, #8
10006bd8:	f000 82cf 	beq.w	1000717a <LCD_Init+0x1562>
10006bdc:	f000 fbbc 	bl	10007358 <DEV_Digital_Write>
10006be0:	2009      	movs	r0, #9
10006be2:	2100      	movs	r1, #0
10006be4:	f000 fbb8 	bl	10007358 <DEV_Digital_Write>
10006be8:	2000      	movs	r0, #0
10006bea:	f000 fc21 	bl	10007430 <SPI4W_Write_Byte>
10006bee:	2002      	movs	r0, #2
10006bf0:	f000 fc1e 	bl	10007430 <SPI4W_Write_Byte>
10006bf4:	2101      	movs	r1, #1
10006bf6:	2009      	movs	r0, #9
10006bf8:	f000 fbae 	bl	10007358 <DEV_Digital_Write>
10006bfc:	7823      	ldrb	r3, [r4, #0]
10006bfe:	2101      	movs	r1, #1
10006c00:	2b52      	cmp	r3, #82	@ 0x52
10006c02:	f04f 0008 	mov.w	r0, #8
10006c06:	f000 82b1 	beq.w	1000716c <LCD_Init+0x1554>
10006c0a:	f000 fba5 	bl	10007358 <DEV_Digital_Write>
10006c0e:	2009      	movs	r0, #9
10006c10:	2100      	movs	r1, #0
10006c12:	f000 fba1 	bl	10007358 <DEV_Digital_Write>
10006c16:	2000      	movs	r0, #0
10006c18:	f000 fc0a 	bl	10007430 <SPI4W_Write_Byte>
10006c1c:	2007      	movs	r0, #7
10006c1e:	f000 fc07 	bl	10007430 <SPI4W_Write_Byte>
10006c22:	2101      	movs	r1, #1
10006c24:	2009      	movs	r0, #9
10006c26:	f000 fb97 	bl	10007358 <DEV_Digital_Write>
10006c2a:	7823      	ldrb	r3, [r4, #0]
10006c2c:	2101      	movs	r1, #1
10006c2e:	2b52      	cmp	r3, #82	@ 0x52
10006c30:	f04f 0008 	mov.w	r0, #8
10006c34:	f000 8293 	beq.w	1000715e <LCD_Init+0x1546>
10006c38:	f000 fb8e 	bl	10007358 <DEV_Digital_Write>
10006c3c:	2009      	movs	r0, #9
10006c3e:	2100      	movs	r1, #0
10006c40:	f000 fb8a 	bl	10007358 <DEV_Digital_Write>
10006c44:	2000      	movs	r0, #0
10006c46:	f000 fbf3 	bl	10007430 <SPI4W_Write_Byte>
10006c4a:	200a      	movs	r0, #10
10006c4c:	f000 fbf0 	bl	10007430 <SPI4W_Write_Byte>
10006c50:	2101      	movs	r1, #1
10006c52:	2009      	movs	r0, #9
10006c54:	f000 fb80 	bl	10007358 <DEV_Digital_Write>
10006c58:	7823      	ldrb	r3, [r4, #0]
10006c5a:	2101      	movs	r1, #1
10006c5c:	2b52      	cmp	r3, #82	@ 0x52
10006c5e:	f04f 0008 	mov.w	r0, #8
10006c62:	f000 8275 	beq.w	10007150 <LCD_Init+0x1538>
10006c66:	f000 fb77 	bl	10007358 <DEV_Digital_Write>
10006c6a:	2009      	movs	r0, #9
10006c6c:	2100      	movs	r1, #0
10006c6e:	f000 fb73 	bl	10007358 <DEV_Digital_Write>
10006c72:	2000      	movs	r0, #0
10006c74:	f000 fbdc 	bl	10007430 <SPI4W_Write_Byte>
10006c78:	200b      	movs	r0, #11
10006c7a:	f000 fbd9 	bl	10007430 <SPI4W_Write_Byte>
10006c7e:	2101      	movs	r1, #1
10006c80:	2009      	movs	r0, #9
10006c82:	f000 fb69 	bl	10007358 <DEV_Digital_Write>
10006c86:	7823      	ldrb	r3, [r4, #0]
10006c88:	2101      	movs	r1, #1
10006c8a:	2b52      	cmp	r3, #82	@ 0x52
10006c8c:	f04f 0008 	mov.w	r0, #8
10006c90:	f000 8257 	beq.w	10007142 <LCD_Init+0x152a>
10006c94:	f000 fb60 	bl	10007358 <DEV_Digital_Write>
10006c98:	2009      	movs	r0, #9
10006c9a:	2100      	movs	r1, #0
10006c9c:	f000 fb5c 	bl	10007358 <DEV_Digital_Write>
10006ca0:	2000      	movs	r0, #0
10006ca2:	f000 fbc5 	bl	10007430 <SPI4W_Write_Byte>
10006ca6:	2018      	movs	r0, #24
10006ca8:	f000 fbc2 	bl	10007430 <SPI4W_Write_Byte>
10006cac:	2101      	movs	r1, #1
10006cae:	2009      	movs	r0, #9
10006cb0:	f000 fb52 	bl	10007358 <DEV_Digital_Write>
10006cb4:	7823      	ldrb	r3, [r4, #0]
10006cb6:	2101      	movs	r1, #1
10006cb8:	2b52      	cmp	r3, #82	@ 0x52
10006cba:	f04f 0008 	mov.w	r0, #8
10006cbe:	f000 8239 	beq.w	10007134 <LCD_Init+0x151c>
10006cc2:	f000 fb49 	bl	10007358 <DEV_Digital_Write>
10006cc6:	2009      	movs	r0, #9
10006cc8:	2100      	movs	r1, #0
10006cca:	f000 fb45 	bl	10007358 <DEV_Digital_Write>
10006cce:	2000      	movs	r0, #0
10006cd0:	f000 fbae 	bl	10007430 <SPI4W_Write_Byte>
10006cd4:	2034      	movs	r0, #52	@ 0x34
10006cd6:	f000 fbab 	bl	10007430 <SPI4W_Write_Byte>
10006cda:	2101      	movs	r1, #1
10006cdc:	2009      	movs	r0, #9
10006cde:	f000 fb3b 	bl	10007358 <DEV_Digital_Write>
10006ce2:	7823      	ldrb	r3, [r4, #0]
10006ce4:	2101      	movs	r1, #1
10006ce6:	2b52      	cmp	r3, #82	@ 0x52
10006ce8:	f04f 0008 	mov.w	r0, #8
10006cec:	f000 821b 	beq.w	10007126 <LCD_Init+0x150e>
10006cf0:	f000 fb32 	bl	10007358 <DEV_Digital_Write>
10006cf4:	2009      	movs	r0, #9
10006cf6:	2100      	movs	r1, #0
10006cf8:	f000 fb2e 	bl	10007358 <DEV_Digital_Write>
10006cfc:	2000      	movs	r0, #0
10006cfe:	f000 fb97 	bl	10007430 <SPI4W_Write_Byte>
10006d02:	2043      	movs	r0, #67	@ 0x43
10006d04:	f000 fb94 	bl	10007430 <SPI4W_Write_Byte>
10006d08:	2101      	movs	r1, #1
10006d0a:	2009      	movs	r0, #9
10006d0c:	f000 fb24 	bl	10007358 <DEV_Digital_Write>
10006d10:	7823      	ldrb	r3, [r4, #0]
10006d12:	2101      	movs	r1, #1
10006d14:	2b52      	cmp	r3, #82	@ 0x52
10006d16:	f04f 0008 	mov.w	r0, #8
10006d1a:	f000 81fd 	beq.w	10007118 <LCD_Init+0x1500>
10006d1e:	f000 fb1b 	bl	10007358 <DEV_Digital_Write>
10006d22:	2009      	movs	r0, #9
10006d24:	2100      	movs	r1, #0
10006d26:	f000 fb17 	bl	10007358 <DEV_Digital_Write>
10006d2a:	2000      	movs	r0, #0
10006d2c:	f000 fb80 	bl	10007430 <SPI4W_Write_Byte>
10006d30:	204a      	movs	r0, #74	@ 0x4a
10006d32:	f000 fb7d 	bl	10007430 <SPI4W_Write_Byte>
10006d36:	2101      	movs	r1, #1
10006d38:	2009      	movs	r0, #9
10006d3a:	f000 fb0d 	bl	10007358 <DEV_Digital_Write>
10006d3e:	7823      	ldrb	r3, [r4, #0]
10006d40:	2101      	movs	r1, #1
10006d42:	2b52      	cmp	r3, #82	@ 0x52
10006d44:	f04f 0008 	mov.w	r0, #8
10006d48:	f000 81df 	beq.w	1000710a <LCD_Init+0x14f2>
10006d4c:	f000 fb04 	bl	10007358 <DEV_Digital_Write>
10006d50:	2009      	movs	r0, #9
10006d52:	2100      	movs	r1, #0
10006d54:	f000 fb00 	bl	10007358 <DEV_Digital_Write>
10006d58:	2000      	movs	r0, #0
10006d5a:	f000 fb69 	bl	10007430 <SPI4W_Write_Byte>
10006d5e:	202b      	movs	r0, #43	@ 0x2b
10006d60:	f000 fb66 	bl	10007430 <SPI4W_Write_Byte>
10006d64:	2101      	movs	r1, #1
10006d66:	2009      	movs	r0, #9
10006d68:	f000 faf6 	bl	10007358 <DEV_Digital_Write>
10006d6c:	7823      	ldrb	r3, [r4, #0]
10006d6e:	2101      	movs	r1, #1
10006d70:	2b52      	cmp	r3, #82	@ 0x52
10006d72:	f04f 0008 	mov.w	r0, #8
10006d76:	f000 81c1 	beq.w	100070fc <LCD_Init+0x14e4>
10006d7a:	f000 faed 	bl	10007358 <DEV_Digital_Write>
10006d7e:	2009      	movs	r0, #9
10006d80:	2100      	movs	r1, #0
10006d82:	f000 fae9 	bl	10007358 <DEV_Digital_Write>
10006d86:	2000      	movs	r0, #0
10006d88:	f000 fb52 	bl	10007430 <SPI4W_Write_Byte>
10006d8c:	201b      	movs	r0, #27
10006d8e:	f000 fb4f 	bl	10007430 <SPI4W_Write_Byte>
10006d92:	2101      	movs	r1, #1
10006d94:	2009      	movs	r0, #9
10006d96:	f000 fadf 	bl	10007358 <DEV_Digital_Write>
10006d9a:	7823      	ldrb	r3, [r4, #0]
10006d9c:	2101      	movs	r1, #1
10006d9e:	2b52      	cmp	r3, #82	@ 0x52
10006da0:	f04f 0008 	mov.w	r0, #8
10006da4:	f000 81a3 	beq.w	100070ee <LCD_Init+0x14d6>
10006da8:	f000 fad6 	bl	10007358 <DEV_Digital_Write>
10006dac:	2009      	movs	r0, #9
10006dae:	2100      	movs	r1, #0
10006db0:	f000 fad2 	bl	10007358 <DEV_Digital_Write>
10006db4:	2000      	movs	r0, #0
10006db6:	f000 fb3b 	bl	10007430 <SPI4W_Write_Byte>
10006dba:	201c      	movs	r0, #28
10006dbc:	f000 fb38 	bl	10007430 <SPI4W_Write_Byte>
10006dc0:	2101      	movs	r1, #1
10006dc2:	2009      	movs	r0, #9
10006dc4:	f000 fac8 	bl	10007358 <DEV_Digital_Write>
10006dc8:	7823      	ldrb	r3, [r4, #0]
10006dca:	2101      	movs	r1, #1
10006dcc:	2b52      	cmp	r3, #82	@ 0x52
10006dce:	f04f 0008 	mov.w	r0, #8
10006dd2:	f000 8185 	beq.w	100070e0 <LCD_Init+0x14c8>
10006dd6:	f000 fabf 	bl	10007358 <DEV_Digital_Write>
10006dda:	2009      	movs	r0, #9
10006ddc:	2100      	movs	r1, #0
10006dde:	f000 fabb 	bl	10007358 <DEV_Digital_Write>
10006de2:	2000      	movs	r0, #0
10006de4:	f000 fb24 	bl	10007430 <SPI4W_Write_Byte>
10006de8:	2022      	movs	r0, #34	@ 0x22
10006dea:	f000 fb21 	bl	10007430 <SPI4W_Write_Byte>
10006dee:	2101      	movs	r1, #1
10006df0:	2009      	movs	r0, #9
10006df2:	f000 fab1 	bl	10007358 <DEV_Digital_Write>
10006df6:	7823      	ldrb	r3, [r4, #0]
10006df8:	2101      	movs	r1, #1
10006dfa:	2b52      	cmp	r3, #82	@ 0x52
10006dfc:	f04f 0008 	mov.w	r0, #8
10006e00:	f000 8167 	beq.w	100070d2 <LCD_Init+0x14ba>
10006e04:	f000 faa8 	bl	10007358 <DEV_Digital_Write>
10006e08:	2009      	movs	r0, #9
10006e0a:	2100      	movs	r1, #0
10006e0c:	f000 faa4 	bl	10007358 <DEV_Digital_Write>
10006e10:	2000      	movs	r0, #0
10006e12:	f000 fb0d 	bl	10007430 <SPI4W_Write_Byte>
10006e16:	201f      	movs	r0, #31
10006e18:	f000 fb0a 	bl	10007430 <SPI4W_Write_Byte>
10006e1c:	2101      	movs	r1, #1
10006e1e:	2009      	movs	r0, #9
10006e20:	f000 fa9a 	bl	10007358 <DEV_Digital_Write>
10006e24:	2100      	movs	r1, #0
10006e26:	2008      	movs	r0, #8
10006e28:	f000 fa96 	bl	10007358 <DEV_Digital_Write>
10006e2c:	2100      	movs	r1, #0
10006e2e:	2009      	movs	r0, #9
10006e30:	f000 fa92 	bl	10007358 <DEV_Digital_Write>
10006e34:	2055      	movs	r0, #85	@ 0x55
10006e36:	f000 fafb 	bl	10007430 <SPI4W_Write_Byte>
10006e3a:	2101      	movs	r1, #1
10006e3c:	2009      	movs	r0, #9
10006e3e:	f000 fa8b 	bl	10007358 <DEV_Digital_Write>
10006e42:	7823      	ldrb	r3, [r4, #0]
10006e44:	2101      	movs	r1, #1
10006e46:	2b52      	cmp	r3, #82	@ 0x52
10006e48:	f04f 0008 	mov.w	r0, #8
10006e4c:	f000 813a 	beq.w	100070c4 <LCD_Init+0x14ac>
10006e50:	f000 fa82 	bl	10007358 <DEV_Digital_Write>
10006e54:	2009      	movs	r0, #9
10006e56:	2100      	movs	r1, #0
10006e58:	f000 fa7e 	bl	10007358 <DEV_Digital_Write>
10006e5c:	2000      	movs	r0, #0
10006e5e:	f000 fae7 	bl	10007430 <SPI4W_Write_Byte>
10006e62:	20b0      	movs	r0, #176	@ 0xb0
10006e64:	f000 fae4 	bl	10007430 <SPI4W_Write_Byte>
10006e68:	2101      	movs	r1, #1
10006e6a:	2009      	movs	r0, #9
10006e6c:	f000 fa74 	bl	10007358 <DEV_Digital_Write>
10006e70:	f7ff baf2 	b.w	10006458 <LCD_Init+0x840>
10006e74:	f000 fa70 	bl	10007358 <DEV_Digital_Write>
10006e78:	2100      	movs	r1, #0
10006e7a:	2009      	movs	r0, #9
10006e7c:	f000 fa6c 	bl	10007358 <DEV_Digital_Write>
10006e80:	f7ff bad1 	b.w	10006426 <LCD_Init+0x80e>
10006e84:	f000 fa68 	bl	10007358 <DEV_Digital_Write>
10006e88:	2100      	movs	r1, #0
10006e8a:	2009      	movs	r0, #9
10006e8c:	f000 fa64 	bl	10007358 <DEV_Digital_Write>
10006e90:	f7ff baa3 	b.w	100063da <LCD_Init+0x7c2>
10006e94:	f000 fa60 	bl	10007358 <DEV_Digital_Write>
10006e98:	2100      	movs	r1, #0
10006e9a:	2009      	movs	r0, #9
10006e9c:	f000 fa5c 	bl	10007358 <DEV_Digital_Write>
10006ea0:	f7ff ba84 	b.w	100063ac <LCD_Init+0x794>
10006ea4:	f000 fa58 	bl	10007358 <DEV_Digital_Write>
10006ea8:	2100      	movs	r1, #0
10006eaa:	2009      	movs	r0, #9
10006eac:	f000 fa54 	bl	10007358 <DEV_Digital_Write>
10006eb0:	f7ff ba65 	b.w	1000637e <LCD_Init+0x766>
10006eb4:	f000 fa50 	bl	10007358 <DEV_Digital_Write>
10006eb8:	2100      	movs	r1, #0
10006eba:	2009      	movs	r0, #9
10006ebc:	f000 fa4c 	bl	10007358 <DEV_Digital_Write>
10006ec0:	f7ff ba46 	b.w	10006350 <LCD_Init+0x738>
10006ec4:	f000 fa48 	bl	10007358 <DEV_Digital_Write>
10006ec8:	2100      	movs	r1, #0
10006eca:	2009      	movs	r0, #9
10006ecc:	f000 fa44 	bl	10007358 <DEV_Digital_Write>
10006ed0:	f7ff ba27 	b.w	10006322 <LCD_Init+0x70a>
10006ed4:	f000 fa40 	bl	10007358 <DEV_Digital_Write>
10006ed8:	2100      	movs	r1, #0
10006eda:	2009      	movs	r0, #9
10006edc:	f000 fa3c 	bl	10007358 <DEV_Digital_Write>
10006ee0:	f7ff ba08 	b.w	100062f4 <LCD_Init+0x6dc>
10006ee4:	f000 fa38 	bl	10007358 <DEV_Digital_Write>
10006ee8:	2100      	movs	r1, #0
10006eea:	2009      	movs	r0, #9
10006eec:	f000 fa34 	bl	10007358 <DEV_Digital_Write>
10006ef0:	f7ff b9e9 	b.w	100062c6 <LCD_Init+0x6ae>
10006ef4:	f000 fa30 	bl	10007358 <DEV_Digital_Write>
10006ef8:	2100      	movs	r1, #0
10006efa:	2009      	movs	r0, #9
10006efc:	f000 fa2c 	bl	10007358 <DEV_Digital_Write>
10006f00:	f7ff b9ca 	b.w	10006298 <LCD_Init+0x680>
10006f04:	f000 fa28 	bl	10007358 <DEV_Digital_Write>
10006f08:	2100      	movs	r1, #0
10006f0a:	2009      	movs	r0, #9
10006f0c:	f000 fa24 	bl	10007358 <DEV_Digital_Write>
10006f10:	f7ff b9ab 	b.w	1000626a <LCD_Init+0x652>
10006f14:	f000 fa20 	bl	10007358 <DEV_Digital_Write>
10006f18:	2100      	movs	r1, #0
10006f1a:	2009      	movs	r0, #9
10006f1c:	f000 fa1c 	bl	10007358 <DEV_Digital_Write>
10006f20:	f7ff b98c 	b.w	1000623c <LCD_Init+0x624>
10006f24:	f000 fa18 	bl	10007358 <DEV_Digital_Write>
10006f28:	2100      	movs	r1, #0
10006f2a:	2009      	movs	r0, #9
10006f2c:	f000 fa14 	bl	10007358 <DEV_Digital_Write>
10006f30:	f7ff b96d 	b.w	1000620e <LCD_Init+0x5f6>
10006f34:	f000 fa10 	bl	10007358 <DEV_Digital_Write>
10006f38:	2100      	movs	r1, #0
10006f3a:	2009      	movs	r0, #9
10006f3c:	f000 fa0c 	bl	10007358 <DEV_Digital_Write>
10006f40:	f7ff b94e 	b.w	100061e0 <LCD_Init+0x5c8>
10006f44:	f000 fa08 	bl	10007358 <DEV_Digital_Write>
10006f48:	2100      	movs	r1, #0
10006f4a:	2009      	movs	r0, #9
10006f4c:	f000 fa04 	bl	10007358 <DEV_Digital_Write>
10006f50:	f7ff b92f 	b.w	100061b2 <LCD_Init+0x59a>
10006f54:	f000 fa00 	bl	10007358 <DEV_Digital_Write>
10006f58:	2100      	movs	r1, #0
10006f5a:	2009      	movs	r0, #9
10006f5c:	f000 f9fc 	bl	10007358 <DEV_Digital_Write>
10006f60:	f7ff b910 	b.w	10006184 <LCD_Init+0x56c>
10006f64:	f000 f9f8 	bl	10007358 <DEV_Digital_Write>
10006f68:	2100      	movs	r1, #0
10006f6a:	2009      	movs	r0, #9
10006f6c:	f000 f9f4 	bl	10007358 <DEV_Digital_Write>
10006f70:	f7ff b8f1 	b.w	10006156 <LCD_Init+0x53e>
10006f74:	f000 f9f0 	bl	10007358 <DEV_Digital_Write>
10006f78:	2100      	movs	r1, #0
10006f7a:	2009      	movs	r0, #9
10006f7c:	f000 f9ec 	bl	10007358 <DEV_Digital_Write>
10006f80:	f7ff b8c3 	b.w	1000610a <LCD_Init+0x4f2>
10006f84:	f000 f9e8 	bl	10007358 <DEV_Digital_Write>
10006f88:	2100      	movs	r1, #0
10006f8a:	2009      	movs	r0, #9
10006f8c:	f000 f9e4 	bl	10007358 <DEV_Digital_Write>
10006f90:	f7ff b8a4 	b.w	100060dc <LCD_Init+0x4c4>
10006f94:	f000 f9e0 	bl	10007358 <DEV_Digital_Write>
10006f98:	2100      	movs	r1, #0
10006f9a:	2009      	movs	r0, #9
10006f9c:	f000 f9dc 	bl	10007358 <DEV_Digital_Write>
10006fa0:	f7ff b885 	b.w	100060ae <LCD_Init+0x496>
10006fa4:	f000 f9d8 	bl	10007358 <DEV_Digital_Write>
10006fa8:	2100      	movs	r1, #0
10006faa:	2009      	movs	r0, #9
10006fac:	f000 f9d4 	bl	10007358 <DEV_Digital_Write>
10006fb0:	f7ff b866 	b.w	10006080 <LCD_Init+0x468>
10006fb4:	f000 f9d0 	bl	10007358 <DEV_Digital_Write>
10006fb8:	2100      	movs	r1, #0
10006fba:	2009      	movs	r0, #9
10006fbc:	f000 f9cc 	bl	10007358 <DEV_Digital_Write>
10006fc0:	f7ff b847 	b.w	10006052 <LCD_Init+0x43a>
10006fc4:	f000 f9c8 	bl	10007358 <DEV_Digital_Write>
10006fc8:	2100      	movs	r1, #0
10006fca:	2009      	movs	r0, #9
10006fcc:	f000 f9c4 	bl	10007358 <DEV_Digital_Write>
10006fd0:	f7ff b828 	b.w	10006024 <LCD_Init+0x40c>
10006fd4:	f000 f9c0 	bl	10007358 <DEV_Digital_Write>
10006fd8:	2100      	movs	r1, #0
10006fda:	2009      	movs	r0, #9
10006fdc:	f000 f9bc 	bl	10007358 <DEV_Digital_Write>
10006fe0:	f7ff b803 	b.w	10005fea <LCD_Init+0x3d2>
10006fe4:	f000 f9b8 	bl	10007358 <DEV_Digital_Write>
10006fe8:	2100      	movs	r1, #0
10006fea:	2009      	movs	r0, #9
10006fec:	f000 f9b4 	bl	10007358 <DEV_Digital_Write>
10006ff0:	f7fe bfe4 	b.w	10005fbc <LCD_Init+0x3a4>
10006ff4:	f000 f9b0 	bl	10007358 <DEV_Digital_Write>
10006ff8:	2100      	movs	r1, #0
10006ffa:	2009      	movs	r0, #9
10006ffc:	f000 f9ac 	bl	10007358 <DEV_Digital_Write>
10007000:	f7fe bfc5 	b.w	10005f8e <LCD_Init+0x376>
10007004:	f000 f9a8 	bl	10007358 <DEV_Digital_Write>
10007008:	2100      	movs	r1, #0
1000700a:	2009      	movs	r0, #9
1000700c:	f000 f9a4 	bl	10007358 <DEV_Digital_Write>
10007010:	f7fe bfa6 	b.w	10005f60 <LCD_Init+0x348>
10007014:	f000 f9a0 	bl	10007358 <DEV_Digital_Write>
10007018:	2100      	movs	r1, #0
1000701a:	2009      	movs	r0, #9
1000701c:	f000 f99c 	bl	10007358 <DEV_Digital_Write>
10007020:	f7fe bf87 	b.w	10005f32 <LCD_Init+0x31a>
10007024:	f000 f998 	bl	10007358 <DEV_Digital_Write>
10007028:	2100      	movs	r1, #0
1000702a:	2009      	movs	r0, #9
1000702c:	f000 f994 	bl	10007358 <DEV_Digital_Write>
10007030:	f7fe bf68 	b.w	10005f04 <LCD_Init+0x2ec>
10007034:	f000 f990 	bl	10007358 <DEV_Digital_Write>
10007038:	2100      	movs	r1, #0
1000703a:	2009      	movs	r0, #9
1000703c:	f000 f98c 	bl	10007358 <DEV_Digital_Write>
10007040:	f7fe bf49 	b.w	10005ed6 <LCD_Init+0x2be>
10007044:	f000 f988 	bl	10007358 <DEV_Digital_Write>
10007048:	2100      	movs	r1, #0
1000704a:	2009      	movs	r0, #9
1000704c:	f000 f984 	bl	10007358 <DEV_Digital_Write>
10007050:	f7fe bf2a 	b.w	10005ea8 <LCD_Init+0x290>
10007054:	f000 f980 	bl	10007358 <DEV_Digital_Write>
10007058:	2100      	movs	r1, #0
1000705a:	2009      	movs	r0, #9
1000705c:	f000 f97c 	bl	10007358 <DEV_Digital_Write>
10007060:	f7fe bf0b 	b.w	10005e7a <LCD_Init+0x262>
10007064:	f000 f978 	bl	10007358 <DEV_Digital_Write>
10007068:	2100      	movs	r1, #0
1000706a:	2009      	movs	r0, #9
1000706c:	f000 f974 	bl	10007358 <DEV_Digital_Write>
10007070:	f7fe bedd 	b.w	10005e2e <LCD_Init+0x216>
10007074:	f000 f970 	bl	10007358 <DEV_Digital_Write>
10007078:	2100      	movs	r1, #0
1000707a:	2009      	movs	r0, #9
1000707c:	f000 f96c 	bl	10007358 <DEV_Digital_Write>
10007080:	f7fe beaf 	b.w	10005de2 <LCD_Init+0x1ca>
10007084:	f000 f968 	bl	10007358 <DEV_Digital_Write>
10007088:	2100      	movs	r1, #0
1000708a:	2009      	movs	r0, #9
1000708c:	f000 f964 	bl	10007358 <DEV_Digital_Write>
10007090:	f7fe be81 	b.w	10005d96 <LCD_Init+0x17e>
10007094:	f000 f960 	bl	10007358 <DEV_Digital_Write>
10007098:	2100      	movs	r1, #0
1000709a:	2009      	movs	r0, #9
1000709c:	f000 f95c 	bl	10007358 <DEV_Digital_Write>
100070a0:	f7fe be62 	b.w	10005d68 <LCD_Init+0x150>
100070a4:	f000 f958 	bl	10007358 <DEV_Digital_Write>
100070a8:	2100      	movs	r1, #0
100070aa:	2009      	movs	r0, #9
100070ac:	f000 f954 	bl	10007358 <DEV_Digital_Write>
100070b0:	f7fe be43 	b.w	10005d3a <LCD_Init+0x122>
100070b4:	f000 f950 	bl	10007358 <DEV_Digital_Write>
100070b8:	4629      	mov	r1, r5
100070ba:	2009      	movs	r0, #9
100070bc:	f000 f94c 	bl	10007358 <DEV_Digital_Write>
100070c0:	f7ff ba18 	b.w	100064f4 <LCD_Init+0x8dc>
100070c4:	f000 f948 	bl	10007358 <DEV_Digital_Write>
100070c8:	2100      	movs	r1, #0
100070ca:	2009      	movs	r0, #9
100070cc:	f000 f944 	bl	10007358 <DEV_Digital_Write>
100070d0:	e6c7      	b.n	10006e62 <LCD_Init+0x124a>
100070d2:	f000 f941 	bl	10007358 <DEV_Digital_Write>
100070d6:	2100      	movs	r1, #0
100070d8:	2009      	movs	r0, #9
100070da:	f000 f93d 	bl	10007358 <DEV_Digital_Write>
100070de:	e69a      	b.n	10006e16 <LCD_Init+0x11fe>
100070e0:	f000 f93a 	bl	10007358 <DEV_Digital_Write>
100070e4:	2100      	movs	r1, #0
100070e6:	2009      	movs	r0, #9
100070e8:	f000 f936 	bl	10007358 <DEV_Digital_Write>
100070ec:	e67c      	b.n	10006de8 <LCD_Init+0x11d0>
100070ee:	f000 f933 	bl	10007358 <DEV_Digital_Write>
100070f2:	2100      	movs	r1, #0
100070f4:	2009      	movs	r0, #9
100070f6:	f000 f92f 	bl	10007358 <DEV_Digital_Write>
100070fa:	e65e      	b.n	10006dba <LCD_Init+0x11a2>
100070fc:	f000 f92c 	bl	10007358 <DEV_Digital_Write>
10007100:	2100      	movs	r1, #0
10007102:	2009      	movs	r0, #9
10007104:	f000 f928 	bl	10007358 <DEV_Digital_Write>
10007108:	e640      	b.n	10006d8c <LCD_Init+0x1174>
1000710a:	f000 f925 	bl	10007358 <DEV_Digital_Write>
1000710e:	2100      	movs	r1, #0
10007110:	2009      	movs	r0, #9
10007112:	f000 f921 	bl	10007358 <DEV_Digital_Write>
10007116:	e622      	b.n	10006d5e <LCD_Init+0x1146>
10007118:	f000 f91e 	bl	10007358 <DEV_Digital_Write>
1000711c:	2100      	movs	r1, #0
1000711e:	2009      	movs	r0, #9
10007120:	f000 f91a 	bl	10007358 <DEV_Digital_Write>
10007124:	e604      	b.n	10006d30 <LCD_Init+0x1118>
10007126:	f000 f917 	bl	10007358 <DEV_Digital_Write>
1000712a:	2100      	movs	r1, #0
1000712c:	2009      	movs	r0, #9
1000712e:	f000 f913 	bl	10007358 <DEV_Digital_Write>
10007132:	e5e6      	b.n	10006d02 <LCD_Init+0x10ea>
10007134:	f000 f910 	bl	10007358 <DEV_Digital_Write>
10007138:	2100      	movs	r1, #0
1000713a:	2009      	movs	r0, #9
1000713c:	f000 f90c 	bl	10007358 <DEV_Digital_Write>
10007140:	e5c8      	b.n	10006cd4 <LCD_Init+0x10bc>
10007142:	f000 f909 	bl	10007358 <DEV_Digital_Write>
10007146:	2100      	movs	r1, #0
10007148:	2009      	movs	r0, #9
1000714a:	f000 f905 	bl	10007358 <DEV_Digital_Write>
1000714e:	e5aa      	b.n	10006ca6 <LCD_Init+0x108e>
10007150:	f000 f902 	bl	10007358 <DEV_Digital_Write>
10007154:	2100      	movs	r1, #0
10007156:	2009      	movs	r0, #9
10007158:	f000 f8fe 	bl	10007358 <DEV_Digital_Write>
1000715c:	e58c      	b.n	10006c78 <LCD_Init+0x1060>
1000715e:	f000 f8fb 	bl	10007358 <DEV_Digital_Write>
10007162:	2100      	movs	r1, #0
10007164:	2009      	movs	r0, #9
10007166:	f000 f8f7 	bl	10007358 <DEV_Digital_Write>
1000716a:	e56e      	b.n	10006c4a <LCD_Init+0x1032>
1000716c:	f000 f8f4 	bl	10007358 <DEV_Digital_Write>
10007170:	2100      	movs	r1, #0
10007172:	2009      	movs	r0, #9
10007174:	f000 f8f0 	bl	10007358 <DEV_Digital_Write>
10007178:	e550      	b.n	10006c1c <LCD_Init+0x1004>
1000717a:	f000 f8ed 	bl	10007358 <DEV_Digital_Write>
1000717e:	2100      	movs	r1, #0
10007180:	2009      	movs	r0, #9
10007182:	f000 f8e9 	bl	10007358 <DEV_Digital_Write>
10007186:	e532      	b.n	10006bee <LCD_Init+0xfd6>
10007188:	f000 f8e6 	bl	10007358 <DEV_Digital_Write>
1000718c:	2100      	movs	r1, #0
1000718e:	2009      	movs	r0, #9
10007190:	f000 f8e2 	bl	10007358 <DEV_Digital_Write>
10007194:	e514      	b.n	10006bc0 <LCD_Init+0xfa8>
10007196:	f000 f8df 	bl	10007358 <DEV_Digital_Write>
1000719a:	2100      	movs	r1, #0
1000719c:	2009      	movs	r0, #9
1000719e:	f000 f8db 	bl	10007358 <DEV_Digital_Write>
100071a2:	e4e7      	b.n	10006b74 <LCD_Init+0xf5c>
100071a4:	f000 f8d8 	bl	10007358 <DEV_Digital_Write>
100071a8:	2100      	movs	r1, #0
100071aa:	2009      	movs	r0, #9
100071ac:	f000 f8d4 	bl	10007358 <DEV_Digital_Write>
100071b0:	e4c9      	b.n	10006b46 <LCD_Init+0xf2e>
100071b2:	f000 f8d1 	bl	10007358 <DEV_Digital_Write>
100071b6:	2100      	movs	r1, #0
100071b8:	2009      	movs	r0, #9
100071ba:	f000 f8cd 	bl	10007358 <DEV_Digital_Write>
100071be:	e4ab      	b.n	10006b18 <LCD_Init+0xf00>
100071c0:	f000 f8ca 	bl	10007358 <DEV_Digital_Write>
100071c4:	2100      	movs	r1, #0
100071c6:	2009      	movs	r0, #9
100071c8:	f000 f8c6 	bl	10007358 <DEV_Digital_Write>
100071cc:	e48d      	b.n	10006aea <LCD_Init+0xed2>
100071ce:	f000 f8c3 	bl	10007358 <DEV_Digital_Write>
100071d2:	2100      	movs	r1, #0
100071d4:	2009      	movs	r0, #9
100071d6:	f000 f8bf 	bl	10007358 <DEV_Digital_Write>
100071da:	e46f      	b.n	10006abc <LCD_Init+0xea4>
100071dc:	f000 f8bc 	bl	10007358 <DEV_Digital_Write>
100071e0:	2100      	movs	r1, #0
100071e2:	2009      	movs	r0, #9
100071e4:	f000 f8b8 	bl	10007358 <DEV_Digital_Write>
100071e8:	e451      	b.n	10006a8e <LCD_Init+0xe76>
100071ea:	f000 f8b5 	bl	10007358 <DEV_Digital_Write>
100071ee:	2100      	movs	r1, #0
100071f0:	2009      	movs	r0, #9
100071f2:	f000 f8b1 	bl	10007358 <DEV_Digital_Write>
100071f6:	e433      	b.n	10006a60 <LCD_Init+0xe48>
100071f8:	f000 f8ae 	bl	10007358 <DEV_Digital_Write>
100071fc:	2100      	movs	r1, #0
100071fe:	2009      	movs	r0, #9
10007200:	f000 f8aa 	bl	10007358 <DEV_Digital_Write>
10007204:	e415      	b.n	10006a32 <LCD_Init+0xe1a>
10007206:	f000 f8a7 	bl	10007358 <DEV_Digital_Write>
1000720a:	2100      	movs	r1, #0
1000720c:	2009      	movs	r0, #9
1000720e:	f000 f8a3 	bl	10007358 <DEV_Digital_Write>
10007212:	f7ff bbf7 	b.w	10006a04 <LCD_Init+0xdec>
10007216:	f000 f89f 	bl	10007358 <DEV_Digital_Write>
1000721a:	2100      	movs	r1, #0
1000721c:	2009      	movs	r0, #9
1000721e:	f000 f89b 	bl	10007358 <DEV_Digital_Write>
10007222:	f7ff bbd8 	b.w	100069d6 <LCD_Init+0xdbe>
10007226:	f000 f897 	bl	10007358 <DEV_Digital_Write>
1000722a:	2100      	movs	r1, #0
1000722c:	2009      	movs	r0, #9
1000722e:	f000 f893 	bl	10007358 <DEV_Digital_Write>
10007232:	f7ff bbb9 	b.w	100069a8 <LCD_Init+0xd90>
10007236:	f000 f88f 	bl	10007358 <DEV_Digital_Write>
1000723a:	2100      	movs	r1, #0
1000723c:	2009      	movs	r0, #9
1000723e:	f000 f88b 	bl	10007358 <DEV_Digital_Write>
10007242:	f7ff bb9a 	b.w	1000697a <LCD_Init+0xd62>
10007246:	f000 f887 	bl	10007358 <DEV_Digital_Write>
1000724a:	2100      	movs	r1, #0
1000724c:	2009      	movs	r0, #9
1000724e:	f000 f883 	bl	10007358 <DEV_Digital_Write>
10007252:	f7ff bb7b 	b.w	1000694c <LCD_Init+0xd34>
10007256:	f000 f87f 	bl	10007358 <DEV_Digital_Write>
1000725a:	2100      	movs	r1, #0
1000725c:	2009      	movs	r0, #9
1000725e:	f000 f87b 	bl	10007358 <DEV_Digital_Write>
10007262:	f7ff bb5c 	b.w	1000691e <LCD_Init+0xd06>
10007266:	f000 f877 	bl	10007358 <DEV_Digital_Write>
1000726a:	2100      	movs	r1, #0
1000726c:	2009      	movs	r0, #9
1000726e:	f000 f873 	bl	10007358 <DEV_Digital_Write>
10007272:	f7ff bb2e 	b.w	100068d2 <LCD_Init+0xcba>
10007276:	f000 f86f 	bl	10007358 <DEV_Digital_Write>
1000727a:	2100      	movs	r1, #0
1000727c:	2009      	movs	r0, #9
1000727e:	f000 f86b 	bl	10007358 <DEV_Digital_Write>
10007282:	f7ff bb0f 	b.w	100068a4 <LCD_Init+0xc8c>
10007286:	f000 f867 	bl	10007358 <DEV_Digital_Write>
1000728a:	2100      	movs	r1, #0
1000728c:	2009      	movs	r0, #9
1000728e:	f000 f863 	bl	10007358 <DEV_Digital_Write>
10007292:	f7ff bae1 	b.w	10006858 <LCD_Init+0xc40>
10007296:	f000 f85f 	bl	10007358 <DEV_Digital_Write>
1000729a:	2100      	movs	r1, #0
1000729c:	2009      	movs	r0, #9
1000729e:	f000 f85b 	bl	10007358 <DEV_Digital_Write>
100072a2:	f7ff bab3 	b.w	1000680c <LCD_Init+0xbf4>
100072a6:	f000 f857 	bl	10007358 <DEV_Digital_Write>
100072aa:	2100      	movs	r1, #0
100072ac:	2009      	movs	r0, #9
100072ae:	f000 f853 	bl	10007358 <DEV_Digital_Write>
100072b2:	f7ff ba85 	b.w	100067c0 <LCD_Init+0xba8>
100072b6:	f000 f84f 	bl	10007358 <DEV_Digital_Write>
100072ba:	2100      	movs	r1, #0
100072bc:	2009      	movs	r0, #9
100072be:	f000 f84b 	bl	10007358 <DEV_Digital_Write>
100072c2:	f7ff ba57 	b.w	10006774 <LCD_Init+0xb5c>
100072c6:	f000 f847 	bl	10007358 <DEV_Digital_Write>
100072ca:	2100      	movs	r1, #0
100072cc:	2009      	movs	r0, #9
100072ce:	f000 f843 	bl	10007358 <DEV_Digital_Write>
100072d2:	f7ff ba29 	b.w	10006728 <LCD_Init+0xb10>
100072d6:	f000 f83f 	bl	10007358 <DEV_Digital_Write>
100072da:	2100      	movs	r1, #0
100072dc:	2009      	movs	r0, #9
100072de:	f000 f83b 	bl	10007358 <DEV_Digital_Write>
100072e2:	f7ff b9fb 	b.w	100066dc <LCD_Init+0xac4>
100072e6:	f000 f837 	bl	10007358 <DEV_Digital_Write>
100072ea:	2100      	movs	r1, #0
100072ec:	2009      	movs	r0, #9
100072ee:	f000 f833 	bl	10007358 <DEV_Digital_Write>
100072f2:	f7ff b9cd 	b.w	10006690 <LCD_Init+0xa78>
100072f6:	f000 f82f 	bl	10007358 <DEV_Digital_Write>
100072fa:	2100      	movs	r1, #0
100072fc:	2009      	movs	r0, #9
100072fe:	f000 f82b 	bl	10007358 <DEV_Digital_Write>
10007302:	f7ff b99f 	b.w	10006644 <LCD_Init+0xa2c>
10007306:	f000 f827 	bl	10007358 <DEV_Digital_Write>
1000730a:	2100      	movs	r1, #0
1000730c:	2009      	movs	r0, #9
1000730e:	f000 f823 	bl	10007358 <DEV_Digital_Write>
10007312:	f7ff b980 	b.w	10006616 <LCD_Init+0x9fe>
10007316:	f000 f81f 	bl	10007358 <DEV_Digital_Write>
1000731a:	2100      	movs	r1, #0
1000731c:	2009      	movs	r0, #9
1000731e:	f000 f81b 	bl	10007358 <DEV_Digital_Write>
10007322:	f7ff b961 	b.w	100065e8 <LCD_Init+0x9d0>
10007326:	f000 f817 	bl	10007358 <DEV_Digital_Write>
1000732a:	2100      	movs	r1, #0
1000732c:	2009      	movs	r0, #9
1000732e:	f000 f813 	bl	10007358 <DEV_Digital_Write>
10007332:	f7ff b942 	b.w	100065ba <LCD_Init+0x9a2>
10007336:	f000 f80f 	bl	10007358 <DEV_Digital_Write>
1000733a:	2100      	movs	r1, #0
1000733c:	2009      	movs	r0, #9
1000733e:	f000 f80b 	bl	10007358 <DEV_Digital_Write>
10007342:	f7ff b923 	b.w	1000658c <LCD_Init+0x974>
10007346:	f000 f807 	bl	10007358 <DEV_Digital_Write>
1000734a:	2100      	movs	r1, #0
1000734c:	2009      	movs	r0, #9
1000734e:	f000 f803 	bl	10007358 <DEV_Digital_Write>
10007352:	f7ff b8f5 	b.w	10006540 <LCD_Init+0x928>
10007356:	bf00      	nop

10007358 <DEV_Digital_Write>:
10007358:	3900      	subs	r1, #0
1000735a:	bf18      	it	ne
1000735c:	2101      	movne	r1, #1
1000735e:	ec41 0040 	gpioc_bit_out_put r0, r1
10007362:	4770      	bx	lr

10007364 <DEV_GPIO_Init>:
10007364:	e92d 43f8 	stmdb	sp!, {r3, r4, r5, r6, r7, r8, r9, lr}
10007368:	200f      	movs	r0, #15
1000736a:	f7f8 fffd 	bl	10000368 <gpio_init>
1000736e:	230f      	movs	r3, #15
10007370:	f04f 0201 	mov.w	r2, #1
10007374:	ec42 3044 	gpioc_bit_oe_put r3, r2
10007378:	2008      	movs	r0, #8
1000737a:	f7f8 fff5 	bl	10000368 <gpio_init>
1000737e:	2308      	movs	r3, #8
10007380:	f04f 0201 	mov.w	r2, #1
10007384:	ec42 3044 	gpioc_bit_oe_put r3, r2
10007388:	200d      	movs	r0, #13
1000738a:	f7f8 ffed 	bl	10000368 <gpio_init>
1000738e:	250d      	movs	r5, #13
10007390:	f04f 0301 	mov.w	r3, #1
10007394:	ec43 5044 	gpioc_bit_oe_put r5, r3
10007398:	2009      	movs	r0, #9
1000739a:	f7f8 ffe5 	bl	10000368 <gpio_init>
1000739e:	2609      	movs	r6, #9
100073a0:	f04f 0301 	mov.w	r3, #1
100073a4:	ec43 6044 	gpioc_bit_oe_put r6, r3
100073a8:	2010      	movs	r0, #16
100073aa:	f7f8 ffdd 	bl	10000368 <gpio_init>
100073ae:	2710      	movs	r7, #16
100073b0:	f04f 0301 	mov.w	r3, #1
100073b4:	ec43 7044 	gpioc_bit_oe_put r7, r3
100073b8:	2011      	movs	r0, #17
100073ba:	f7f8 ffd5 	bl	10000368 <gpio_init>
100073be:	f04f 0811 	mov.w	r8, #17
100073c2:	2300      	movs	r3, #0
100073c4:	ec43 8044 	gpioc_bit_oe_put r8, r3
100073c8:	2016      	movs	r0, #22
100073ca:	f7f8 ffcd 	bl	10000368 <gpio_init>
100073ce:	2416      	movs	r4, #22
100073d0:	f04f 0301 	mov.w	r3, #1
100073d4:	ec43 4044 	gpioc_bit_oe_put r4, r3
100073d8:	2200      	movs	r2, #0
100073da:	4640      	mov	r0, r8
100073dc:	2101      	movs	r1, #1
100073de:	f7f8 ffb1 	bl	10000344 <gpio_set_pulls>
100073e2:	2301      	movs	r3, #1
100073e4:	ec43 7040 	gpioc_bit_out_put r7, r3
100073e8:	ec43 6040 	gpioc_bit_out_put r6, r3
100073ec:	ec43 5040 	gpioc_bit_out_put r5, r3
100073f0:	ec43 4040 	gpioc_bit_out_put r4, r3
100073f4:	e8bd 83f8 	ldmia.w	sp!, {r3, r4, r5, r6, r7, r8, r9, pc}

100073f8 <System_Init>:
100073f8:	b508      	push	{r3, lr}
100073fa:	f7fc f813 	bl	10003424 <stdio_init_all>
100073fe:	f7ff ffb1 	bl	10007364 <DEV_GPIO_Init>
10007402:	4909      	ldr	r1, [pc, #36]	@ (10007428 <System_Init+0x30>)
10007404:	4809      	ldr	r0, [pc, #36]	@ (1000742c <System_Init+0x34>)
10007406:	f7fe fa9b 	bl	10005940 <spi_init>
1000740a:	2101      	movs	r1, #1
1000740c:	200a      	movs	r0, #10
1000740e:	f7f8 ff7b 	bl	10000308 <gpio_set_function>
10007412:	2101      	movs	r1, #1
10007414:	200b      	movs	r0, #11
10007416:	f7f8 ff77 	bl	10000308 <gpio_set_function>
1000741a:	2101      	movs	r1, #1
1000741c:	200c      	movs	r0, #12
1000741e:	f7f8 ff73 	bl	10000308 <gpio_set_function>
10007422:	2000      	movs	r0, #0
10007424:	bd08      	pop	{r3, pc}
10007426:	bf00      	nop
10007428:	003d0900 	.word	0x003d0900
1000742c:	40088000 	.word	0x40088000

10007430 <SPI4W_Write_Byte>:
10007430:	b500      	push	{lr}
10007432:	b085      	sub	sp, #20
10007434:	f88d 0007 	strb.w	r0, [sp, #7]
10007438:	2301      	movs	r3, #1
1000743a:	f10d 020f 	add.w	r2, sp, #15
1000743e:	f10d 0107 	add.w	r1, sp, #7
10007442:	4803      	ldr	r0, [pc, #12]	@ (10007450 <SPI4W_Write_Byte+0x20>)
10007444:	f000 f858 	bl	100074f8 <__spi_write_read_blocking_veneer>
10007448:	f89d 000f 	ldrb.w	r0, [sp, #15]
1000744c:	b005      	add	sp, #20
1000744e:	bd00      	pop	{pc}
10007450:	40088000 	.word	0x40088000

10007454 <Driver_Delay_ms>:
10007454:	f7f9 bdf4 	b.w	10001040 <sleep_ms>

10007458 <strlen>:
10007458:	f020 0103 	bic.w	r1, r0, #3
1000745c:	f010 0003 	ands.w	r0, r0, #3
10007460:	f1c0 0000 	rsb	r0, r0, #0
10007464:	f851 3b04 	ldr.w	r3, [r1], #4
10007468:	f100 0c04 	add.w	ip, r0, #4
1000746c:	ea4f 0ccc 	mov.w	ip, ip, lsl #3
10007470:	f06f 0200 	mvn.w	r2, #0
10007474:	bf1c      	itt	ne
10007476:	fa22 f20c 	lsrne.w	r2, r2, ip
1000747a:	4313      	orrne	r3, r2
1000747c:	f04f 0c01 	mov.w	ip, #1
10007480:	ea4c 2c0c 	orr.w	ip, ip, ip, lsl #8
10007484:	ea4c 4c0c 	orr.w	ip, ip, ip, lsl #16
10007488:	eba3 020c 	sub.w	r2, r3, ip
1000748c:	ea22 0203 	bic.w	r2, r2, r3
10007490:	ea12 12cc 	ands.w	r2, r2, ip, lsl #7
10007494:	bf04      	itt	eq
10007496:	f851 3b04 	ldreq.w	r3, [r1], #4
1000749a:	3004      	addeq	r0, #4
1000749c:	d0f4      	beq.n	10007488 <strlen+0x30>
1000749e:	f1c2 0100 	rsb	r1, r2, #0
100074a2:	ea02 0201 	and.w	r2, r2, r1
100074a6:	fab2 f282 	clz	r2, r2
100074aa:	f1c2 021f 	rsb	r2, r2, #31
100074ae:	eb00 00d2 	add.w	r0, r0, r2, lsr #3
100074b2:	4770      	bx	lr
100074b4:	0000      	movs	r0, r0
	...

100074b8 <____aeabi_uldivmod_veneer>:
100074b8:	f85f f000 	ldr.w	pc, [pc]	@ 100074bc <____aeabi_uldivmod_veneer+0x4>
100074bc:	20000e2d 	.word	0x20000e2d

100074c0 <__mutex_enter_timeout_ms_veneer>:
100074c0:	f85f f000 	ldr.w	pc, [pc]	@ 100074c4 <__mutex_enter_timeout_ms_veneer+0x4>
100074c4:	20000229 	.word	0x20000229

100074c8 <__mutex_try_enter_block_until_veneer>:
100074c8:	f85f f000 	ldr.w	pc, [pc]	@ 100074cc <__mutex_try_enter_block_until_veneer+0x4>
100074cc:	200001f1 	.word	0x200001f1

100074d0 <___hw_endpoint_buffer_control_update32_veneer>:
100074d0:	f85f f000 	ldr.w	pc, [pc]	@ 100074d4 <___hw_endpoint_buffer_control_update32_veneer+0x4>
100074d4:	20000ab1 	.word	0x20000ab1

100074d8 <__e15_is_bulkin_ep_veneer>:
100074d8:	f85f f000 	ldr.w	pc, [pc]	@ 100074dc <__e15_is_bulkin_ep_veneer+0x4>
100074dc:	20000a55 	.word	0x20000a55

100074e0 <__reset_non_control_endpoints_veneer>:
100074e0:	f85f f000 	ldr.w	pc, [pc]	@ 100074e4 <__reset_non_control_endpoints_veneer+0x4>
100074e4:	200002a9 	.word	0x200002a9

100074e8 <__mutex_exit_veneer>:
100074e8:	f85f f000 	ldr.w	pc, [pc]	@ 100074ec <__mutex_exit_veneer+0x4>
100074ec:	20000261 	.word	0x20000261

100074f0 <__mutex_try_enter_veneer>:
100074f0:	f85f f000 	ldr.w	pc, [pc]	@ 100074f4 <__mutex_try_enter_veneer+0x4>
100074f4:	20000111 	.word	0x20000111

100074f8 <__spi_write_read_blocking_veneer>:
100074f8:	f85f f000 	ldr.w	pc, [pc]	@ 100074fc <__spi_write_read_blocking_veneer+0x4>
100074fc:	20000dad 	.word	0x20000dad

10007500 <__memset_veneer>:
10007500:	f85f f000 	ldr.w	pc, [pc]	@ 10007504 <__memset_veneer+0x4>
10007504:	200011a1 	.word	0x200011a1

10007508 <__memcpy_veneer>:
10007508:	f85f f000 	ldr.w	pc, [pc]	@ 1000750c <__memcpy_veneer+0x4>
1000750c:	20001229 	.word	0x20001229

10007510 <__hw_endpoint_start_next_buffer_veneer>:
10007510:	f85f f000 	ldr.w	pc, [pc]	@ 10007514 <__hw_endpoint_start_next_buffer_veneer+0x4>
10007514:	20000af9 	.word	0x20000af9

10007518 <__e15_is_critical_frame_period_veneer>:
10007518:	f85f f000 	ldr.w	pc, [pc]	@ 1000751c <__e15_is_critical_frame_period_veneer+0x4>
1000751c:	20000a7d 	.word	0x20000a7d

10007520 <__pre_init_runtime_init_bootrom_reset>:
10007520:	100016a9                                ....

10007524 <__pre_init_runtime_init_early_resets>:
10007524:	10001621                                !...

10007528 <__pre_init_runtime_init_usb_power_down>:
10007528:	10001651                                Q...

1000752c <__pre_init_runtime_init_clocks>:
1000752c:	10001739                                9...

10007530 <__pre_init_runtime_init_post_clock_resets>:
10007530:	10001689                                ....

10007534 <__pre_init_runtime_init_boot_locks_reset>:
10007534:	100015a9                                ....

10007538 <__pre_init_runtime_init_spin_locks_reset>:
10007538:	100016d1                                ....

1000753c <__pre_init_runtime_init_bootrom_locking_enable>:
1000753c:	10001595                                ....

10007540 <__pre_init_runtime_init_mutex>:
10007540:	1000092d                                -...

10007544 <__pre_init_runtime_init_install_ram_vector_table>:
10007544:	100016d5                                ....

10007548 <__pre_init_runtime_init_default_alarm_pool>:
10007548:	10000cfd                                ....

1000754c <__pre_init_first_per_core_initializer>:
1000754c:	100015f1                                ....

10007550 <__pre_init_runtime_init_per_core_bootrom_reset>:
10007550:	100016bd                                ....

10007554 <__pre_init_runtime_init_per_core_enable_coprocessors>:
10007554:	1000166d                                m...

10007558 <__pre_init_spinlock_set_extexclall>:
10007558:	100004fd                                ....

1000755c <__pre_init_runtime_init_per_core_irq_priorities>:
1000755c:	10000525                                %...

10007560 <__init_array_start>:
10007560:	10003a89 	.word	0x10003a89

Disassembly of section .data:

20000110 <mutex_try_enter>:
20000110:	4603      	mov	r3, r0
20000112:	b500      	push	{lr}
20000114:	6802      	ldr	r2, [r0, #0]
20000116:	f3ef 8c10 	mrs	ip, PRIMASK
2000011a:	b672      	cpsid	i
2000011c:	e8d2 efcf 	ldaexb	lr, [r2]
20000120:	2001      	movs	r0, #1
20000122:	f1be 0f00 	cmp.w	lr, #0
20000126:	d1f9      	bne.n	2000011c <mutex_try_enter+0xc>
20000128:	e8c2 0f4e 	strexb	lr, r0, [r2]
2000012c:	f1be 0f00 	cmp.w	lr, #0
20000130:	d1f4      	bne.n	2000011c <mutex_try_enter+0xc>
20000132:	f3bf 8f5f 	dmb	sy
20000136:	f993 2004 	ldrsb.w	r2, [r3, #4]
2000013a:	2a00      	cmp	r2, #0
2000013c:	db09      	blt.n	20000152 <mutex_try_enter+0x42>
2000013e:	b101      	cbz	r1, 20000142 <mutex_try_enter+0x32>
20000140:	600a      	str	r2, [r1, #0]
20000142:	2000      	movs	r0, #0
20000144:	2200      	movs	r2, #0
20000146:	681b      	ldr	r3, [r3, #0]
20000148:	e8c3 2f8f 	stlb	r2, [r3]
2000014c:	f38c 8810 	msr	PRIMASK, ip
20000150:	bd00      	pop	{pc}
20000152:	f04f 4250 	mov.w	r2, #3489660928	@ 0xd0000000
20000156:	6812      	ldr	r2, [r2, #0]
20000158:	2001      	movs	r0, #1
2000015a:	711a      	strb	r2, [r3, #4]
2000015c:	e7f2      	b.n	20000144 <mutex_try_enter+0x34>
2000015e:	bf00      	nop

20000160 <mutex_enter_block_until>:
20000160:	f04f 4150 	mov.w	r1, #3489660928	@ 0xd0000000
20000164:	e92d 43f8 	stmdb	sp!, {r3, r4, r5, r6, r7, r8, r9, lr}
20000168:	461f      	mov	r7, r3
2000016a:	680b      	ldr	r3, [r1, #0]
2000016c:	4604      	mov	r4, r0
2000016e:	4616      	mov	r6, r2
20000170:	2500      	movs	r5, #0
20000172:	4699      	mov	r9, r3
20000174:	f8df 8074 	ldr.w	r8, [pc, #116]	@ 200001ec <mutex_enter_block_until+0x8c>
20000178:	6823      	ldr	r3, [r4, #0]
2000017a:	f3ef 8210 	mrs	r2, PRIMASK
2000017e:	b672      	cpsid	i
20000180:	e8d3 0fcf 	ldaexb	r0, [r3]
20000184:	2101      	movs	r1, #1
20000186:	2800      	cmp	r0, #0
20000188:	d1fa      	bne.n	20000180 <mutex_enter_block_until+0x20>
2000018a:	e8c3 1f40 	strexb	r0, r1, [r3]
2000018e:	2800      	cmp	r0, #0
20000190:	d1f6      	bne.n	20000180 <mutex_enter_block_until+0x20>
20000192:	f3bf 8f5f 	dmb	sy
20000196:	f994 3004 	ldrsb.w	r3, [r4, #4]
2000019a:	6821      	ldr	r1, [r4, #0]
2000019c:	2b00      	cmp	r3, #0
2000019e:	db1b      	blt.n	200001d8 <mutex_enter_block_until+0x78>
200001a0:	f898 3000 	ldrb.w	r3, [r8]
200001a4:	b2db      	uxtb	r3, r3
200001a6:	e8c1 5f8f 	stlb	r5, [r1]
200001aa:	f382 8810 	msr	PRIMASK, r2
200001ae:	f898 2000 	ldrb.w	r2, [r8]
200001b2:	429a      	cmp	r2, r3
200001b4:	d008      	beq.n	200001c8 <mutex_enter_block_until+0x68>
200001b6:	4630      	mov	r0, r6
200001b8:	4639      	mov	r1, r7
200001ba:	f001 f8ad 	bl	20001318 <__best_effort_wfe_or_timeout_veneer>
200001be:	2800      	cmp	r0, #0
200001c0:	d0da      	beq.n	20000178 <mutex_enter_block_until+0x18>
200001c2:	2000      	movs	r0, #0
200001c4:	e8bd 83f8 	ldmia.w	sp!, {r3, r4, r5, r6, r7, r8, r9, pc}
200001c8:	bf20      	wfe
200001ca:	4630      	mov	r0, r6
200001cc:	4639      	mov	r1, r7
200001ce:	f001 f8a3 	bl	20001318 <__best_effort_wfe_or_timeout_veneer>
200001d2:	2800      	cmp	r0, #0
200001d4:	d0d0      	beq.n	20000178 <mutex_enter_block_until+0x18>
200001d6:	e7f4      	b.n	200001c2 <mutex_enter_block_until+0x62>
200001d8:	2300      	movs	r3, #0
200001da:	f884 9004 	strb.w	r9, [r4, #4]
200001de:	e8c1 3f8f 	stlb	r3, [r1]
200001e2:	f382 8810 	msr	PRIMASK, r2
200001e6:	2001      	movs	r0, #1
200001e8:	e8bd 83f8 	ldmia.w	sp!, {r3, r4, r5, r6, r7, r8, r9, pc}
200001ec:	20001d53 	.word	0x20001d53

200001f0 <mutex_try_enter_block_until>:
200001f0:	b570      	push	{r4, r5, r6, lr}
200001f2:	b082      	sub	sp, #8
200001f4:	a901      	add	r1, sp, #4
200001f6:	4606      	mov	r6, r0
200001f8:	4614      	mov	r4, r2
200001fa:	461d      	mov	r5, r3
200001fc:	f7ff ff88 	bl	20000110 <mutex_try_enter>
20000200:	b938      	cbnz	r0, 20000212 <mutex_try_enter_block_until+0x22>
20000202:	f04f 4350 	mov.w	r3, #3489660928	@ 0xd0000000
20000206:	f99d 2004 	ldrsb.w	r2, [sp, #4]
2000020a:	f993 3000 	ldrsb.w	r3, [r3]
2000020e:	429a      	cmp	r2, r3
20000210:	d101      	bne.n	20000216 <mutex_try_enter_block_until+0x26>
20000212:	b002      	add	sp, #8
20000214:	bd70      	pop	{r4, r5, r6, pc}
20000216:	4622      	mov	r2, r4
20000218:	462b      	mov	r3, r5
2000021a:	4630      	mov	r0, r6
2000021c:	b002      	add	sp, #8
2000021e:	e8bd 4070 	ldmia.w	sp!, {r4, r5, r6, lr}
20000222:	f7ff bf9d 	b.w	20000160 <mutex_enter_block_until>
20000226:	bf00      	nop

20000228 <mutex_enter_timeout_ms>:
20000228:	b570      	push	{r4, r5, r6, lr}
2000022a:	4605      	mov	r5, r0
2000022c:	460c      	mov	r4, r1
2000022e:	f001 f877 	bl	20001320 <__time_us_64_veneer>
20000232:	4602      	mov	r2, r0
20000234:	460b      	mov	r3, r1
20000236:	f44f 707a 	mov.w	r0, #1000	@ 0x3e8
2000023a:	f04f 3eff 	mov.w	lr, #4294967295	@ 0xffffffff
2000023e:	f06f 4c00 	mvn.w	ip, #2147483648	@ 0x80000000
20000242:	fbe4 2300 	umlal	r2, r3, r4, r0
20000246:	4596      	cmp	lr, r2
20000248:	eb7c 0103 	sbcs.w	r1, ip, r3
2000024c:	bf38      	it	cc
2000024e:	4672      	movcc	r2, lr
20000250:	4628      	mov	r0, r5
20000252:	e8bd 4070 	ldmia.w	sp!, {r4, r5, r6, lr}
20000256:	bf38      	it	cc
20000258:	4663      	movcc	r3, ip
2000025a:	f7ff bf81 	b.w	20000160 <mutex_enter_block_until>
2000025e:	bf00      	nop

20000260 <mutex_exit>:
20000260:	6803      	ldr	r3, [r0, #0]
20000262:	f3ef 8110 	mrs	r1, PRIMASK
20000266:	b672      	cpsid	i
20000268:	e8d3 cfcf 	ldaexb	ip, [r3]
2000026c:	2201      	movs	r2, #1
2000026e:	f1bc 0f00 	cmp.w	ip, #0
20000272:	d1f9      	bne.n	20000268 <mutex_exit+0x8>
20000274:	e8c3 2f4c 	strexb	ip, r2, [r3]
20000278:	f1bc 0f00 	cmp.w	ip, #0
2000027c:	d1f4      	bne.n	20000268 <mutex_exit+0x8>
2000027e:	f3bf 8f5f 	dmb	sy
20000282:	f04f 0cff 	mov.w	ip, #255	@ 0xff
20000286:	4a07      	ldr	r2, [pc, #28]	@ (200002a4 <mutex_exit+0x44>)
20000288:	f880 c004 	strb.w	ip, [r0, #4]
2000028c:	7813      	ldrb	r3, [r2, #0]
2000028e:	3301      	adds	r3, #1
20000290:	7013      	strb	r3, [r2, #0]
20000292:	2300      	movs	r3, #0
20000294:	6802      	ldr	r2, [r0, #0]
20000296:	e8c2 3f8f 	stlb	r3, [r2]
2000029a:	f381 8810 	msr	PRIMASK, r1
2000029e:	bf40      	sev
200002a0:	4770      	bx	lr
200002a2:	bf00      	nop
200002a4:	20001d53 	.word	0x20001d53

200002a8 <reset_non_control_endpoints>:
200002a8:	2100      	movs	r1, #0
200002aa:	b508      	push	{r3, lr}
200002ac:	4b13      	ldr	r3, [pc, #76]	@ (200002fc <reset_non_control_endpoints+0x54>)
200002ae:	f44f 7270 	mov.w	r2, #960	@ 0x3c0
200002b2:	6099      	str	r1, [r3, #8]
200002b4:	4812      	ldr	r0, [pc, #72]	@ (20000300 <reset_non_control_endpoints+0x58>)
200002b6:	60d9      	str	r1, [r3, #12]
200002b8:	6119      	str	r1, [r3, #16]
200002ba:	6159      	str	r1, [r3, #20]
200002bc:	6199      	str	r1, [r3, #24]
200002be:	61d9      	str	r1, [r3, #28]
200002c0:	6219      	str	r1, [r3, #32]
200002c2:	6259      	str	r1, [r3, #36]	@ 0x24
200002c4:	6299      	str	r1, [r3, #40]	@ 0x28
200002c6:	62d9      	str	r1, [r3, #44]	@ 0x2c
200002c8:	6319      	str	r1, [r3, #48]	@ 0x30
200002ca:	6359      	str	r1, [r3, #52]	@ 0x34
200002cc:	6399      	str	r1, [r3, #56]	@ 0x38
200002ce:	63d9      	str	r1, [r3, #60]	@ 0x3c
200002d0:	6419      	str	r1, [r3, #64]	@ 0x40
200002d2:	6459      	str	r1, [r3, #68]	@ 0x44
200002d4:	6499      	str	r1, [r3, #72]	@ 0x48
200002d6:	64d9      	str	r1, [r3, #76]	@ 0x4c
200002d8:	6519      	str	r1, [r3, #80]	@ 0x50
200002da:	6559      	str	r1, [r3, #84]	@ 0x54
200002dc:	6599      	str	r1, [r3, #88]	@ 0x58
200002de:	65d9      	str	r1, [r3, #92]	@ 0x5c
200002e0:	6619      	str	r1, [r3, #96]	@ 0x60
200002e2:	6659      	str	r1, [r3, #100]	@ 0x64
200002e4:	6699      	str	r1, [r3, #104]	@ 0x68
200002e6:	66d9      	str	r1, [r3, #108]	@ 0x6c
200002e8:	6719      	str	r1, [r3, #112]	@ 0x70
200002ea:	6759      	str	r1, [r3, #116]	@ 0x74
200002ec:	6799      	str	r1, [r3, #120]	@ 0x78
200002ee:	67d9      	str	r1, [r3, #124]	@ 0x7c
200002f0:	f000 ff56 	bl	200011a0 <memset>
200002f4:	4b03      	ldr	r3, [pc, #12]	@ (20000304 <reset_non_control_endpoints+0x5c>)
200002f6:	4a04      	ldr	r2, [pc, #16]	@ (20000308 <reset_non_control_endpoints+0x60>)
200002f8:	601a      	str	r2, [r3, #0]
200002fa:	bd08      	pop	{r3, pc}
200002fc:	50100000 	.word	0x50100000
20000300:	20001928 	.word	0x20001928
20000304:	20001cf0 	.word	0x20001cf0
20000308:	50100180 	.word	0x50100180

2000030c <hw_handle_buff_status>:
2000030c:	e92d 47f0 	stmdb	sp!, {r4, r5, r6, r7, r8, r9, sl, lr}
20000310:	4b1e      	ldr	r3, [pc, #120]	@ (2000038c <hw_handle_buff_status+0x80>)
20000312:	b084      	sub	sp, #16
20000314:	f8d3 a058 	ldr.w	sl, [r3, #88]	@ 0x58
20000318:	f1ba 0f00 	cmp.w	sl, #0
2000031c:	d021      	beq.n	20000362 <hw_handle_buff_status+0x56>
2000031e:	2400      	movs	r4, #0
20000320:	2501      	movs	r5, #1
20000322:	f44f 69e0 	mov.w	r9, #1792	@ 0x700
20000326:	f8df 806c 	ldr.w	r8, [pc, #108]	@ 20000394 <hw_handle_buff_status+0x88>
2000032a:	4f19      	ldr	r7, [pc, #100]	@ (20000390 <hw_handle_buff_status+0x84>)
2000032c:	e005      	b.n	2000033a <hw_handle_buff_status+0x2e>
2000032e:	3401      	adds	r4, #1
20000330:	b2e4      	uxtb	r4, r4
20000332:	2c20      	cmp	r4, #32
20000334:	ea4f 0545 	mov.w	r5, r5, lsl #1
20000338:	d013      	beq.n	20000362 <hw_handle_buff_status+0x56>
2000033a:	ea1a 0f05 	tst.w	sl, r5
2000033e:	d0f6      	beq.n	2000032e <hw_handle_buff_status+0x22>
20000340:	43e3      	mvns	r3, r4
20000342:	f004 06fe 	and.w	r6, r4, #254	@ 0xfe
20000346:	f003 0301 	and.w	r3, r3, #1
2000034a:	441e      	add	r6, r3
2000034c:	eb07 1646 	add.w	r6, r7, r6, lsl #5
20000350:	4630      	mov	r0, r6
20000352:	f8c8 5058 	str.w	r5, [r8, #88]	@ 0x58
20000356:	f000 fc01 	bl	20000b5c <hw_endpoint_xfer_continue>
2000035a:	b928      	cbnz	r0, 20000368 <hw_handle_buff_status+0x5c>
2000035c:	ea3a 0a05 	bics.w	sl, sl, r5
20000360:	d1e5      	bne.n	2000032e <hw_handle_buff_status+0x22>
20000362:	b004      	add	sp, #16
20000364:	e8bd 87f0 	ldmia.w	sp!, {r4, r5, r6, r7, r8, r9, sl, pc}
20000368:	78b3      	ldrb	r3, [r6, #2]
2000036a:	8af2      	ldrh	r2, [r6, #22]
2000036c:	f88d 3008 	strb.w	r3, [sp, #8]
20000370:	2300      	movs	r3, #0
20000372:	a801      	add	r0, sp, #4
20000374:	2101      	movs	r1, #1
20000376:	f8ad 9004 	strh.w	r9, [sp, #4]
2000037a:	9203      	str	r2, [sp, #12]
2000037c:	f88d 3009 	strb.w	r3, [sp, #9]
20000380:	f000 fc0a 	bl	20000b98 <dcd_event_handler>
20000384:	4630      	mov	r0, r6
20000386:	f000 fb8d 	bl	20000aa4 <hw_endpoint_reset_transfer>
2000038a:	e7e7      	b.n	2000035c <hw_handle_buff_status+0x50>
2000038c:	50110000 	.word	0x50110000
20000390:	200018e8 	.word	0x200018e8
20000394:	50113000 	.word	0x50113000

20000398 <dcd_rp2040_irq>:
20000398:	b570      	push	{r4, r5, r6, lr}
2000039a:	4bb2      	ldr	r3, [pc, #712]	@ (20000664 <dcd_rp2040_irq+0x2cc>)
2000039c:	b086      	sub	sp, #24
2000039e:	f8d3 4098 	ldr.w	r4, [r3, #152]	@ 0x98
200003a2:	f414 3500 	ands.w	r5, r4, #131072	@ 0x20000
200003a6:	d074      	beq.n	20000492 <dcd_rp2040_irq+0xfa>
200003a8:	4aaf      	ldr	r2, [pc, #700]	@ (20000668 <dcd_rp2040_irq+0x2d0>)
200003aa:	4bb0      	ldr	r3, [pc, #704]	@ (2000066c <dcd_rp2040_irq+0x2d4>)
200003ac:	6a90      	ldr	r0, [r2, #40]	@ 0x28
200003ae:	f893 203b 	ldrb.w	r2, [r3, #59]	@ 0x3b
200003b2:	49af      	ldr	r1, [pc, #700]	@ (20000670 <dcd_rp2040_irq+0x2d8>)
200003b4:	2a02      	cmp	r2, #2
200003b6:	6008      	str	r0, [r1, #0]
200003b8:	f000 80e6 	beq.w	20000588 <dcd_rp2040_irq+0x1f0>
200003bc:	2500      	movs	r5, #0
200003be:	f893 207b 	ldrb.w	r2, [r3, #123]	@ 0x7b
200003c2:	2a02      	cmp	r2, #2
200003c4:	f000 81b2 	beq.w	2000072c <dcd_rp2040_irq+0x394>
200003c8:	f893 20bb 	ldrb.w	r2, [r3, #187]	@ 0xbb
200003cc:	2a02      	cmp	r2, #2
200003ce:	f000 81a2 	beq.w	20000716 <dcd_rp2040_irq+0x37e>
200003d2:	f893 20fb 	ldrb.w	r2, [r3, #251]	@ 0xfb
200003d6:	2a02      	cmp	r2, #2
200003d8:	f000 8192 	beq.w	20000700 <dcd_rp2040_irq+0x368>
200003dc:	f893 213b 	ldrb.w	r2, [r3, #315]	@ 0x13b
200003e0:	2a02      	cmp	r2, #2
200003e2:	f000 8181 	beq.w	200006e8 <dcd_rp2040_irq+0x350>
200003e6:	f893 217b 	ldrb.w	r2, [r3, #379]	@ 0x17b
200003ea:	2a02      	cmp	r2, #2
200003ec:	f000 8171 	beq.w	200006d2 <dcd_rp2040_irq+0x33a>
200003f0:	f893 21bb 	ldrb.w	r2, [r3, #443]	@ 0x1bb
200003f4:	2a02      	cmp	r2, #2
200003f6:	f000 8161 	beq.w	200006bc <dcd_rp2040_irq+0x324>
200003fa:	f893 21fb 	ldrb.w	r2, [r3, #507]	@ 0x1fb
200003fe:	2a02      	cmp	r2, #2
20000400:	f000 8150 	beq.w	200006a4 <dcd_rp2040_irq+0x30c>
20000404:	f893 223b 	ldrb.w	r2, [r3, #571]	@ 0x23b
20000408:	2a02      	cmp	r2, #2
2000040a:	f000 813f 	beq.w	2000068c <dcd_rp2040_irq+0x2f4>
2000040e:	f893 227b 	ldrb.w	r2, [r3, #635]	@ 0x27b
20000412:	2a02      	cmp	r2, #2
20000414:	f000 811a 	beq.w	2000064c <dcd_rp2040_irq+0x2b4>
20000418:	f893 22bb 	ldrb.w	r2, [r3, #699]	@ 0x2bb
2000041c:	2a02      	cmp	r2, #2
2000041e:	f000 8109 	beq.w	20000634 <dcd_rp2040_irq+0x29c>
20000422:	f893 22fb 	ldrb.w	r2, [r3, #763]	@ 0x2fb
20000426:	2a02      	cmp	r2, #2
20000428:	f000 80f8 	beq.w	2000061c <dcd_rp2040_irq+0x284>
2000042c:	f893 233b 	ldrb.w	r2, [r3, #827]	@ 0x33b
20000430:	2a02      	cmp	r2, #2
20000432:	f000 80e7 	beq.w	20000604 <dcd_rp2040_irq+0x26c>
20000436:	f893 237b 	ldrb.w	r2, [r3, #891]	@ 0x37b
2000043a:	2a02      	cmp	r2, #2
2000043c:	f000 80b7 	beq.w	200005ae <dcd_rp2040_irq+0x216>
20000440:	f893 23bb 	ldrb.w	r2, [r3, #955]	@ 0x3bb
20000444:	2a02      	cmp	r2, #2
20000446:	f000 817c 	beq.w	20000742 <dcd_rp2040_irq+0x3aa>
2000044a:	f893 23fb 	ldrb.w	r2, [r3, #1019]	@ 0x3fb
2000044e:	2a02      	cmp	r2, #2
20000450:	f000 80c7 	beq.w	200005e2 <dcd_rp2040_irq+0x24a>
20000454:	b93d      	cbnz	r5, 20000466 <dcd_rp2040_irq+0xce>
20000456:	4b87      	ldr	r3, [pc, #540]	@ (20000674 <dcd_rp2040_irq+0x2dc>)
20000458:	781b      	ldrb	r3, [r3, #0]
2000045a:	b923      	cbnz	r3, 20000466 <dcd_rp2040_irq+0xce>
2000045c:	f44f 3200 	mov.w	r2, #131072	@ 0x20000
20000460:	4b85      	ldr	r3, [pc, #532]	@ (20000678 <dcd_rp2040_irq+0x2e0>)
20000462:	f8c3 2090 	str.w	r2, [r3, #144]	@ 0x90
20000466:	f44f 7240 	mov.w	r2, #768	@ 0x300
2000046a:	4b7e      	ldr	r3, [pc, #504]	@ (20000664 <dcd_rp2040_irq+0x2cc>)
2000046c:	2101      	movs	r1, #1
2000046e:	6c9b      	ldr	r3, [r3, #72]	@ 0x48
20000470:	a803      	add	r0, sp, #12
20000472:	f3c3 030a 	ubfx	r3, r3, #0, #11
20000476:	9304      	str	r3, [sp, #16]
20000478:	f8ad 200c 	strh.w	r2, [sp, #12]
2000047c:	f000 fb8c 	bl	20000b98 <dcd_event_handler>
20000480:	06e3      	lsls	r3, r4, #27
20000482:	f44f 3500 	mov.w	r5, #131072	@ 0x20000
20000486:	4e7d      	ldr	r6, [pc, #500]	@ (2000067c <dcd_rp2040_irq+0x2e4>)
20000488:	d507      	bpl.n	2000049a <dcd_rp2040_irq+0x102>
2000048a:	f7ff ff3f 	bl	2000030c <hw_handle_buff_status>
2000048e:	4635      	mov	r5, r6
20000490:	e003      	b.n	2000049a <dcd_rp2040_irq+0x102>
20000492:	06e3      	lsls	r3, r4, #27
20000494:	f04f 0610 	mov.w	r6, #16
20000498:	d4f7      	bmi.n	2000048a <dcd_rp2040_irq+0xf2>
2000049a:	03e0      	lsls	r0, r4, #15
2000049c:	d51d      	bpl.n	200004da <dcd_rp2040_irq+0x142>
2000049e:	4873      	ldr	r0, [pc, #460]	@ (2000066c <dcd_rp2040_irq+0x2d4>)
200004a0:	2602      	movs	r6, #2
200004a2:	7e83      	ldrb	r3, [r0, #26]
200004a4:	f445 3580 	orr.w	r5, r5, #65536	@ 0x10000
200004a8:	bb33      	cbnz	r3, 200004f8 <dcd_rp2040_irq+0x160>
200004aa:	f04f 0301 	mov.w	r3, #1
200004ae:	2e01      	cmp	r6, #1
200004b0:	70c3      	strb	r3, [r0, #3]
200004b2:	f100 0020 	add.w	r0, r0, #32
200004b6:	d11b      	bne.n	200004f0 <dcd_rp2040_irq+0x158>
200004b8:	f44f 62c0 	mov.w	r2, #1536	@ 0x600
200004bc:	4b70      	ldr	r3, [pc, #448]	@ (20000680 <dcd_rp2040_irq+0x2e8>)
200004be:	f8ad 200c 	strh.w	r2, [sp, #12]
200004c2:	e893 0003 	ldmia.w	r3, {r0, r1}
200004c6:	e9cd 0104 	strd	r0, r1, [sp, #16]
200004ca:	4631      	mov	r1, r6
200004cc:	a803      	add	r0, sp, #12
200004ce:	f000 fb63 	bl	20000b98 <dcd_event_handler>
200004d2:	f44f 3200 	mov.w	r2, #131072	@ 0x20000
200004d6:	4b68      	ldr	r3, [pc, #416]	@ (20000678 <dcd_rp2040_irq+0x2e0>)
200004d8:	651a      	str	r2, [r3, #80]	@ 0x50
200004da:	04e1      	lsls	r1, r4, #19
200004dc:	d43e      	bmi.n	2000055c <dcd_rp2040_irq+0x1c4>
200004de:	0462      	lsls	r2, r4, #17
200004e0:	d42e      	bmi.n	20000540 <dcd_rp2040_irq+0x1a8>
200004e2:	0423      	lsls	r3, r4, #16
200004e4:	d41d      	bmi.n	20000522 <dcd_rp2040_irq+0x18a>
200004e6:	42a5      	cmp	r5, r4
200004e8:	f040 81bb 	bne.w	20000862 <dcd_rp2040_irq+0x4ca>
200004ec:	b006      	add	sp, #24
200004ee:	bd70      	pop	{r4, r5, r6, pc}
200004f0:	7e83      	ldrb	r3, [r0, #26]
200004f2:	2601      	movs	r6, #1
200004f4:	2b00      	cmp	r3, #0
200004f6:	d0d8      	beq.n	200004aa <dcd_rp2040_irq+0x112>
200004f8:	4b62      	ldr	r3, [pc, #392]	@ (20000684 <dcd_rp2040_irq+0x2ec>)
200004fa:	4a5a      	ldr	r2, [pc, #360]	@ (20000664 <dcd_rp2040_irq+0x2cc>)
200004fc:	661e      	str	r6, [r3, #96]	@ 0x60
200004fe:	6e53      	ldr	r3, [r2, #100]	@ 0x64
20000500:	ea36 0303 	bics.w	r3, r6, r3
20000504:	d1fb      	bne.n	200004fe <dcd_rp2040_irq+0x166>
20000506:	f44f 5240 	mov.w	r2, #12288	@ 0x3000
2000050a:	2100      	movs	r1, #0
2000050c:	9001      	str	r0, [sp, #4]
2000050e:	f000 facf 	bl	20000ab0 <_hw_endpoint_buffer_control_update32>
20000512:	9801      	ldr	r0, [sp, #4]
20000514:	f000 fac6 	bl	20000aa4 <hw_endpoint_reset_transfer>
20000518:	4b57      	ldr	r3, [pc, #348]	@ (20000678 <dcd_rp2040_irq+0x2e0>)
2000051a:	9801      	ldr	r0, [sp, #4]
2000051c:	665e      	str	r6, [r3, #100]	@ 0x64
2000051e:	661e      	str	r6, [r3, #96]	@ 0x60
20000520:	e7c3      	b.n	200004aa <dcd_rp2040_irq+0x112>
20000522:	f44f 63a0 	mov.w	r3, #1280	@ 0x500
20000526:	2101      	movs	r1, #1
20000528:	a803      	add	r0, sp, #12
2000052a:	f8ad 300c 	strh.w	r3, [sp, #12]
2000052e:	f000 fb33 	bl	20000b98 <dcd_event_handler>
20000532:	f44f 6200 	mov.w	r2, #2048	@ 0x800
20000536:	4b50      	ldr	r3, [pc, #320]	@ (20000678 <dcd_rp2040_irq+0x2e0>)
20000538:	f445 4500 	orr.w	r5, r5, #32768	@ 0x8000
2000053c:	651a      	str	r2, [r3, #80]	@ 0x50
2000053e:	e7d2      	b.n	200004e6 <dcd_rp2040_irq+0x14e>
20000540:	f44f 6380 	mov.w	r3, #1024	@ 0x400
20000544:	2101      	movs	r1, #1
20000546:	a803      	add	r0, sp, #12
20000548:	f8ad 300c 	strh.w	r3, [sp, #12]
2000054c:	f000 fb24 	bl	20000b98 <dcd_event_handler>
20000550:	2210      	movs	r2, #16
20000552:	4b49      	ldr	r3, [pc, #292]	@ (20000678 <dcd_rp2040_irq+0x2e0>)
20000554:	f445 4580 	orr.w	r5, r5, #16384	@ 0x4000
20000558:	651a      	str	r2, [r3, #80]	@ 0x50
2000055a:	e7c2      	b.n	200004e2 <dcd_rp2040_irq+0x14a>
2000055c:	2600      	movs	r6, #0
2000055e:	4b41      	ldr	r3, [pc, #260]	@ (20000664 <dcd_rp2040_irq+0x2cc>)
20000560:	f445 5580 	orr.w	r5, r5, #4096	@ 0x1000
20000564:	601e      	str	r6, [r3, #0]
20000566:	f7ff fe9f 	bl	200002a8 <reset_non_control_endpoints>
2000056a:	f44f 7380 	mov.w	r3, #256	@ 0x100
2000056e:	2101      	movs	r1, #1
20000570:	a803      	add	r0, sp, #12
20000572:	f8ad 300c 	strh.w	r3, [sp, #12]
20000576:	f88d 6010 	strb.w	r6, [sp, #16]
2000057a:	f000 fb0d 	bl	20000b98 <dcd_event_handler>
2000057e:	f44f 2200 	mov.w	r2, #524288	@ 0x80000
20000582:	4b3d      	ldr	r3, [pc, #244]	@ (20000678 <dcd_rp2040_irq+0x2e0>)
20000584:	651a      	str	r2, [r3, #80]	@ 0x50
20000586:	e7aa      	b.n	200004de <dcd_rp2040_irq+0x146>
20000588:	f893 503a 	ldrb.w	r5, [r3, #58]	@ 0x3a
2000058c:	2d00      	cmp	r5, #0
2000058e:	f43f af16 	beq.w	200003be <dcd_rp2040_irq+0x26>
20000592:	f893 203c 	ldrb.w	r2, [r3, #60]	@ 0x3c
20000596:	2a00      	cmp	r2, #0
20000598:	f43f af11 	beq.w	200003be <dcd_rp2040_irq+0x26>
2000059c:	2200      	movs	r2, #0
2000059e:	f103 0020 	add.w	r0, r3, #32
200005a2:	f883 203c 	strb.w	r2, [r3, #60]	@ 0x3c
200005a6:	f000 faa7 	bl	20000af8 <hw_endpoint_start_next_buffer>
200005aa:	4b30      	ldr	r3, [pc, #192]	@ (2000066c <dcd_rp2040_irq+0x2d4>)
200005ac:	e707      	b.n	200003be <dcd_rp2040_irq+0x26>
200005ae:	f893 637a 	ldrb.w	r6, [r3, #890]	@ 0x37a
200005b2:	2e00      	cmp	r6, #0
200005b4:	f43f af44 	beq.w	20000440 <dcd_rp2040_irq+0xa8>
200005b8:	f893 237c 	ldrb.w	r2, [r3, #892]	@ 0x37c
200005bc:	2a00      	cmp	r2, #0
200005be:	f040 8140 	bne.w	20000842 <dcd_rp2040_irq+0x4aa>
200005c2:	f893 23bb 	ldrb.w	r2, [r3, #955]	@ 0x3bb
200005c6:	2a02      	cmp	r2, #2
200005c8:	f040 80c4 	bne.w	20000754 <dcd_rp2040_irq+0x3bc>
200005cc:	f893 23ba 	ldrb.w	r2, [r3, #954]	@ 0x3ba
200005d0:	2a00      	cmp	r2, #0
200005d2:	f040 80bb 	bne.w	2000074c <dcd_rp2040_irq+0x3b4>
200005d6:	f893 23fb 	ldrb.w	r2, [r3, #1019]	@ 0x3fb
200005da:	2a02      	cmp	r2, #2
200005dc:	f47f af43 	bne.w	20000466 <dcd_rp2040_irq+0xce>
200005e0:	4635      	mov	r5, r6
200005e2:	f893 23fa 	ldrb.w	r2, [r3, #1018]	@ 0x3fa
200005e6:	2a00      	cmp	r2, #0
200005e8:	f43f af34 	beq.w	20000454 <dcd_rp2040_irq+0xbc>
200005ec:	f893 23fc 	ldrb.w	r2, [r3, #1020]	@ 0x3fc
200005f0:	2a00      	cmp	r2, #0
200005f2:	f43f af38 	beq.w	20000466 <dcd_rp2040_irq+0xce>
200005f6:	2200      	movs	r2, #0
200005f8:	4823      	ldr	r0, [pc, #140]	@ (20000688 <dcd_rp2040_irq+0x2f0>)
200005fa:	f883 23fc 	strb.w	r2, [r3, #1020]	@ 0x3fc
200005fe:	f000 fa7b 	bl	20000af8 <hw_endpoint_start_next_buffer>
20000602:	e730      	b.n	20000466 <dcd_rp2040_irq+0xce>
20000604:	f893 633a 	ldrb.w	r6, [r3, #826]	@ 0x33a
20000608:	2e00      	cmp	r6, #0
2000060a:	f43f af14 	beq.w	20000436 <dcd_rp2040_irq+0x9e>
2000060e:	f893 233c 	ldrb.w	r2, [r3, #828]	@ 0x33c
20000612:	2a00      	cmp	r2, #0
20000614:	f040 80a9 	bne.w	2000076a <dcd_rp2040_irq+0x3d2>
20000618:	4635      	mov	r5, r6
2000061a:	e70c      	b.n	20000436 <dcd_rp2040_irq+0x9e>
2000061c:	f893 62fa 	ldrb.w	r6, [r3, #762]	@ 0x2fa
20000620:	2e00      	cmp	r6, #0
20000622:	f43f af03 	beq.w	2000042c <dcd_rp2040_irq+0x94>
20000626:	f893 22fc 	ldrb.w	r2, [r3, #764]	@ 0x2fc
2000062a:	2a00      	cmp	r2, #0
2000062c:	f040 80af 	bne.w	2000078e <dcd_rp2040_irq+0x3f6>
20000630:	4635      	mov	r5, r6
20000632:	e6fb      	b.n	2000042c <dcd_rp2040_irq+0x94>
20000634:	f893 62ba 	ldrb.w	r6, [r3, #698]	@ 0x2ba
20000638:	2e00      	cmp	r6, #0
2000063a:	f43f aef2 	beq.w	20000422 <dcd_rp2040_irq+0x8a>
2000063e:	f893 22bc 	ldrb.w	r2, [r3, #700]	@ 0x2bc
20000642:	2a00      	cmp	r2, #0
20000644:	f040 809a 	bne.w	2000077c <dcd_rp2040_irq+0x3e4>
20000648:	4635      	mov	r5, r6
2000064a:	e6ea      	b.n	20000422 <dcd_rp2040_irq+0x8a>
2000064c:	f893 627a 	ldrb.w	r6, [r3, #634]	@ 0x27a
20000650:	2e00      	cmp	r6, #0
20000652:	f43f aee1 	beq.w	20000418 <dcd_rp2040_irq+0x80>
20000656:	f893 227c 	ldrb.w	r2, [r3, #636]	@ 0x27c
2000065a:	2a00      	cmp	r2, #0
2000065c:	f040 80cd 	bne.w	200007fa <dcd_rp2040_irq+0x462>
20000660:	4635      	mov	r5, r6
20000662:	e6d9      	b.n	20000418 <dcd_rp2040_irq+0x80>
20000664:	50110000 	.word	0x50110000
20000668:	400b0000 	.word	0x400b0000
2000066c:	200018e8 	.word	0x200018e8
20000670:	200018e0 	.word	0x200018e0
20000674:	20001d4e 	.word	0x20001d4e
20000678:	50113000 	.word	0x50113000
2000067c:	00020010 	.word	0x00020010
20000680:	50100000 	.word	0x50100000
20000684:	50112000 	.word	0x50112000
20000688:	20001cc8 	.word	0x20001cc8
2000068c:	f893 623a 	ldrb.w	r6, [r3, #570]	@ 0x23a
20000690:	2e00      	cmp	r6, #0
20000692:	f43f aebc 	beq.w	2000040e <dcd_rp2040_irq+0x76>
20000696:	f893 223c 	ldrb.w	r2, [r3, #572]	@ 0x23c
2000069a:	2a00      	cmp	r2, #0
2000069c:	f040 80a4 	bne.w	200007e8 <dcd_rp2040_irq+0x450>
200006a0:	4635      	mov	r5, r6
200006a2:	e6b4      	b.n	2000040e <dcd_rp2040_irq+0x76>
200006a4:	f893 61fa 	ldrb.w	r6, [r3, #506]	@ 0x1fa
200006a8:	2e00      	cmp	r6, #0
200006aa:	f43f aeab 	beq.w	20000404 <dcd_rp2040_irq+0x6c>
200006ae:	f893 21fc 	ldrb.w	r2, [r3, #508]	@ 0x1fc
200006b2:	2a00      	cmp	r2, #0
200006b4:	f040 808f 	bne.w	200007d6 <dcd_rp2040_irq+0x43e>
200006b8:	4635      	mov	r5, r6
200006ba:	e6a3      	b.n	20000404 <dcd_rp2040_irq+0x6c>
200006bc:	f893 61ba 	ldrb.w	r6, [r3, #442]	@ 0x1ba
200006c0:	2e00      	cmp	r6, #0
200006c2:	f43f ae9a 	beq.w	200003fa <dcd_rp2040_irq+0x62>
200006c6:	f893 21bc 	ldrb.w	r2, [r3, #444]	@ 0x1bc
200006ca:	2a00      	cmp	r2, #0
200006cc:	d17a      	bne.n	200007c4 <dcd_rp2040_irq+0x42c>
200006ce:	4635      	mov	r5, r6
200006d0:	e693      	b.n	200003fa <dcd_rp2040_irq+0x62>
200006d2:	f893 617a 	ldrb.w	r6, [r3, #378]	@ 0x17a
200006d6:	2e00      	cmp	r6, #0
200006d8:	f43f ae8a 	beq.w	200003f0 <dcd_rp2040_irq+0x58>
200006dc:	f893 217c 	ldrb.w	r2, [r3, #380]	@ 0x17c
200006e0:	2a00      	cmp	r2, #0
200006e2:	d166      	bne.n	200007b2 <dcd_rp2040_irq+0x41a>
200006e4:	4635      	mov	r5, r6
200006e6:	e683      	b.n	200003f0 <dcd_rp2040_irq+0x58>
200006e8:	f893 613a 	ldrb.w	r6, [r3, #314]	@ 0x13a
200006ec:	2e00      	cmp	r6, #0
200006ee:	f43f ae7a 	beq.w	200003e6 <dcd_rp2040_irq+0x4e>
200006f2:	f893 213c 	ldrb.w	r2, [r3, #316]	@ 0x13c
200006f6:	2a00      	cmp	r2, #0
200006f8:	f040 8091 	bne.w	2000081e <dcd_rp2040_irq+0x486>
200006fc:	4635      	mov	r5, r6
200006fe:	e672      	b.n	200003e6 <dcd_rp2040_irq+0x4e>
20000700:	f893 60fa 	ldrb.w	r6, [r3, #250]	@ 0xfa
20000704:	2e00      	cmp	r6, #0
20000706:	f43f ae69 	beq.w	200003dc <dcd_rp2040_irq+0x44>
2000070a:	f893 20fc 	ldrb.w	r2, [r3, #252]	@ 0xfc
2000070e:	2a00      	cmp	r2, #0
20000710:	d17c      	bne.n	2000080c <dcd_rp2040_irq+0x474>
20000712:	4635      	mov	r5, r6
20000714:	e662      	b.n	200003dc <dcd_rp2040_irq+0x44>
20000716:	f893 60ba 	ldrb.w	r6, [r3, #186]	@ 0xba
2000071a:	2e00      	cmp	r6, #0
2000071c:	f43f ae59 	beq.w	200003d2 <dcd_rp2040_irq+0x3a>
20000720:	f893 20bc 	ldrb.w	r2, [r3, #188]	@ 0xbc
20000724:	2a00      	cmp	r2, #0
20000726:	d13b      	bne.n	200007a0 <dcd_rp2040_irq+0x408>
20000728:	4635      	mov	r5, r6
2000072a:	e652      	b.n	200003d2 <dcd_rp2040_irq+0x3a>
2000072c:	f893 607a 	ldrb.w	r6, [r3, #122]	@ 0x7a
20000730:	2e00      	cmp	r6, #0
20000732:	f43f ae49 	beq.w	200003c8 <dcd_rp2040_irq+0x30>
20000736:	f893 207c 	ldrb.w	r2, [r3, #124]	@ 0x7c
2000073a:	2a00      	cmp	r2, #0
2000073c:	d178      	bne.n	20000830 <dcd_rp2040_irq+0x498>
2000073e:	4635      	mov	r5, r6
20000740:	e642      	b.n	200003c8 <dcd_rp2040_irq+0x30>
20000742:	f893 23ba 	ldrb.w	r2, [r3, #954]	@ 0x3ba
20000746:	2a00      	cmp	r2, #0
20000748:	f43f ae7f 	beq.w	2000044a <dcd_rp2040_irq+0xb2>
2000074c:	f893 23bc 	ldrb.w	r2, [r3, #956]	@ 0x3bc
20000750:	2a00      	cmp	r2, #0
20000752:	d17e      	bne.n	20000852 <dcd_rp2040_irq+0x4ba>
20000754:	f893 23fb 	ldrb.w	r2, [r3, #1019]	@ 0x3fb
20000758:	2a02      	cmp	r2, #2
2000075a:	f47f ae84 	bne.w	20000466 <dcd_rp2040_irq+0xce>
2000075e:	f893 23fa 	ldrb.w	r2, [r3, #1018]	@ 0x3fa
20000762:	2a00      	cmp	r2, #0
20000764:	f43f ae7f 	beq.w	20000466 <dcd_rp2040_irq+0xce>
20000768:	e740      	b.n	200005ec <dcd_rp2040_irq+0x254>
2000076a:	2200      	movs	r2, #0
2000076c:	483f      	ldr	r0, [pc, #252]	@ (2000086c <dcd_rp2040_irq+0x4d4>)
2000076e:	f883 233c 	strb.w	r2, [r3, #828]	@ 0x33c
20000772:	4635      	mov	r5, r6
20000774:	f000 f9c0 	bl	20000af8 <hw_endpoint_start_next_buffer>
20000778:	4b3d      	ldr	r3, [pc, #244]	@ (20000870 <dcd_rp2040_irq+0x4d8>)
2000077a:	e65c      	b.n	20000436 <dcd_rp2040_irq+0x9e>
2000077c:	2200      	movs	r2, #0
2000077e:	483d      	ldr	r0, [pc, #244]	@ (20000874 <dcd_rp2040_irq+0x4dc>)
20000780:	f883 22bc 	strb.w	r2, [r3, #700]	@ 0x2bc
20000784:	4635      	mov	r5, r6
20000786:	f000 f9b7 	bl	20000af8 <hw_endpoint_start_next_buffer>
2000078a:	4b39      	ldr	r3, [pc, #228]	@ (20000870 <dcd_rp2040_irq+0x4d8>)
2000078c:	e649      	b.n	20000422 <dcd_rp2040_irq+0x8a>
2000078e:	2200      	movs	r2, #0
20000790:	4839      	ldr	r0, [pc, #228]	@ (20000878 <dcd_rp2040_irq+0x4e0>)
20000792:	f883 22fc 	strb.w	r2, [r3, #764]	@ 0x2fc
20000796:	4635      	mov	r5, r6
20000798:	f000 f9ae 	bl	20000af8 <hw_endpoint_start_next_buffer>
2000079c:	4b34      	ldr	r3, [pc, #208]	@ (20000870 <dcd_rp2040_irq+0x4d8>)
2000079e:	e645      	b.n	2000042c <dcd_rp2040_irq+0x94>
200007a0:	2200      	movs	r2, #0
200007a2:	4836      	ldr	r0, [pc, #216]	@ (2000087c <dcd_rp2040_irq+0x4e4>)
200007a4:	f883 20bc 	strb.w	r2, [r3, #188]	@ 0xbc
200007a8:	4635      	mov	r5, r6
200007aa:	f000 f9a5 	bl	20000af8 <hw_endpoint_start_next_buffer>
200007ae:	4b30      	ldr	r3, [pc, #192]	@ (20000870 <dcd_rp2040_irq+0x4d8>)
200007b0:	e60f      	b.n	200003d2 <dcd_rp2040_irq+0x3a>
200007b2:	2200      	movs	r2, #0
200007b4:	4832      	ldr	r0, [pc, #200]	@ (20000880 <dcd_rp2040_irq+0x4e8>)
200007b6:	f883 217c 	strb.w	r2, [r3, #380]	@ 0x17c
200007ba:	4635      	mov	r5, r6
200007bc:	f000 f99c 	bl	20000af8 <hw_endpoint_start_next_buffer>
200007c0:	4b2b      	ldr	r3, [pc, #172]	@ (20000870 <dcd_rp2040_irq+0x4d8>)
200007c2:	e615      	b.n	200003f0 <dcd_rp2040_irq+0x58>
200007c4:	2200      	movs	r2, #0
200007c6:	482f      	ldr	r0, [pc, #188]	@ (20000884 <dcd_rp2040_irq+0x4ec>)
200007c8:	f883 21bc 	strb.w	r2, [r3, #444]	@ 0x1bc
200007cc:	4635      	mov	r5, r6
200007ce:	f000 f993 	bl	20000af8 <hw_endpoint_start_next_buffer>
200007d2:	4b27      	ldr	r3, [pc, #156]	@ (20000870 <dcd_rp2040_irq+0x4d8>)
200007d4:	e611      	b.n	200003fa <dcd_rp2040_irq+0x62>
200007d6:	2200      	movs	r2, #0
200007d8:	482b      	ldr	r0, [pc, #172]	@ (20000888 <dcd_rp2040_irq+0x4f0>)
200007da:	f883 21fc 	strb.w	r2, [r3, #508]	@ 0x1fc
200007de:	4635      	mov	r5, r6
200007e0:	f000 f98a 	bl	20000af8 <hw_endpoint_start_next_buffer>
200007e4:	4b22      	ldr	r3, [pc, #136]	@ (20000870 <dcd_rp2040_irq+0x4d8>)
200007e6:	e60d      	b.n	20000404 <dcd_rp2040_irq+0x6c>
200007e8:	2200      	movs	r2, #0
200007ea:	4828      	ldr	r0, [pc, #160]	@ (2000088c <dcd_rp2040_irq+0x4f4>)
200007ec:	f883 223c 	strb.w	r2, [r3, #572]	@ 0x23c
200007f0:	4635      	mov	r5, r6
200007f2:	f000 f981 	bl	20000af8 <hw_endpoint_start_next_buffer>
200007f6:	4b1e      	ldr	r3, [pc, #120]	@ (20000870 <dcd_rp2040_irq+0x4d8>)
200007f8:	e609      	b.n	2000040e <dcd_rp2040_irq+0x76>
200007fa:	2200      	movs	r2, #0
200007fc:	4824      	ldr	r0, [pc, #144]	@ (20000890 <dcd_rp2040_irq+0x4f8>)
200007fe:	f883 227c 	strb.w	r2, [r3, #636]	@ 0x27c
20000802:	4635      	mov	r5, r6
20000804:	f000 f978 	bl	20000af8 <hw_endpoint_start_next_buffer>
20000808:	4b19      	ldr	r3, [pc, #100]	@ (20000870 <dcd_rp2040_irq+0x4d8>)
2000080a:	e605      	b.n	20000418 <dcd_rp2040_irq+0x80>
2000080c:	2200      	movs	r2, #0
2000080e:	4821      	ldr	r0, [pc, #132]	@ (20000894 <dcd_rp2040_irq+0x4fc>)
20000810:	f883 20fc 	strb.w	r2, [r3, #252]	@ 0xfc
20000814:	4635      	mov	r5, r6
20000816:	f000 f96f 	bl	20000af8 <hw_endpoint_start_next_buffer>
2000081a:	4b15      	ldr	r3, [pc, #84]	@ (20000870 <dcd_rp2040_irq+0x4d8>)
2000081c:	e5de      	b.n	200003dc <dcd_rp2040_irq+0x44>
2000081e:	2200      	movs	r2, #0
20000820:	481d      	ldr	r0, [pc, #116]	@ (20000898 <dcd_rp2040_irq+0x500>)
20000822:	f883 213c 	strb.w	r2, [r3, #316]	@ 0x13c
20000826:	4635      	mov	r5, r6
20000828:	f000 f966 	bl	20000af8 <hw_endpoint_start_next_buffer>
2000082c:	4b10      	ldr	r3, [pc, #64]	@ (20000870 <dcd_rp2040_irq+0x4d8>)
2000082e:	e5da      	b.n	200003e6 <dcd_rp2040_irq+0x4e>
20000830:	2200      	movs	r2, #0
20000832:	481a      	ldr	r0, [pc, #104]	@ (2000089c <dcd_rp2040_irq+0x504>)
20000834:	f883 207c 	strb.w	r2, [r3, #124]	@ 0x7c
20000838:	4635      	mov	r5, r6
2000083a:	f000 f95d 	bl	20000af8 <hw_endpoint_start_next_buffer>
2000083e:	4b0c      	ldr	r3, [pc, #48]	@ (20000870 <dcd_rp2040_irq+0x4d8>)
20000840:	e5c2      	b.n	200003c8 <dcd_rp2040_irq+0x30>
20000842:	2200      	movs	r2, #0
20000844:	4816      	ldr	r0, [pc, #88]	@ (200008a0 <dcd_rp2040_irq+0x508>)
20000846:	f883 237c 	strb.w	r2, [r3, #892]	@ 0x37c
2000084a:	f000 f955 	bl	20000af8 <hw_endpoint_start_next_buffer>
2000084e:	4b08      	ldr	r3, [pc, #32]	@ (20000870 <dcd_rp2040_irq+0x4d8>)
20000850:	e6b7      	b.n	200005c2 <dcd_rp2040_irq+0x22a>
20000852:	2200      	movs	r2, #0
20000854:	4813      	ldr	r0, [pc, #76]	@ (200008a4 <dcd_rp2040_irq+0x50c>)
20000856:	f883 23bc 	strb.w	r2, [r3, #956]	@ 0x3bc
2000085a:	f000 f94d 	bl	20000af8 <hw_endpoint_start_next_buffer>
2000085e:	4b04      	ldr	r3, [pc, #16]	@ (20000870 <dcd_rp2040_irq+0x4d8>)
20000860:	e778      	b.n	20000754 <dcd_rp2040_irq+0x3bc>
20000862:	4811      	ldr	r0, [pc, #68]	@ (200008a8 <dcd_rp2040_irq+0x510>)
20000864:	ea85 0104 	eor.w	r1, r5, r4
20000868:	f000 fd62 	bl	20001330 <__panic_veneer>
2000086c:	20001c08 	.word	0x20001c08
20000870:	200018e8 	.word	0x200018e8
20000874:	20001b88 	.word	0x20001b88
20000878:	20001bc8 	.word	0x20001bc8
2000087c:	20001988 	.word	0x20001988
20000880:	20001a48 	.word	0x20001a48
20000884:	20001a88 	.word	0x20001a88
20000888:	20001ac8 	.word	0x20001ac8
2000088c:	20001b08 	.word	0x20001b08
20000890:	20001b48 	.word	0x20001b48
20000894:	200019c8 	.word	0x200019c8
20000898:	20001a08 	.word	0x20001a08
2000089c:	20001948 	.word	0x20001948
200008a0:	20001c48 	.word	0x20001c48
200008a4:	20001c88 	.word	0x20001c88
200008a8:	10007794 	.word	0x10007794

200008ac <prepare_ep_buffer>:
200008ac:	e92d 43f0 	stmdb	sp!, {r4, r5, r6, r7, r8, r9, lr}
200008b0:	8a82      	ldrh	r2, [r0, #20]
200008b2:	f8b0 e018 	ldrh.w	lr, [r0, #24]
200008b6:	4603      	mov	r3, r0
200008b8:	4596      	cmp	lr, r2
200008ba:	78c0      	ldrb	r0, [r0, #3]
200008bc:	bf28      	it	cs
200008be:	4696      	movcs	lr, r2
200008c0:	1e04      	subs	r4, r0, #0
200008c2:	bf18      	it	ne
200008c4:	2401      	movne	r4, #1
200008c6:	f080 0001 	eor.w	r0, r0, #1
200008ca:	460d      	mov	r5, r1
200008cc:	eba2 020e 	sub.w	r2, r2, lr
200008d0:	7859      	ldrb	r1, [r3, #1]
200008d2:	70d8      	strb	r0, [r3, #3]
200008d4:	b292      	uxth	r2, r2
200008d6:	f44e 6080 	orr.w	r0, lr, #1024	@ 0x400
200008da:	829a      	strh	r2, [r3, #20]
200008dc:	ea40 3044 	orr.w	r0, r0, r4, lsl #13
200008e0:	bba1      	cbnz	r1, 2000094c <prepare_ep_buffer+0xa0>
200008e2:	6919      	ldr	r1, [r3, #16]
200008e4:	f1be 0f00 	cmp.w	lr, #0
200008e8:	d02c      	beq.n	20000944 <prepare_ep_buffer+0x98>
200008ea:	f10e 34ff 	add.w	r4, lr, #4294967295	@ 0xffffffff
200008ee:	68da      	ldr	r2, [r3, #12]
200008f0:	2c05      	cmp	r4, #5
200008f2:	46a1      	mov	r9, r4
200008f4:	eb02 1885 	add.w	r8, r2, r5, lsl #6
200008f8:	d92f      	bls.n	2000095a <prepare_ep_buffer+0xae>
200008fa:	eba8 0401 	sub.w	r4, r8, r1
200008fe:	3c01      	subs	r4, #1
20000900:	2c02      	cmp	r4, #2
20000902:	46c4      	mov	ip, r8
20000904:	460a      	mov	r2, r1
20000906:	d928      	bls.n	2000095a <prepare_ep_buffer+0xae>
20000908:	ea4f 079e 	mov.w	r7, lr, lsr #2
2000090c:	eb01 0687 	add.w	r6, r1, r7, lsl #2
20000910:	f852 4b04 	ldr.w	r4, [r2], #4
20000914:	4296      	cmp	r6, r2
20000916:	f84c 4b04 	str.w	r4, [ip], #4
2000091a:	d1f9      	bne.n	20000910 <prepare_ep_buffer+0x64>
2000091c:	ebbe 0f87 	cmp.w	lr, r7, lsl #2
20000920:	d00e      	beq.n	20000940 <prepare_ep_buffer+0x94>
20000922:	f811 2027 	ldrb.w	r2, [r1, r7, lsl #2]
20000926:	ebb9 0187 	subs.w	r1, r9, r7, lsl #2
2000092a:	f808 2027 	strb.w	r2, [r8, r7, lsl #2]
2000092e:	eb08 0287 	add.w	r2, r8, r7, lsl #2
20000932:	d005      	beq.n	20000940 <prepare_ep_buffer+0x94>
20000934:	7874      	ldrb	r4, [r6, #1]
20000936:	2901      	cmp	r1, #1
20000938:	7054      	strb	r4, [r2, #1]
2000093a:	d001      	beq.n	20000940 <prepare_ep_buffer+0x94>
2000093c:	78b1      	ldrb	r1, [r6, #2]
2000093e:	7091      	strb	r1, [r2, #2]
20000940:	6919      	ldr	r1, [r3, #16]
20000942:	8a9a      	ldrh	r2, [r3, #20]
20000944:	4471      	add	r1, lr
20000946:	6119      	str	r1, [r3, #16]
20000948:	f440 4000 	orr.w	r0, r0, #32768	@ 0x8000
2000094c:	b90a      	cbnz	r2, 20000952 <prepare_ep_buffer+0xa6>
2000094e:	f440 4080 	orr.w	r0, r0, #16384	@ 0x4000
20000952:	b105      	cbz	r5, 20000956 <prepare_ep_buffer+0xaa>
20000954:	0400      	lsls	r0, r0, #16
20000956:	e8bd 83f0 	ldmia.w	sp!, {r4, r5, r6, r7, r8, r9, pc}
2000095a:	f108 32ff 	add.w	r2, r8, #4294967295	@ 0xffffffff
2000095e:	eb01 060e 	add.w	r6, r1, lr
20000962:	f811 4b01 	ldrb.w	r4, [r1], #1
20000966:	42b1      	cmp	r1, r6
20000968:	f802 4f01 	strb.w	r4, [r2, #1]!
2000096c:	d1f9      	bne.n	20000962 <prepare_ep_buffer+0xb6>
2000096e:	e7e7      	b.n	20000940 <prepare_ep_buffer+0x94>

20000970 <sync_ep_buffer>:
20000970:	6883      	ldr	r3, [r0, #8]
20000972:	e92d 41f0 	stmdb	sp!, {r4, r5, r6, r7, r8, lr}
20000976:	4605      	mov	r5, r0
20000978:	6818      	ldr	r0, [r3, #0]
2000097a:	b101      	cbz	r1, 2000097e <sync_ep_buffer+0xe>
2000097c:	0c00      	lsrs	r0, r0, #16
2000097e:	786a      	ldrb	r2, [r5, #1]
20000980:	f3c0 0009 	ubfx	r0, r0, #0, #10
20000984:	b94a      	cbnz	r2, 2000099a <sync_ep_buffer+0x2a>
20000986:	8aeb      	ldrh	r3, [r5, #22]
20000988:	4403      	add	r3, r0
2000098a:	82eb      	strh	r3, [r5, #22]
2000098c:	8b2b      	ldrh	r3, [r5, #24]
2000098e:	4283      	cmp	r3, r0
20000990:	bf84      	itt	hi
20000992:	2300      	movhi	r3, #0
20000994:	82ab      	strhhi	r3, [r5, #20]
20000996:	e8bd 81f0 	ldmia.w	sp!, {r4, r5, r6, r7, r8, pc}
2000099a:	f8d5 c010 	ldr.w	ip, [r5, #16]
2000099e:	b388      	cbz	r0, 20000a04 <sync_ep_buffer+0x94>
200009a0:	1e42      	subs	r2, r0, #1
200009a2:	68eb      	ldr	r3, [r5, #12]
200009a4:	2a05      	cmp	r2, #5
200009a6:	4616      	mov	r6, r2
200009a8:	eb03 1e81 	add.w	lr, r3, r1, lsl #6
200009ac:	d931      	bls.n	20000a12 <sync_ep_buffer+0xa2>
200009ae:	0189      	lsls	r1, r1, #6
200009b0:	1c4c      	adds	r4, r1, #1
200009b2:	441c      	add	r4, r3
200009b4:	ebac 0404 	sub.w	r4, ip, r4
200009b8:	2c02      	cmp	r4, #2
200009ba:	4662      	mov	r2, ip
200009bc:	d929      	bls.n	20000a12 <sync_ep_buffer+0xa2>
200009be:	f400 717f 	and.w	r1, r0, #1020	@ 0x3fc
200009c2:	4673      	mov	r3, lr
200009c4:	460f      	mov	r7, r1
200009c6:	ea4f 0890 	mov.w	r8, r0, lsr #2
200009ca:	185c      	adds	r4, r3, r1
200009cc:	f853 1b04 	ldr.w	r1, [r3], #4
200009d0:	42a3      	cmp	r3, r4
200009d2:	f842 1b04 	str.w	r1, [r2], #4
200009d6:	d1f9      	bne.n	200009cc <sync_ep_buffer+0x5c>
200009d8:	42b8      	cmp	r0, r7
200009da:	d011      	beq.n	20000a00 <sync_ep_buffer+0x90>
200009dc:	f81e 3028 	ldrb.w	r3, [lr, r8, lsl #2]
200009e0:	44be      	add	lr, r7
200009e2:	f80c 3028 	strb.w	r3, [ip, r8, lsl #2]
200009e6:	1bf3      	subs	r3, r6, r7
200009e8:	44bc      	add	ip, r7
200009ea:	d009      	beq.n	20000a00 <sync_ep_buffer+0x90>
200009ec:	f89e 2001 	ldrb.w	r2, [lr, #1]
200009f0:	2b01      	cmp	r3, #1
200009f2:	f88c 2001 	strb.w	r2, [ip, #1]
200009f6:	d003      	beq.n	20000a00 <sync_ep_buffer+0x90>
200009f8:	f89e 3002 	ldrb.w	r3, [lr, #2]
200009fc:	f88c 3002 	strb.w	r3, [ip, #2]
20000a00:	f8d5 c010 	ldr.w	ip, [r5, #16]
20000a04:	8aea      	ldrh	r2, [r5, #22]
20000a06:	eb0c 0300 	add.w	r3, ip, r0
20000a0a:	4402      	add	r2, r0
20000a0c:	82ea      	strh	r2, [r5, #22]
20000a0e:	612b      	str	r3, [r5, #16]
20000a10:	e7bc      	b.n	2000098c <sync_ep_buffer+0x1c>
20000a12:	f10c 3cff 	add.w	ip, ip, #4294967295	@ 0xffffffff
20000a16:	eb0e 0200 	add.w	r2, lr, r0
20000a1a:	f81e 3b01 	ldrb.w	r3, [lr], #1
20000a1e:	4572      	cmp	r2, lr
20000a20:	f80c 3f01 	strb.w	r3, [ip, #1]!
20000a24:	d1f9      	bne.n	20000a1a <sync_ep_buffer+0xaa>
20000a26:	e7eb      	b.n	20000a00 <sync_ep_buffer+0x90>

20000a28 <_hw_endpoint_xfer_sync>:
20000a28:	b510      	push	{r4, lr}
20000a2a:	4604      	mov	r4, r0
20000a2c:	6883      	ldr	r3, [r0, #8]
20000a2e:	2100      	movs	r1, #0
20000a30:	681b      	ldr	r3, [r3, #0]
20000a32:	f7ff ff9d 	bl	20000970 <sync_ep_buffer>
20000a36:	6863      	ldr	r3, [r4, #4]
20000a38:	681b      	ldr	r3, [r3, #0]
20000a3a:	005b      	lsls	r3, r3, #1
20000a3c:	d502      	bpl.n	20000a44 <_hw_endpoint_xfer_sync+0x1c>
20000a3e:	8b23      	ldrh	r3, [r4, #24]
20000a40:	4283      	cmp	r3, r0
20000a42:	d000      	beq.n	20000a46 <_hw_endpoint_xfer_sync+0x1e>
20000a44:	bd10      	pop	{r4, pc}
20000a46:	4620      	mov	r0, r4
20000a48:	e8bd 4010 	ldmia.w	sp!, {r4, lr}
20000a4c:	2101      	movs	r1, #1
20000a4e:	f7ff bf8f 	b.w	20000970 <sync_ep_buffer>
20000a52:	bf00      	nop

20000a54 <e15_is_bulkin_ep>:
20000a54:	4b08      	ldr	r3, [pc, #32]	@ (20000a78 <e15_is_bulkin_ep+0x24>)
20000a56:	6c1b      	ldr	r3, [r3, #64]	@ 0x40
20000a58:	f013 0302 	ands.w	r3, r3, #2
20000a5c:	d102      	bne.n	20000a64 <e15_is_bulkin_ep+0x10>
20000a5e:	7882      	ldrb	r2, [r0, #2]
20000a60:	09d2      	lsrs	r2, r2, #7
20000a62:	d101      	bne.n	20000a68 <e15_is_bulkin_ep+0x14>
20000a64:	2000      	movs	r0, #0
20000a66:	4770      	bx	lr
20000a68:	7ec0      	ldrb	r0, [r0, #27]
20000a6a:	f1a0 0002 	sub.w	r0, r0, #2
20000a6e:	fab0 f080 	clz	r0, r0
20000a72:	0940      	lsrs	r0, r0, #5
20000a74:	4770      	bx	lr
20000a76:	bf00      	nop
20000a78:	50110000 	.word	0x50110000

20000a7c <e15_is_critical_frame_period>:
20000a7c:	b508      	push	{r3, lr}
20000a7e:	f7ff ffe9 	bl	20000a54 <e15_is_bulkin_ep>
20000a82:	b150      	cbz	r0, 20000a9a <e15_is_critical_frame_period+0x1e>
20000a84:	4a05      	ldr	r2, [pc, #20]	@ (20000a9c <e15_is_critical_frame_period+0x20>)
20000a86:	4b06      	ldr	r3, [pc, #24]	@ (20000aa0 <e15_is_critical_frame_period+0x24>)
20000a88:	6a90      	ldr	r0, [r2, #40]	@ 0x28
20000a8a:	681b      	ldr	r3, [r3, #0]
20000a8c:	f5a0 7048 	sub.w	r0, r0, #800	@ 0x320
20000a90:	1ac0      	subs	r0, r0, r3
20000a92:	28c6      	cmp	r0, #198	@ 0xc6
20000a94:	bf8c      	ite	hi
20000a96:	2000      	movhi	r0, #0
20000a98:	2001      	movls	r0, #1
20000a9a:	bd08      	pop	{r3, pc}
20000a9c:	400b0000 	.word	0x400b0000
20000aa0:	200018e0 	.word	0x200018e0

20000aa4 <hw_endpoint_reset_transfer>:
20000aa4:	2300      	movs	r3, #0
20000aa6:	e9c0 3304 	strd	r3, r3, [r0, #16]
20000aaa:	7683      	strb	r3, [r0, #26]
20000aac:	4770      	bx	lr
20000aae:	bf00      	nop

20000ab0 <_hw_endpoint_buffer_control_update32>:
20000ab0:	b508      	push	{r3, lr}
20000ab2:	6883      	ldr	r3, [r0, #8]
20000ab4:	b119      	cbz	r1, 20000abe <_hw_endpoint_buffer_control_update32+0xe>
20000ab6:	f8d3 c000 	ldr.w	ip, [r3]
20000aba:	ea01 010c 	and.w	r1, r1, ip
20000abe:	b18a      	cbz	r2, 20000ae4 <_hw_endpoint_buffer_control_update32+0x34>
20000ac0:	4311      	orrs	r1, r2
20000ac2:	0552      	lsls	r2, r2, #21
20000ac4:	d50e      	bpl.n	20000ae4 <_hw_endpoint_buffer_control_update32+0x34>
20000ac6:	681a      	ldr	r2, [r3, #0]
20000ac8:	0552      	lsls	r2, r2, #21
20000aca:	d40d      	bmi.n	20000ae8 <_hw_endpoint_buffer_control_update32+0x38>
20000acc:	4a08      	ldr	r2, [pc, #32]	@ (20000af0 <_hw_endpoint_buffer_control_update32+0x40>)
20000ace:	f421 6c80 	bic.w	ip, r1, #1024	@ 0x400
20000ad2:	f8c3 c000 	str.w	ip, [r3]
20000ad6:	6c12      	ldr	r2, [r2, #64]	@ 0x40
20000ad8:	0792      	lsls	r2, r2, #30
20000ada:	d403      	bmi.n	20000ae4 <_hw_endpoint_buffer_control_update32+0x34>
20000adc:	230c      	movs	r3, #12
20000ade:	3b03      	subs	r3, #3
20000ae0:	d2fd      	bcs.n	20000ade <_hw_endpoint_buffer_control_update32+0x2e>
20000ae2:	6883      	ldr	r3, [r0, #8]
20000ae4:	6019      	str	r1, [r3, #0]
20000ae6:	bd08      	pop	{r3, pc}
20000ae8:	7881      	ldrb	r1, [r0, #2]
20000aea:	4802      	ldr	r0, [pc, #8]	@ (20000af4 <_hw_endpoint_buffer_control_update32+0x44>)
20000aec:	f000 fc20 	bl	20001330 <__panic_veneer>
20000af0:	50110000 	.word	0x50110000
20000af4:	100077a8 	.word	0x100077a8

20000af8 <hw_endpoint_start_next_buffer>:
20000af8:	b530      	push	{r4, r5, lr}
20000afa:	6843      	ldr	r3, [r0, #4]
20000afc:	2100      	movs	r1, #0
20000afe:	b083      	sub	sp, #12
20000b00:	4605      	mov	r5, r0
20000b02:	681c      	ldr	r4, [r3, #0]
20000b04:	f7ff fed2 	bl	200008ac <prepare_ep_buffer>
20000b08:	4b13      	ldr	r3, [pc, #76]	@ (20000b58 <hw_endpoint_start_next_buffer+0x60>)
20000b0a:	f440 5280 	orr.w	r2, r0, #4096	@ 0x1000
20000b0e:	6c19      	ldr	r1, [r3, #64]	@ 0x40
20000b10:	78ab      	ldrb	r3, [r5, #2]
20000b12:	0789      	lsls	r1, r1, #30
20000b14:	d50e      	bpl.n	20000b34 <hw_endpoint_start_next_buffer+0x3c>
20000b16:	065b      	lsls	r3, r3, #25
20000b18:	d00e      	beq.n	20000b38 <hw_endpoint_start_next_buffer+0x40>
20000b1a:	f024 44a0 	bic.w	r4, r4, #1342177280	@ 0x50000000
20000b1e:	f044 5400 	orr.w	r4, r4, #536870912	@ 0x20000000
20000b22:	2100      	movs	r1, #0
20000b24:	4628      	mov	r0, r5
20000b26:	686b      	ldr	r3, [r5, #4]
20000b28:	601c      	str	r4, [r3, #0]
20000b2a:	b003      	add	sp, #12
20000b2c:	e8bd 4030 	ldmia.w	sp!, {r4, r5, lr}
20000b30:	f7ff bfbe 	b.w	20000ab0 <_hw_endpoint_buffer_control_update32>
20000b34:	09db      	lsrs	r3, r3, #7
20000b36:	d0f0      	beq.n	20000b1a <hw_endpoint_start_next_buffer+0x22>
20000b38:	8aab      	ldrh	r3, [r5, #20]
20000b3a:	2b00      	cmp	r3, #0
20000b3c:	d0ed      	beq.n	20000b1a <hw_endpoint_start_next_buffer+0x22>
20000b3e:	2101      	movs	r1, #1
20000b40:	4628      	mov	r0, r5
20000b42:	9201      	str	r2, [sp, #4]
20000b44:	f7ff feb2 	bl	200008ac <prepare_ep_buffer>
20000b48:	9a01      	ldr	r2, [sp, #4]
20000b4a:	f024 5400 	bic.w	r4, r4, #536870912	@ 0x20000000
20000b4e:	4302      	orrs	r2, r0
20000b50:	f044 44a0 	orr.w	r4, r4, #1342177280	@ 0x50000000
20000b54:	e7e5      	b.n	20000b22 <hw_endpoint_start_next_buffer+0x2a>
20000b56:	bf00      	nop
20000b58:	50110000 	.word	0x50110000

20000b5c <hw_endpoint_xfer_continue>:
20000b5c:	b538      	push	{r3, r4, r5, lr}
20000b5e:	7e85      	ldrb	r5, [r0, #26]
20000b60:	4604      	mov	r4, r0
20000b62:	b195      	cbz	r5, 20000b8a <hw_endpoint_xfer_continue+0x2e>
20000b64:	f7ff ff60 	bl	20000a28 <_hw_endpoint_xfer_sync>
20000b68:	8aa3      	ldrh	r3, [r4, #20]
20000b6a:	b90b      	cbnz	r3, 20000b70 <hw_endpoint_xfer_continue+0x14>
20000b6c:	4628      	mov	r0, r5
20000b6e:	bd38      	pop	{r3, r4, r5, pc}
20000b70:	4620      	mov	r0, r4
20000b72:	f7ff ff83 	bl	20000a7c <e15_is_critical_frame_period>
20000b76:	b120      	cbz	r0, 20000b82 <hw_endpoint_xfer_continue+0x26>
20000b78:	2301      	movs	r3, #1
20000b7a:	7723      	strb	r3, [r4, #28]
20000b7c:	2500      	movs	r5, #0
20000b7e:	4628      	mov	r0, r5
20000b80:	bd38      	pop	{r3, r4, r5, pc}
20000b82:	4620      	mov	r0, r4
20000b84:	f7ff ffb8 	bl	20000af8 <hw_endpoint_start_next_buffer>
20000b88:	e7f8      	b.n	20000b7c <hw_endpoint_xfer_continue+0x20>
20000b8a:	7881      	ldrb	r1, [r0, #2]
20000b8c:	4801      	ldr	r0, [pc, #4]	@ (20000b94 <hw_endpoint_xfer_continue+0x38>)
20000b8e:	f000 fbcf 	bl	20001330 <__panic_veneer>
20000b92:	bf00      	nop
20000b94:	100077c8 	.word	0x100077c8

20000b98 <dcd_event_handler>:
20000b98:	b570      	push	{r4, r5, r6, lr}
20000b9a:	7843      	ldrb	r3, [r0, #1]
20000b9c:	4604      	mov	r4, r0
20000b9e:	3b02      	subs	r3, #2
20000ba0:	460e      	mov	r6, r1
20000ba2:	b086      	sub	sp, #24
20000ba4:	2b04      	cmp	r3, #4
20000ba6:	d813      	bhi.n	20000bd0 <dcd_event_handler+0x38>
20000ba8:	e8df f003 	tbb	[pc, r3]
20000bac:	70674903 	.word	0x70674903
20000bb0:	44          	.byte	0x44
20000bb1:	00          	.byte	0x00
20000bb2:	2100      	movs	r1, #0
20000bb4:	4b77      	ldr	r3, [pc, #476]	@ (20000d94 <dcd_event_handler+0x1fc>)
20000bb6:	781a      	ldrb	r2, [r3, #0]
20000bb8:	f022 0201 	bic.w	r2, r2, #1
20000bbc:	701a      	strb	r2, [r3, #0]
20000bbe:	781a      	ldrb	r2, [r3, #0]
20000bc0:	f022 0202 	bic.w	r2, r2, #2
20000bc4:	701a      	strb	r2, [r3, #0]
20000bc6:	7059      	strb	r1, [r3, #1]
20000bc8:	781a      	ldrb	r2, [r3, #0]
20000bca:	f361 0282 	bfi	r2, r1, #2, #1
20000bce:	701a      	strb	r2, [r3, #0]
20000bd0:	4b71      	ldr	r3, [pc, #452]	@ (20000d98 <dcd_event_handler+0x200>)
20000bd2:	681b      	ldr	r3, [r3, #0]
20000bd4:	695a      	ldr	r2, [r3, #20]
20000bd6:	f3ef 8010 	mrs	r0, PRIMASK
20000bda:	b672      	cpsid	i
20000bdc:	e8d2 cfcf 	ldaexb	ip, [r2]
20000be0:	2101      	movs	r1, #1
20000be2:	f1bc 0f00 	cmp.w	ip, #0
20000be6:	d1f9      	bne.n	20000bdc <dcd_event_handler+0x44>
20000be8:	e8c2 1f4c 	strexb	ip, r1, [r2]
20000bec:	f1bc 0f00 	cmp.w	ip, #0
20000bf0:	d1f4      	bne.n	20000bdc <dcd_event_handler+0x44>
20000bf2:	f3bf 8f5f 	dmb	sy
20000bf6:	4621      	mov	r1, r4
20000bf8:	6198      	str	r0, [r3, #24]
20000bfa:	4618      	mov	r0, r3
20000bfc:	9301      	str	r3, [sp, #4]
20000bfe:	f000 fb9b 	bl	20001338 <__tu_fifo_write_veneer>
20000c02:	9b01      	ldr	r3, [sp, #4]
20000c04:	2200      	movs	r2, #0
20000c06:	6959      	ldr	r1, [r3, #20]
20000c08:	e8c1 2f8f 	stlb	r2, [r1]
20000c0c:	699b      	ldr	r3, [r3, #24]
20000c0e:	f383 8810 	msr	PRIMASK, r3
20000c12:	b940      	cbnz	r0, 20000c26 <dcd_event_handler+0x8e>
20000c14:	f04f 23e0 	mov.w	r3, #3758153728	@ 0xe000e000
20000c18:	f8d3 3df0 	ldr.w	r3, [r3, #3568]	@ 0xdf0
20000c1c:	07db      	lsls	r3, r3, #31
20000c1e:	d507      	bpl.n	20000c30 <dcd_event_handler+0x98>
20000c20:	be00      	bkpt	0x0000
20000c22:	b006      	add	sp, #24
20000c24:	bd70      	pop	{r4, r5, r6, pc}
20000c26:	4632      	mov	r2, r6
20000c28:	7861      	ldrb	r1, [r4, #1]
20000c2a:	7820      	ldrb	r0, [r4, #0]
20000c2c:	f000 fb7c 	bl	20001328 <__tud_event_hook_cb_veneer>
20000c30:	b006      	add	sp, #24
20000c32:	bd70      	pop	{r4, r5, r6, pc}
20000c34:	4a59      	ldr	r2, [pc, #356]	@ (20000d9c <dcd_event_handler+0x204>)
20000c36:	7813      	ldrb	r3, [r2, #0]
20000c38:	3301      	adds	r3, #1
20000c3a:	7013      	strb	r3, [r2, #0]
20000c3c:	e7c8      	b.n	20000bd0 <dcd_event_handler+0x38>
20000c3e:	2200      	movs	r2, #0
20000c40:	4b57      	ldr	r3, [pc, #348]	@ (20000da0 <dcd_event_handler+0x208>)
20000c42:	7818      	ldrb	r0, [r3, #0]
20000c44:	4613      	mov	r3, r2
20000c46:	e011      	b.n	20000c6c <dcd_event_handler+0xd4>
20000c48:	4956      	ldr	r1, [pc, #344]	@ (20000da4 <dcd_event_handler+0x20c>)
20000c4a:	6809      	ldr	r1, [r1, #0]
20000c4c:	eb11 1343 	adds.w	r3, r1, r3, lsl #5
20000c50:	d008      	beq.n	20000c64 <dcd_event_handler+0xcc>
20000c52:	69db      	ldr	r3, [r3, #28]
20000c54:	b133      	cbz	r3, 20000c64 <dcd_event_handler+0xcc>
20000c56:	7820      	ldrb	r0, [r4, #0]
20000c58:	6861      	ldr	r1, [r4, #4]
20000c5a:	9201      	str	r2, [sp, #4]
20000c5c:	4798      	blx	r3
20000c5e:	4b50      	ldr	r3, [pc, #320]	@ (20000da0 <dcd_event_handler+0x208>)
20000c60:	9a01      	ldr	r2, [sp, #4]
20000c62:	7818      	ldrb	r0, [r3, #0]
20000c64:	3201      	adds	r2, #1
20000c66:	b2d3      	uxtb	r3, r2
20000c68:	4283      	cmp	r3, r0
20000c6a:	d818      	bhi.n	20000c9e <dcd_event_handler+0x106>
20000c6c:	4298      	cmp	r0, r3
20000c6e:	d8eb      	bhi.n	20000c48 <dcd_event_handler+0xb0>
20000c70:	494d      	ldr	r1, [pc, #308]	@ (20000da8 <dcd_event_handler+0x210>)
20000c72:	1a1b      	subs	r3, r3, r0
20000c74:	eb01 1343 	add.w	r3, r1, r3, lsl #5
20000c78:	e7eb      	b.n	20000c52 <dcd_event_handler+0xba>
20000c7a:	4b46      	ldr	r3, [pc, #280]	@ (20000d94 <dcd_event_handler+0x1fc>)
20000c7c:	781a      	ldrb	r2, [r3, #0]
20000c7e:	07d2      	lsls	r2, r2, #31
20000c80:	d5d6      	bpl.n	20000c30 <dcd_event_handler+0x98>
20000c82:	781a      	ldrb	r2, [r3, #0]
20000c84:	f042 0204 	orr.w	r2, r2, #4
20000c88:	701a      	strb	r2, [r3, #0]
20000c8a:	e7a1      	b.n	20000bd0 <dcd_event_handler+0x38>
20000c8c:	4b41      	ldr	r3, [pc, #260]	@ (20000d94 <dcd_event_handler+0x1fc>)
20000c8e:	781a      	ldrb	r2, [r3, #0]
20000c90:	07d5      	lsls	r5, r2, #31
20000c92:	d5cd      	bpl.n	20000c30 <dcd_event_handler+0x98>
20000c94:	781a      	ldrb	r2, [r3, #0]
20000c96:	f022 0204 	bic.w	r2, r2, #4
20000c9a:	701a      	strb	r2, [r3, #0]
20000c9c:	e798      	b.n	20000bd0 <dcd_event_handler+0x38>
20000c9e:	4b3d      	ldr	r3, [pc, #244]	@ (20000d94 <dcd_event_handler+0x1fc>)
20000ca0:	781a      	ldrb	r2, [r3, #0]
20000ca2:	0750      	lsls	r0, r2, #29
20000ca4:	d433      	bmi.n	20000d0e <dcd_event_handler+0x176>
20000ca6:	78db      	ldrb	r3, [r3, #3]
20000ca8:	07da      	lsls	r2, r3, #31
20000caa:	d5c1      	bpl.n	20000c30 <dcd_event_handler+0x98>
20000cac:	2203      	movs	r2, #3
20000cae:	4b3a      	ldr	r3, [pc, #232]	@ (20000d98 <dcd_event_handler+0x200>)
20000cb0:	7820      	ldrb	r0, [r4, #0]
20000cb2:	6861      	ldr	r1, [r4, #4]
20000cb4:	681b      	ldr	r3, [r3, #0]
20000cb6:	f88d 000c 	strb.w	r0, [sp, #12]
20000cba:	f88d 200d 	strb.w	r2, [sp, #13]
20000cbe:	695a      	ldr	r2, [r3, #20]
20000cc0:	9104      	str	r1, [sp, #16]
20000cc2:	f3ef 8110 	mrs	r1, PRIMASK
20000cc6:	b672      	cpsid	i
20000cc8:	e8d2 4fcf 	ldaexb	r4, [r2]
20000ccc:	2001      	movs	r0, #1
20000cce:	2c00      	cmp	r4, #0
20000cd0:	d1fa      	bne.n	20000cc8 <dcd_event_handler+0x130>
20000cd2:	e8c2 0f44 	strexb	r4, r0, [r2]
20000cd6:	2c00      	cmp	r4, #0
20000cd8:	d1f6      	bne.n	20000cc8 <dcd_event_handler+0x130>
20000cda:	f3bf 8f5f 	dmb	sy
20000cde:	6199      	str	r1, [r3, #24]
20000ce0:	4618      	mov	r0, r3
20000ce2:	a903      	add	r1, sp, #12
20000ce4:	9301      	str	r3, [sp, #4]
20000ce6:	f000 fb27 	bl	20001338 <__tu_fifo_write_veneer>
20000cea:	9b01      	ldr	r3, [sp, #4]
20000cec:	2200      	movs	r2, #0
20000cee:	6959      	ldr	r1, [r3, #20]
20000cf0:	e8c1 2f8f 	stlb	r2, [r1]
20000cf4:	699b      	ldr	r3, [r3, #24]
20000cf6:	f383 8810 	msr	PRIMASK, r3
20000cfa:	2800      	cmp	r0, #0
20000cfc:	d08a      	beq.n	20000c14 <dcd_event_handler+0x7c>
20000cfe:	4632      	mov	r2, r6
20000d00:	f89d 100d 	ldrb.w	r1, [sp, #13]
20000d04:	f89d 000c 	ldrb.w	r0, [sp, #12]
20000d08:	f000 fb0e 	bl	20001328 <__tud_event_hook_cb_veneer>
20000d0c:	e790      	b.n	20000c30 <dcd_event_handler+0x98>
20000d0e:	2500      	movs	r5, #0
20000d10:	2005      	movs	r0, #5
20000d12:	7819      	ldrb	r1, [r3, #0]
20000d14:	e9cd 5504 	strd	r5, r5, [sp, #16]
20000d18:	f021 0104 	bic.w	r1, r1, #4
20000d1c:	9503      	str	r5, [sp, #12]
20000d1e:	7019      	strb	r1, [r3, #0]
20000d20:	f88d 000d 	strb.w	r0, [sp, #13]
20000d24:	4a1c      	ldr	r2, [pc, #112]	@ (20000d98 <dcd_event_handler+0x200>)
20000d26:	7821      	ldrb	r1, [r4, #0]
20000d28:	6812      	ldr	r2, [r2, #0]
20000d2a:	f88d 100c 	strb.w	r1, [sp, #12]
20000d2e:	6951      	ldr	r1, [r2, #20]
20000d30:	f3ef 8010 	mrs	r0, PRIMASK
20000d34:	b672      	cpsid	i
20000d36:	e8d1 efcf 	ldaexb	lr, [r1]
20000d3a:	f05f 0c01 	movs.w	ip, #1
20000d3e:	f1be 0f00 	cmp.w	lr, #0
20000d42:	d1f8      	bne.n	20000d36 <dcd_event_handler+0x19e>
20000d44:	e8c1 cf4e 	strexb	lr, ip, [r1]
20000d48:	f1be 0f00 	cmp.w	lr, #0
20000d4c:	d1f3      	bne.n	20000d36 <dcd_event_handler+0x19e>
20000d4e:	f3bf 8f5f 	dmb	sy
20000d52:	6190      	str	r0, [r2, #24]
20000d54:	a903      	add	r1, sp, #12
20000d56:	4610      	mov	r0, r2
20000d58:	9201      	str	r2, [sp, #4]
20000d5a:	f000 faed 	bl	20001338 <__tu_fifo_write_veneer>
20000d5e:	9a01      	ldr	r2, [sp, #4]
20000d60:	6951      	ldr	r1, [r2, #20]
20000d62:	e8c1 5f8f 	stlb	r5, [r1]
20000d66:	6992      	ldr	r2, [r2, #24]
20000d68:	f382 8810 	msr	PRIMASK, r2
20000d6c:	4b09      	ldr	r3, [pc, #36]	@ (20000d94 <dcd_event_handler+0x1fc>)
20000d6e:	b938      	cbnz	r0, 20000d80 <dcd_event_handler+0x1e8>
20000d70:	f04f 22e0 	mov.w	r2, #3758153728	@ 0xe000e000
20000d74:	f8d2 2df0 	ldr.w	r2, [r2, #3568]	@ 0xdf0
20000d78:	07d1      	lsls	r1, r2, #31
20000d7a:	d594      	bpl.n	20000ca6 <dcd_event_handler+0x10e>
20000d7c:	be00      	bkpt	0x0000
20000d7e:	e792      	b.n	20000ca6 <dcd_event_handler+0x10e>
20000d80:	4632      	mov	r2, r6
20000d82:	f89d 100d 	ldrb.w	r1, [sp, #13]
20000d86:	f89d 000c 	ldrb.w	r0, [sp, #12]
20000d8a:	f000 facd 	bl	20001328 <__tud_event_hook_cb_veneer>
20000d8e:	4b01      	ldr	r3, [pc, #4]	@ (20000d94 <dcd_event_handler+0x1fc>)
20000d90:	e789      	b.n	20000ca6 <dcd_event_handler+0x10e>
20000d92:	bf00      	nop
20000d94:	20001760 	.word	0x20001760
20000d98:	200017b8 	.word	0x200017b8
20000d9c:	20001d4f 	.word	0x20001d4f
20000da0:	20001d4d 	.word	0x20001d4d
20000da4:	20001658 	.word	0x20001658
20000da8:	10007a14 	.word	0x10007a14

20000dac <spi_write_read_blocking>:
20000dac:	b530      	push	{r4, r5, lr}
20000dae:	460c      	mov	r4, r1
20000db0:	4619      	mov	r1, r3
20000db2:	469e      	mov	lr, r3
20000db4:	b1f1      	cbz	r1, 20000df4 <spi_write_read_blocking+0x48>
20000db6:	b1b3      	cbz	r3, 20000de6 <spi_write_read_blocking+0x3a>
20000db8:	f8d0 c00c 	ldr.w	ip, [r0, #12]
20000dbc:	f103 0508 	add.w	r5, r3, #8
20000dc0:	f01c 0f02 	tst.w	ip, #2
20000dc4:	d005      	beq.n	20000dd2 <spi_write_read_blocking+0x26>
20000dc6:	42a9      	cmp	r1, r5
20000dc8:	d22c      	bcs.n	20000e24 <spi_write_read_blocking+0x78>
20000dca:	f814 5b01 	ldrb.w	r5, [r4], #1
20000dce:	3b01      	subs	r3, #1
20000dd0:	6085      	str	r5, [r0, #8]
20000dd2:	68c5      	ldr	r5, [r0, #12]
20000dd4:	076d      	lsls	r5, r5, #29
20000dd6:	d5ee      	bpl.n	20000db6 <spi_write_read_blocking+0xa>
20000dd8:	6885      	ldr	r5, [r0, #8]
20000dda:	3901      	subs	r1, #1
20000ddc:	f802 5b01 	strb.w	r5, [r2], #1
20000de0:	2900      	cmp	r1, #0
20000de2:	d1e8      	bne.n	20000db6 <spi_write_read_blocking+0xa>
20000de4:	e006      	b.n	20000df4 <spi_write_read_blocking+0x48>
20000de6:	68c5      	ldr	r5, [r0, #12]
20000de8:	076d      	lsls	r5, r5, #29
20000dea:	d4f5      	bmi.n	20000dd8 <spi_write_read_blocking+0x2c>
20000dec:	68c5      	ldr	r5, [r0, #12]
20000dee:	076d      	lsls	r5, r5, #29
20000df0:	d4f2      	bmi.n	20000dd8 <spi_write_read_blocking+0x2c>
20000df2:	e7f8      	b.n	20000de6 <spi_write_read_blocking+0x3a>
20000df4:	b16b      	cbz	r3, 20000e12 <spi_write_read_blocking+0x66>
20000df6:	68c2      	ldr	r2, [r0, #12]
20000df8:	0791      	lsls	r1, r2, #30
20000dfa:	d5fc      	bpl.n	20000df6 <spi_write_read_blocking+0x4a>
20000dfc:	f113 0f08 	cmn.w	r3, #8
20000e00:	d009      	beq.n	20000e16 <spi_write_read_blocking+0x6a>
20000e02:	4621      	mov	r1, r4
20000e04:	f811 2b01 	ldrb.w	r2, [r1], #1
20000e08:	3b01      	subs	r3, #1
20000e0a:	460c      	mov	r4, r1
20000e0c:	6082      	str	r2, [r0, #8]
20000e0e:	2b00      	cmp	r3, #0
20000e10:	d1f1      	bne.n	20000df6 <spi_write_read_blocking+0x4a>
20000e12:	4670      	mov	r0, lr
20000e14:	bd30      	pop	{r4, r5, pc}
20000e16:	68c2      	ldr	r2, [r0, #12]
20000e18:	0792      	lsls	r2, r2, #30
20000e1a:	d5ec      	bpl.n	20000df6 <spi_write_read_blocking+0x4a>
20000e1c:	68c2      	ldr	r2, [r0, #12]
20000e1e:	0792      	lsls	r2, r2, #30
20000e20:	d4f9      	bmi.n	20000e16 <spi_write_read_blocking+0x6a>
20000e22:	e7e8      	b.n	20000df6 <spi_write_read_blocking+0x4a>
20000e24:	68c5      	ldr	r5, [r0, #12]
20000e26:	076d      	lsls	r5, r5, #29
20000e28:	d4d6      	bmi.n	20000dd8 <spi_write_read_blocking+0x2c>
20000e2a:	e7c5      	b.n	20000db8 <spi_write_read_blocking+0xc>

20000e2c <__aeabi_uldivmod>:
20000e2c:	b953      	cbnz	r3, 20000e44 <__aeabi_uldivmod+0x18>
20000e2e:	b94a      	cbnz	r2, 20000e44 <__aeabi_uldivmod+0x18>
20000e30:	2900      	cmp	r1, #0
20000e32:	bf08      	it	eq
20000e34:	2800      	cmpeq	r0, #0
20000e36:	bf1c      	itt	ne
20000e38:	f04f 31ff 	movne.w	r1, #4294967295	@ 0xffffffff
20000e3c:	f04f 30ff 	movne.w	r0, #4294967295	@ 0xffffffff
20000e40:	f000 b9ac 	b.w	2000119c <__aeabi_idiv0>
20000e44:	f1ad 0c08 	sub.w	ip, sp, #8
20000e48:	e96d ce04 	strd	ip, lr, [sp, #-16]!
20000e4c:	f000 f806 	bl	20000e5c <__udivmoddi4>
20000e50:	f8dd e004 	ldr.w	lr, [sp, #4]
20000e54:	e9dd 2302 	ldrd	r2, r3, [sp, #8]
20000e58:	b004      	add	sp, #16
20000e5a:	4770      	bx	lr

20000e5c <__udivmoddi4>:
20000e5c:	e92d 47f0 	stmdb	sp!, {r4, r5, r6, r7, r8, r9, sl, lr}
20000e60:	4606      	mov	r6, r0
20000e62:	b082      	sub	sp, #8
20000e64:	4617      	mov	r7, r2
20000e66:	4608      	mov	r0, r1
20000e68:	9a0a      	ldr	r2, [sp, #40]	@ 0x28
20000e6a:	46b4      	mov	ip, r6
20000e6c:	460d      	mov	r5, r1
20000e6e:	2b00      	cmp	r3, #0
20000e70:	d14d      	bne.n	20000f0e <__udivmoddi4+0xb2>
20000e72:	428f      	cmp	r7, r1
20000e74:	46be      	mov	lr, r7
20000e76:	d965      	bls.n	20000f44 <__udivmoddi4+0xe8>
20000e78:	fab7 f187 	clz	r1, r7
20000e7c:	b149      	cbz	r1, 20000e92 <__udivmoddi4+0x36>
20000e7e:	f1c1 0320 	rsb	r3, r1, #32
20000e82:	408d      	lsls	r5, r1
20000e84:	fa07 fe01 	lsl.w	lr, r7, r1
20000e88:	fa06 fc01 	lsl.w	ip, r6, r1
20000e8c:	fa26 f303 	lsr.w	r3, r6, r3
20000e90:	431d      	orrs	r5, r3
20000e92:	ea4f 461e 	mov.w	r6, lr, lsr #16
20000e96:	fa1f f08e 	uxth.w	r0, lr
20000e9a:	ea4f 431c 	mov.w	r3, ip, lsr #16
20000e9e:	fbb5 f4f6 	udiv	r4, r5, r6
20000ea2:	fb06 5514 	mls	r5, r6, r4, r5
20000ea6:	ea43 4305 	orr.w	r3, r3, r5, lsl #16
20000eaa:	fb04 f500 	mul.w	r5, r4, r0
20000eae:	429d      	cmp	r5, r3
20000eb0:	d906      	bls.n	20000ec0 <__udivmoddi4+0x64>
20000eb2:	eb1e 0303 	adds.w	r3, lr, r3
20000eb6:	d202      	bcs.n	20000ebe <__udivmoddi4+0x62>
20000eb8:	429d      	cmp	r5, r3
20000eba:	f200 814c 	bhi.w	20001156 <__udivmoddi4+0x2fa>
20000ebe:	3c01      	subs	r4, #1
20000ec0:	1b5b      	subs	r3, r3, r5
20000ec2:	fa1f fc8c 	uxth.w	ip, ip
20000ec6:	fbb3 f5f6 	udiv	r5, r3, r6
20000eca:	fb06 3315 	mls	r3, r6, r5, r3
20000ece:	fb05 f000 	mul.w	r0, r5, r0
20000ed2:	ea4c 4c03 	orr.w	ip, ip, r3, lsl #16
20000ed6:	4560      	cmp	r0, ip
20000ed8:	d90a      	bls.n	20000ef0 <__udivmoddi4+0x94>
20000eda:	eb1e 0c0c 	adds.w	ip, lr, ip
20000ede:	bf2c      	ite	cs
20000ee0:	2301      	movcs	r3, #1
20000ee2:	2300      	movcc	r3, #0
20000ee4:	4560      	cmp	r0, ip
20000ee6:	d902      	bls.n	20000eee <__udivmoddi4+0x92>
20000ee8:	2b00      	cmp	r3, #0
20000eea:	f000 8137 	beq.w	2000115c <__udivmoddi4+0x300>
20000eee:	3d01      	subs	r5, #1
20000ef0:	ebac 0c00 	sub.w	ip, ip, r0
20000ef4:	ea45 4004 	orr.w	r0, r5, r4, lsl #16
20000ef8:	2400      	movs	r4, #0
20000efa:	b122      	cbz	r2, 20000f06 <__udivmoddi4+0xaa>
20000efc:	fa2c f301 	lsr.w	r3, ip, r1
20000f00:	2100      	movs	r1, #0
20000f02:	e9c2 3100 	strd	r3, r1, [r2]
20000f06:	4621      	mov	r1, r4
20000f08:	b002      	add	sp, #8
20000f0a:	e8bd 87f0 	ldmia.w	sp!, {r4, r5, r6, r7, r8, r9, sl, pc}
20000f0e:	428b      	cmp	r3, r1
20000f10:	d908      	bls.n	20000f24 <__udivmoddi4+0xc8>
20000f12:	b10a      	cbz	r2, 20000f18 <__udivmoddi4+0xbc>
20000f14:	e9c2 6100 	strd	r6, r1, [r2]
20000f18:	2400      	movs	r4, #0
20000f1a:	4620      	mov	r0, r4
20000f1c:	4621      	mov	r1, r4
20000f1e:	b002      	add	sp, #8
20000f20:	e8bd 87f0 	ldmia.w	sp!, {r4, r5, r6, r7, r8, r9, sl, pc}
20000f24:	fab3 f483 	clz	r4, r3
20000f28:	2c00      	cmp	r4, #0
20000f2a:	d14d      	bne.n	20000fc8 <__udivmoddi4+0x16c>
20000f2c:	428b      	cmp	r3, r1
20000f2e:	f0c0 8105 	bcc.w	2000113c <__udivmoddi4+0x2e0>
20000f32:	42b7      	cmp	r7, r6
20000f34:	f240 8102 	bls.w	2000113c <__udivmoddi4+0x2e0>
20000f38:	4620      	mov	r0, r4
20000f3a:	2a00      	cmp	r2, #0
20000f3c:	d0e3      	beq.n	20000f06 <__udivmoddi4+0xaa>
20000f3e:	e9c2 c500 	strd	ip, r5, [r2]
20000f42:	e7e0      	b.n	20000f06 <__udivmoddi4+0xaa>
20000f44:	2f00      	cmp	r7, #0
20000f46:	f000 80a2 	beq.w	2000108e <__udivmoddi4+0x232>
20000f4a:	4619      	mov	r1, r3
20000f4c:	fab7 f387 	clz	r3, r7
20000f50:	2b00      	cmp	r3, #0
20000f52:	f040 80b4 	bne.w	200010be <__udivmoddi4+0x262>
20000f56:	1bc3      	subs	r3, r0, r7
20000f58:	fa1f f88e 	uxth.w	r8, lr
20000f5c:	0c3f      	lsrs	r7, r7, #16
20000f5e:	2401      	movs	r4, #1
20000f60:	ea4f 401c 	mov.w	r0, ip, lsr #16
20000f64:	fbb3 f5f7 	udiv	r5, r3, r7
20000f68:	fb07 3315 	mls	r3, r7, r5, r3
20000f6c:	ea40 4303 	orr.w	r3, r0, r3, lsl #16
20000f70:	fb08 f005 	mul.w	r0, r8, r5
20000f74:	4298      	cmp	r0, r3
20000f76:	d90a      	bls.n	20000f8e <__udivmoddi4+0x132>
20000f78:	eb1e 0303 	adds.w	r3, lr, r3
20000f7c:	bf2c      	ite	cs
20000f7e:	2601      	movcs	r6, #1
20000f80:	2600      	movcc	r6, #0
20000f82:	4298      	cmp	r0, r3
20000f84:	d902      	bls.n	20000f8c <__udivmoddi4+0x130>
20000f86:	2e00      	cmp	r6, #0
20000f88:	f000 80e2 	beq.w	20001150 <__udivmoddi4+0x2f4>
20000f8c:	3d01      	subs	r5, #1
20000f8e:	1a1b      	subs	r3, r3, r0
20000f90:	fa1f fc8c 	uxth.w	ip, ip
20000f94:	fbb3 f0f7 	udiv	r0, r3, r7
20000f98:	fb07 3310 	mls	r3, r7, r0, r3
20000f9c:	ea4c 4c03 	orr.w	ip, ip, r3, lsl #16
20000fa0:	fb08 f300 	mul.w	r3, r8, r0
20000fa4:	4563      	cmp	r3, ip
20000fa6:	d90a      	bls.n	20000fbe <__udivmoddi4+0x162>
20000fa8:	eb1e 0c0c 	adds.w	ip, lr, ip
20000fac:	bf2c      	ite	cs
20000fae:	2601      	movcs	r6, #1
20000fb0:	2600      	movcc	r6, #0
20000fb2:	4563      	cmp	r3, ip
20000fb4:	d902      	bls.n	20000fbc <__udivmoddi4+0x160>
20000fb6:	2e00      	cmp	r6, #0
20000fb8:	f000 80c7 	beq.w	2000114a <__udivmoddi4+0x2ee>
20000fbc:	3801      	subs	r0, #1
20000fbe:	ebac 0c03 	sub.w	ip, ip, r3
20000fc2:	ea40 4005 	orr.w	r0, r0, r5, lsl #16
20000fc6:	e798      	b.n	20000efa <__udivmoddi4+0x9e>
20000fc8:	f1c4 0820 	rsb	r8, r4, #32
20000fcc:	40a3      	lsls	r3, r4
20000fce:	fa06 fa04 	lsl.w	sl, r6, r4
20000fd2:	40a1      	lsls	r1, r4
20000fd4:	fa27 fc08 	lsr.w	ip, r7, r8
20000fd8:	fa20 f008 	lsr.w	r0, r0, r8
20000fdc:	fa07 f904 	lsl.w	r9, r7, r4
20000fe0:	ea4c 0c03 	orr.w	ip, ip, r3
20000fe4:	fa26 f308 	lsr.w	r3, r6, r8
20000fe8:	ea4f 461c 	mov.w	r6, ip, lsr #16
20000fec:	430b      	orrs	r3, r1
20000fee:	fa1f fe8c 	uxth.w	lr, ip
20000ff2:	0c19      	lsrs	r1, r3, #16
20000ff4:	fbb0 f7f6 	udiv	r7, r0, r6
20000ff8:	fb06 0017 	mls	r0, r6, r7, r0
20000ffc:	ea41 4100 	orr.w	r1, r1, r0, lsl #16
20001000:	fb07 f00e 	mul.w	r0, r7, lr
20001004:	4288      	cmp	r0, r1
20001006:	d90a      	bls.n	2000101e <__udivmoddi4+0x1c2>
20001008:	eb1c 0101 	adds.w	r1, ip, r1
2000100c:	bf2c      	ite	cs
2000100e:	2501      	movcs	r5, #1
20001010:	2500      	movcc	r5, #0
20001012:	4288      	cmp	r0, r1
20001014:	d902      	bls.n	2000101c <__udivmoddi4+0x1c0>
20001016:	2d00      	cmp	r5, #0
20001018:	f000 80b2 	beq.w	20001180 <__udivmoddi4+0x324>
2000101c:	3f01      	subs	r7, #1
2000101e:	1a09      	subs	r1, r1, r0
20001020:	b29b      	uxth	r3, r3
20001022:	fbb1 f0f6 	udiv	r0, r1, r6
20001026:	fb06 1110 	mls	r1, r6, r0, r1
2000102a:	fb00 fe0e 	mul.w	lr, r0, lr
2000102e:	ea43 4301 	orr.w	r3, r3, r1, lsl #16
20001032:	459e      	cmp	lr, r3
20001034:	d90a      	bls.n	2000104c <__udivmoddi4+0x1f0>
20001036:	eb1c 0303 	adds.w	r3, ip, r3
2000103a:	bf2c      	ite	cs
2000103c:	2101      	movcs	r1, #1
2000103e:	2100      	movcc	r1, #0
20001040:	459e      	cmp	lr, r3
20001042:	d902      	bls.n	2000104a <__udivmoddi4+0x1ee>
20001044:	2900      	cmp	r1, #0
20001046:	f000 809e 	beq.w	20001186 <__udivmoddi4+0x32a>
2000104a:	3801      	subs	r0, #1
2000104c:	ea40 4007 	orr.w	r0, r0, r7, lsl #16
20001050:	eba3 030e 	sub.w	r3, r3, lr
20001054:	fba0 e109 	umull	lr, r1, r0, r9
20001058:	428b      	cmp	r3, r1
2000105a:	4676      	mov	r6, lr
2000105c:	460f      	mov	r7, r1
2000105e:	d302      	bcc.n	20001066 <__udivmoddi4+0x20a>
20001060:	d107      	bne.n	20001072 <__udivmoddi4+0x216>
20001062:	45f2      	cmp	sl, lr
20001064:	d205      	bcs.n	20001072 <__udivmoddi4+0x216>
20001066:	ebbe 0609 	subs.w	r6, lr, r9
2000106a:	eb61 010c 	sbc.w	r1, r1, ip
2000106e:	3801      	subs	r0, #1
20001070:	460f      	mov	r7, r1
20001072:	b152      	cbz	r2, 2000108a <__udivmoddi4+0x22e>
20001074:	ebba 0106 	subs.w	r1, sl, r6
20001078:	eb63 0307 	sbc.w	r3, r3, r7
2000107c:	fa03 f508 	lsl.w	r5, r3, r8
20001080:	40e1      	lsrs	r1, r4
20001082:	40e3      	lsrs	r3, r4
20001084:	430d      	orrs	r5, r1
20001086:	e9c2 5300 	strd	r5, r3, [r2]
2000108a:	2400      	movs	r4, #0
2000108c:	e73b      	b.n	20000f06 <__udivmoddi4+0xaa>
2000108e:	0873      	lsrs	r3, r6, #1
20001090:	46b8      	mov	r8, r7
20001092:	0849      	lsrs	r1, r1, #1
20001094:	9701      	str	r7, [sp, #4]
20001096:	ea43 73c0 	orr.w	r3, r3, r0, lsl #31
2000109a:	ea4f 7cc6 	mov.w	ip, r6, lsl #31
2000109e:	0c1c      	lsrs	r4, r3, #16
200010a0:	b29b      	uxth	r3, r3
200010a2:	ea44 4401 	orr.w	r4, r4, r1, lsl #16
200010a6:	ea43 4304 	orr.w	r3, r3, r4, lsl #16
200010aa:	fbb4 f4f7 	udiv	r4, r4, r7
200010ae:	fbb1 f5f7 	udiv	r5, r1, r7
200010b2:	211f      	movs	r1, #31
200010b4:	9801      	ldr	r0, [sp, #4]
200010b6:	ea44 4405 	orr.w	r4, r4, r5, lsl #16
200010ba:	1a1b      	subs	r3, r3, r0
200010bc:	e750      	b.n	20000f60 <__udivmoddi4+0x104>
200010be:	4619      	mov	r1, r3
200010c0:	fa07 fe03 	lsl.w	lr, r7, r3
200010c4:	f1c3 0320 	rsb	r3, r3, #32
200010c8:	fa00 f401 	lsl.w	r4, r0, r1
200010cc:	ea4f 471e 	mov.w	r7, lr, lsr #16
200010d0:	40d8      	lsrs	r0, r3
200010d2:	fa26 f303 	lsr.w	r3, r6, r3
200010d6:	fa1f f88e 	uxth.w	r8, lr
200010da:	fa06 fc01 	lsl.w	ip, r6, r1
200010de:	4323      	orrs	r3, r4
200010e0:	fbb0 f5f7 	udiv	r5, r0, r7
200010e4:	0c1c      	lsrs	r4, r3, #16
200010e6:	fb07 0015 	mls	r0, r7, r5, r0
200010ea:	ea44 4000 	orr.w	r0, r4, r0, lsl #16
200010ee:	fb05 f408 	mul.w	r4, r5, r8
200010f2:	4284      	cmp	r4, r0
200010f4:	d94a      	bls.n	2000118c <__udivmoddi4+0x330>
200010f6:	eb1e 0000 	adds.w	r0, lr, r0
200010fa:	bf2c      	ite	cs
200010fc:	2601      	movcs	r6, #1
200010fe:	2600      	movcc	r6, #0
20001100:	4284      	cmp	r4, r0
20001102:	d900      	bls.n	20001106 <__udivmoddi4+0x2aa>
20001104:	b38e      	cbz	r6, 2000116a <__udivmoddi4+0x30e>
20001106:	1b00      	subs	r0, r0, r4
20001108:	3d01      	subs	r5, #1
2000110a:	fbb0 f4f7 	udiv	r4, r0, r7
2000110e:	fb04 f608 	mul.w	r6, r4, r8
20001112:	46a1      	mov	r9, r4
20001114:	9601      	str	r6, [sp, #4]
20001116:	fb07 0019 	mls	r0, r7, r9, r0
2000111a:	b29b      	uxth	r3, r3
2000111c:	9e01      	ldr	r6, [sp, #4]
2000111e:	ea43 4300 	orr.w	r3, r3, r0, lsl #16
20001122:	42b3      	cmp	r3, r6
20001124:	d2c6      	bcs.n	200010b4 <__udivmoddi4+0x258>
20001126:	eb1e 0303 	adds.w	r3, lr, r3
2000112a:	bf2c      	ite	cs
2000112c:	2001      	movcs	r0, #1
2000112e:	2000      	movcc	r0, #0
20001130:	42b3      	cmp	r3, r6
20001132:	d200      	bcs.n	20001136 <__udivmoddi4+0x2da>
20001134:	b1a8      	cbz	r0, 20001162 <__udivmoddi4+0x306>
20001136:	f109 34ff 	add.w	r4, r9, #4294967295	@ 0xffffffff
2000113a:	e7bb      	b.n	200010b4 <__udivmoddi4+0x258>
2000113c:	ebb6 0c07 	subs.w	ip, r6, r7
20001140:	eb60 0303 	sbc.w	r3, r0, r3
20001144:	2001      	movs	r0, #1
20001146:	461d      	mov	r5, r3
20001148:	e6f7      	b.n	20000f3a <__udivmoddi4+0xde>
2000114a:	44f4      	add	ip, lr
2000114c:	3802      	subs	r0, #2
2000114e:	e736      	b.n	20000fbe <__udivmoddi4+0x162>
20001150:	3d02      	subs	r5, #2
20001152:	4473      	add	r3, lr
20001154:	e71b      	b.n	20000f8e <__udivmoddi4+0x132>
20001156:	3c02      	subs	r4, #2
20001158:	4473      	add	r3, lr
2000115a:	e6b1      	b.n	20000ec0 <__udivmoddi4+0x64>
2000115c:	44f4      	add	ip, lr
2000115e:	3d02      	subs	r5, #2
20001160:	e6c6      	b.n	20000ef0 <__udivmoddi4+0x94>
20001162:	f1a9 0402 	sub.w	r4, r9, #2
20001166:	4473      	add	r3, lr
20001168:	e7a4      	b.n	200010b4 <__udivmoddi4+0x258>
2000116a:	ebae 0404 	sub.w	r4, lr, r4
2000116e:	3d02      	subs	r5, #2
20001170:	4420      	add	r0, r4
20001172:	fbb0 f4f7 	udiv	r4, r0, r7
20001176:	fb04 f608 	mul.w	r6, r4, r8
2000117a:	46a1      	mov	r9, r4
2000117c:	9601      	str	r6, [sp, #4]
2000117e:	e7ca      	b.n	20001116 <__udivmoddi4+0x2ba>
20001180:	3f02      	subs	r7, #2
20001182:	4461      	add	r1, ip
20001184:	e74b      	b.n	2000101e <__udivmoddi4+0x1c2>
20001186:	3802      	subs	r0, #2
20001188:	4463      	add	r3, ip
2000118a:	e75f      	b.n	2000104c <__udivmoddi4+0x1f0>
2000118c:	1b00      	subs	r0, r0, r4
2000118e:	fbb0 f4f7 	udiv	r4, r0, r7
20001192:	fb04 f608 	mul.w	r6, r4, r8
20001196:	46a1      	mov	r9, r4
20001198:	9601      	str	r6, [sp, #4]
2000119a:	e7bc      	b.n	20001116 <__udivmoddi4+0x2ba>

2000119c <__aeabi_idiv0>:
2000119c:	4770      	bx	lr
2000119e:	bf00      	nop

200011a0 <memset>:
200011a0:	b530      	push	{r4, r5, lr}
200011a2:	0784      	lsls	r4, r0, #30
200011a4:	4686      	mov	lr, r0
200011a6:	4603      	mov	r3, r0
200011a8:	d006      	beq.n	200011b8 <memset+0x18>
200011aa:	b3a2      	cbz	r2, 20001216 <memset+0x76>
200011ac:	f803 1b01 	strb.w	r1, [r3], #1
200011b0:	0798      	lsls	r0, r3, #30
200011b2:	f102 32ff 	add.w	r2, r2, #4294967295	@ 0xffffffff
200011b6:	d1f8      	bne.n	200011aa <memset+0xa>
200011b8:	2a03      	cmp	r2, #3
200011ba:	d926      	bls.n	2000120a <memset+0x6a>
200011bc:	fa5f fc81 	uxtb.w	ip, r1
200011c0:	2a0f      	cmp	r2, #15
200011c2:	eb0c 2c0c 	add.w	ip, ip, ip, lsl #8
200011c6:	eb0c 400c 	add.w	r0, ip, ip, lsl #16
200011ca:	d92a      	bls.n	20001222 <memset+0x82>
200011cc:	f022 0c0f 	bic.w	ip, r2, #15
200011d0:	449c      	add	ip, r3
200011d2:	e9c3 0000 	strd	r0, r0, [r3]
200011d6:	e9c3 0002 	strd	r0, r0, [r3, #8]
200011da:	3310      	adds	r3, #16
200011dc:	4563      	cmp	r3, ip
200011de:	d1f8      	bne.n	200011d2 <memset+0x32>
200011e0:	f012 0f0c 	tst.w	r2, #12
200011e4:	f002 050f 	and.w	r5, r2, #15
200011e8:	d017      	beq.n	2000121a <memset+0x7a>
200011ea:	ea4f 0c95 	mov.w	ip, r5, lsr #2
200011ee:	461a      	mov	r2, r3
200011f0:	f10c 34ff 	add.w	r4, ip, #4294967295	@ 0xffffffff
200011f4:	eb03 0c8c 	add.w	ip, r3, ip, lsl #2
200011f8:	f842 0b04 	str.w	r0, [r2], #4
200011fc:	4562      	cmp	r2, ip
200011fe:	d1fb      	bne.n	200011f8 <memset+0x58>
20001200:	3304      	adds	r3, #4
20001202:	f005 0203 	and.w	r2, r5, #3
20001206:	eb03 0384 	add.w	r3, r3, r4, lsl #2
2000120a:	b122      	cbz	r2, 20001216 <memset+0x76>
2000120c:	441a      	add	r2, r3
2000120e:	f803 1b01 	strb.w	r1, [r3], #1
20001212:	429a      	cmp	r2, r3
20001214:	d1fb      	bne.n	2000120e <memset+0x6e>
20001216:	4670      	mov	r0, lr
20001218:	bd30      	pop	{r4, r5, pc}
2000121a:	462a      	mov	r2, r5
2000121c:	2a00      	cmp	r2, #0
2000121e:	d1f5      	bne.n	2000120c <memset+0x6c>
20001220:	e7f9      	b.n	20001216 <memset+0x76>
20001222:	4615      	mov	r5, r2
20001224:	e7e1      	b.n	200011ea <memset+0x4a>
20001226:	bf00      	nop

20001228 <memcpy>:
20001228:	4684      	mov	ip, r0
2000122a:	ea41 0300 	orr.w	r3, r1, r0
2000122e:	f013 0303 	ands.w	r3, r3, #3
20001232:	d149      	bne.n	200012c8 <memcpy+0xa0>
20001234:	3a40      	subs	r2, #64	@ 0x40
20001236:	d323      	bcc.n	20001280 <memcpy+0x58>
20001238:	680b      	ldr	r3, [r1, #0]
2000123a:	6003      	str	r3, [r0, #0]
2000123c:	684b      	ldr	r3, [r1, #4]
2000123e:	6043      	str	r3, [r0, #4]
20001240:	688b      	ldr	r3, [r1, #8]
20001242:	6083      	str	r3, [r0, #8]
20001244:	68cb      	ldr	r3, [r1, #12]
20001246:	60c3      	str	r3, [r0, #12]
20001248:	690b      	ldr	r3, [r1, #16]
2000124a:	6103      	str	r3, [r0, #16]
2000124c:	694b      	ldr	r3, [r1, #20]
2000124e:	6143      	str	r3, [r0, #20]
20001250:	698b      	ldr	r3, [r1, #24]
20001252:	6183      	str	r3, [r0, #24]
20001254:	69cb      	ldr	r3, [r1, #28]
20001256:	61c3      	str	r3, [r0, #28]
20001258:	6a0b      	ldr	r3, [r1, #32]
2000125a:	6203      	str	r3, [r0, #32]
2000125c:	6a4b      	ldr	r3, [r1, #36]	@ 0x24
2000125e:	6243      	str	r3, [r0, #36]	@ 0x24
20001260:	6a8b      	ldr	r3, [r1, #40]	@ 0x28
20001262:	6283      	str	r3, [r0, #40]	@ 0x28
20001264:	6acb      	ldr	r3, [r1, #44]	@ 0x2c
20001266:	62c3      	str	r3, [r0, #44]	@ 0x2c
20001268:	6b0b      	ldr	r3, [r1, #48]	@ 0x30
2000126a:	6303      	str	r3, [r0, #48]	@ 0x30
2000126c:	6b4b      	ldr	r3, [r1, #52]	@ 0x34
2000126e:	6343      	str	r3, [r0, #52]	@ 0x34
20001270:	6b8b      	ldr	r3, [r1, #56]	@ 0x38
20001272:	6383      	str	r3, [r0, #56]	@ 0x38
20001274:	6bcb      	ldr	r3, [r1, #60]	@ 0x3c
20001276:	63c3      	str	r3, [r0, #60]	@ 0x3c
20001278:	3040      	adds	r0, #64	@ 0x40
2000127a:	3140      	adds	r1, #64	@ 0x40
2000127c:	3a40      	subs	r2, #64	@ 0x40
2000127e:	d2db      	bcs.n	20001238 <memcpy+0x10>
20001280:	3230      	adds	r2, #48	@ 0x30
20001282:	d30b      	bcc.n	2000129c <memcpy+0x74>
20001284:	680b      	ldr	r3, [r1, #0]
20001286:	6003      	str	r3, [r0, #0]
20001288:	684b      	ldr	r3, [r1, #4]
2000128a:	6043      	str	r3, [r0, #4]
2000128c:	688b      	ldr	r3, [r1, #8]
2000128e:	6083      	str	r3, [r0, #8]
20001290:	68cb      	ldr	r3, [r1, #12]
20001292:	60c3      	str	r3, [r0, #12]
20001294:	3010      	adds	r0, #16
20001296:	3110      	adds	r1, #16
20001298:	3a10      	subs	r2, #16
2000129a:	d2f3      	bcs.n	20001284 <memcpy+0x5c>
2000129c:	320c      	adds	r2, #12
2000129e:	d305      	bcc.n	200012ac <memcpy+0x84>
200012a0:	f851 3b04 	ldr.w	r3, [r1], #4
200012a4:	f840 3b04 	str.w	r3, [r0], #4
200012a8:	3a04      	subs	r2, #4
200012aa:	d2f9      	bcs.n	200012a0 <memcpy+0x78>
200012ac:	3204      	adds	r2, #4
200012ae:	d008      	beq.n	200012c2 <memcpy+0x9a>
200012b0:	07d2      	lsls	r2, r2, #31
200012b2:	bf1c      	itt	ne
200012b4:	f811 3b01 	ldrbne.w	r3, [r1], #1
200012b8:	f800 3b01 	strbne.w	r3, [r0], #1
200012bc:	d301      	bcc.n	200012c2 <memcpy+0x9a>
200012be:	880b      	ldrh	r3, [r1, #0]
200012c0:	8003      	strh	r3, [r0, #0]
200012c2:	4660      	mov	r0, ip
200012c4:	4770      	bx	lr
200012c6:	bf00      	nop
200012c8:	2a08      	cmp	r2, #8
200012ca:	d313      	bcc.n	200012f4 <memcpy+0xcc>
200012cc:	078b      	lsls	r3, r1, #30
200012ce:	d0b1      	beq.n	20001234 <memcpy+0xc>
200012d0:	f010 0303 	ands.w	r3, r0, #3
200012d4:	d0ae      	beq.n	20001234 <memcpy+0xc>
200012d6:	f1c3 0304 	rsb	r3, r3, #4
200012da:	1ad2      	subs	r2, r2, r3
200012dc:	07db      	lsls	r3, r3, #31
200012de:	bf1c      	itt	ne
200012e0:	f811 3b01 	ldrbne.w	r3, [r1], #1
200012e4:	f800 3b01 	strbne.w	r3, [r0], #1
200012e8:	d3a4      	bcc.n	20001234 <memcpy+0xc>
200012ea:	f831 3b02 	ldrh.w	r3, [r1], #2
200012ee:	f820 3b02 	strh.w	r3, [r0], #2
200012f2:	e79f      	b.n	20001234 <memcpy+0xc>
200012f4:	3a04      	subs	r2, #4
200012f6:	d3d9      	bcc.n	200012ac <memcpy+0x84>
200012f8:	3a01      	subs	r2, #1
200012fa:	f811 3b01 	ldrb.w	r3, [r1], #1
200012fe:	f800 3b01 	strb.w	r3, [r0], #1
20001302:	d2f9      	bcs.n	200012f8 <memcpy+0xd0>
20001304:	780b      	ldrb	r3, [r1, #0]
20001306:	7003      	strb	r3, [r0, #0]
20001308:	784b      	ldrb	r3, [r1, #1]
2000130a:	7043      	strb	r3, [r0, #1]
2000130c:	788b      	ldrb	r3, [r1, #2]
2000130e:	7083      	strb	r3, [r0, #2]
20001310:	4660      	mov	r0, ip
20001312:	4770      	bx	lr
20001314:	0000      	movs	r0, r0
	...

20001318 <__best_effort_wfe_or_timeout_veneer>:
20001318:	f85f f000 	ldr.w	pc, [pc]	@ 2000131c <__best_effort_wfe_or_timeout_veneer+0x4>
2000131c:	10001139 	.word	0x10001139

20001320 <__time_us_64_veneer>:
20001320:	f85f f000 	ldr.w	pc, [pc]	@ 20001324 <__time_us_64_veneer+0x4>
20001324:	10001299 	.word	0x10001299

20001328 <__tud_event_hook_cb_veneer>:
20001328:	f85f f000 	ldr.w	pc, [pc]	@ 2000132c <__tud_event_hook_cb_veneer+0x4>
2000132c:	10004095 	.word	0x10004095

20001330 <__panic_veneer>:
20001330:	f85f f000 	ldr.w	pc, [pc]	@ 20001334 <__panic_veneer+0x4>
20001334:	100003b5 	.word	0x100003b5

20001338 <__tu_fifo_write_veneer>:
20001338:	f85f f000 	ldr.w	pc, [pc]	@ 2000133c <__tu_fifo_write_veneer+0x4>
2000133c:	100056d5 	.word	0x100056d5

20001340 <striped_spin_lock_num>:
20001340:	00000010                                ....

20001344 <irq_handler_chain_slots>:
20001344:	00000000 	.word	0x00000000
20001348:	00010000 	.word	0x00010000
	...
20001354:	00020000 	.word	0x00020000
	...
20001360:	00030000 	.word	0x00030000
	...
2000136c:	00040000 	.word	0x00040000
	...
20001378:	00050000 	.word	0x00050000
	...
20001384:	00ff0000 	.word	0x00ff0000
20001388:	00000000 	.word	0x00000000

2000138c <irq_handler_chain_first_slot>:
2000138c:	b501      	push	{r0, lr}
2000138e:	6848      	ldr	r0, [r1, #4]
20001390:	3101      	adds	r1, #1
20001392:	468e      	mov	lr, r1
20001394:	4700      	bx	r0

20001396 <irq_handler_chain_remove_tail>:
20001396:	4670      	mov	r0, lr
20001398:	3809      	subs	r0, #9
2000139a:	4901      	ldr	r1, [pc, #4]	@ (200013a0 <irq_handler_chain_remove_tail+0xa>)
2000139c:	4788      	blx	r1
2000139e:	bd01      	pop	{r0, pc}
200013a0:	10000811 	.word	0x10000811
200013a4:	00000000 	.word	0x00000000

200013a8 <last_added.0>:
200013a8:	ffffffff 7fffffff                       ........

200013b0 <default_alarm_pool>:
	...
200013c4:	200014d0                                ... 

200013c8 <stdio_usb>:
200013c8:	10003731 100036dd 10003655 100035c5     17...6..U6...5..
200013d8:	00000000 00000100                       ........

200013e0 <_usbd_qdef>:
200013e0:	200017bc 000c0010 00000000 00000000     ... ............
	...

200013fc <_usbd_rhport>:
200013fc:	000000ff                                ....

20001400 <print_mutex>:
	...
